id_promocion,nombre_promocion,tipo_promocion,descuento_porcentaje,fecha_inicio,fecha_fin,aplica_a_planes,aplica_a_dispositivos
1,Promo 1,Temporada,14.35,2023-09-28,2025-04-10,Prepago,Smartphones
2,Promo 2,Fidelidad,25.0,2024-05-06,2025-04-10,Postpago,Tablets
3,Promo 3,Fidelidad,13.13,2024-02-20,2025-04-10,Todos,Todos
4,Promo 4,Fidelidad,6.38,2023-05-22,2025-04-10,Postpago,Smartphones
5,Promo 5,Fidelidad,34.74,2025-04-09,2025-04-10,Prepago,Smartphones
6,Promo 6,Fidelidad,36.72,2023-11-16,2025-04-10,Postpago,Todos
7,Promo 7,Temporada,6.89,2023-04-16,2025-04-10,Prepago,Todos
8,Promo 8,Fidelidad,42.25,2024-11-26,2025-04-10,Todos,Smartphones
9,Promo 9,Fidelidad,34.39,2025-02-18,2025-04-10,Todos,Tablets
10,Promo 10,Fidelidad,45.1,2023-06-07,2025-04-10,Postpago,Tablets
11,Promo 11,Fidelidad,8.55,2024-12-01,2025-04-10,Prepago,Smartphones
12,Promo 12,Fidelidad,12.7,2024-07-17,2025-04-10,Todos,Smartphones
13,Promo 13,Temporada,8.51,2024-03-06,2025-04-10,Todos,Smartphones
14,Promo 14,Temporada,17.65,2025-02-14,2025-04-10,Postpago,Smartphones
15,Promo 15,Fidelidad,22.77,2024-07-15,2025-04-10,Prepago,Smartphones
16,Promo 16,Temporada,16.46,2023-06-02,2025-04-10,Postpago,Tablets
17,Promo 17,Fidelidad,37.3,2024-01-31,2025-04-10,Postpago,Todos
18,Promo 18,Fidelidad,32.72,2024-05-24,2025-04-10,Todos,Todos
19,Promo 19,Temporada,19.38,2024-06-15,2025-04-10,Prepago,Todos
20,Promo 20,Temporada,18.88,2024-06-09,2025-04-10,Prepago,Tablets
21,Promo 21,Fidelidad,37.61,2023-05-15,2025-04-10,Todos,Tablets
22,Promo 22,Temporada,33.43,2025-01-01,2025-04-10,Prepago,Tablets
23,Promo 23,Fidelidad,39.12,2024-10-24,2025-04-10,Postpago,Smartphones
24,Promo 24,Fidelidad,21.83,2024-07-30,2025-04-10,Todos,Smartphones
25,Promo 25,Fidelidad,15.61,2023-06-02,2025-04-10,Postpago,Todos
26,Promo 26,Fidelidad,49.42,2024-12-14,2025-04-10,Todos,Todos
27,Promo 27,Temporada,5.87,2024-11-20,2025-04-10,Postpago,Todos
28,Promo 28,Fidelidad,39.46,2023-07-09,2025-04-10,Postpago,Tablets
29,Promo 29,Temporada,8.49,2023-09-07,2025-04-10,Todos,Tablets
30,Promo 30,Fidelidad,19.07,2023-05-30,2025-04-10,Todos,Smartphones
31,Promo 31,Temporada,33.73,2024-09-29,2025-04-10,Todos,Todos
32,Promo 32,Temporada,23.66,2024-02-26,2025-04-10,Postpago,Smartphones
33,Promo 33,Temporada,5.05,2024-10-20,2025-04-10,Postpago,Todos
34,Promo 34,Temporada,30.28,2024-07-27,2025-04-10,Todos,Smartphones
35,Promo 35,Fidelidad,25.27,2024-07-04,2025-04-10,Prepago,Tablets
36,Promo 36,Fidelidad,38.81,2024-11-04,2025-04-10,Todos,Smartphones
37,Promo 37,Temporada,47.36,2024-07-02,2025-04-10,Todos,Smartphones
38,Promo 38,Temporada,21.54,2024-11-21,2025-04-10,Postpago,Smartphones
39,Promo 39,Temporada,17.27,2025-01-10,2025-04-10,Todos,Todos
40,Promo 40,Temporada,27.17,2023-05-11,2025-04-10,Prepago,Tablets
41,Promo 41,Temporada,36.13,2025-02-26,2025-04-10,Postpago,Smartphones
42,Promo 42,Fidelidad,41.83,2024-02-18,2025-04-10,Prepago,Todos
43,Promo 43,Temporada,41.08,2023-12-14,2025-04-10,Prepago,Todos
44,Promo 44,Fidelidad,39.27,2024-07-09,2025-04-10,Prepago,Tablets
45,Promo 45,Fidelidad,20.75,2024-10-08,2025-04-10,Prepago,Smartphones
46,Promo 46,Fidelidad,27.76,2024-02-08,2025-04-10,Todos,Todos
47,Promo 47,Fidelidad,27.86,2024-09-02,2025-04-10,Prepago,Smartphones
48,Promo 48,Temporada,42.65,2023-04-14,2025-04-10,Postpago,Todos
49,Promo 49,Temporada,24.96,2024-04-26,2025-04-10,Prepago,Todos
50,Promo 50,Temporada,8.2,2024-05-31,2025-04-10,Todos,Smartphones
51,Promo 51,Temporada,36.35,2023-12-02,2025-04-10,Prepago,Tablets
52,Promo 52,Fidelidad,46.1,2024-01-25,2025-04-10,Prepago,Todos
53,Promo 53,Fidelidad,33.71,2024-04-11,2025-04-10,Todos,Todos
54,Promo 54,Fidelidad,20.84,2024-10-14,2025-04-10,Postpago,Todos
55,Promo 55,Fidelidad,42.98,2023-05-24,2025-04-10,Prepago,Todos
56,Promo 56,Fidelidad,38.24,2023-10-22,2025-04-10,Postpago,Tablets
57,Promo 57,Fidelidad,32.25,2025-02-15,2025-04-10,Postpago,Smartphones
58,Promo 58,Fidelidad,41.79,2024-12-15,2025-04-10,Prepago,Todos
59,Promo 59,Temporada,5.29,2023-04-13,2025-04-10,Postpago,Tablets
60,Promo 60,Temporada,8.01,2023-11-27,2025-04-10,Postpago,Smartphones
61,Promo 61,Temporada,27.96,2023-11-16,2025-04-10,Prepago,Tablets
62,Promo 62,Fidelidad,20.41,2023-10-20,2025-04-10,Prepago,Tablets
63,Promo 63,Temporada,15.4,2023-08-26,2025-04-10,Todos,Todos
64,Promo 64,Fidelidad,17.74,2024-09-03,2025-04-10,Postpago,Todos
65,Promo 65,Temporada,5.45,2023-11-28,2025-04-10,Postpago,Tablets
66,Promo 66,Fidelidad,11.15,2023-09-27,2025-04-10,Postpago,Tablets
67,Promo 67,Temporada,35.26,2024-06-18,2025-04-10,Todos,Todos
68,Promo 68,Fidelidad,26.59,2023-06-24,2025-04-10,Postpago,Tablets
69,Promo 69,Temporada,11.69,2024-09-25,2025-04-10,Postpago,Todos
70,Promo 70,Temporada,30.51,2025-02-24,2025-04-10,Todos,Tablets
71,Promo 71,Fidelidad,5.35,2023-09-05,2025-04-10,Postpago,Tablets
72,Promo 72,Temporada,46.91,2024-08-20,2025-04-10,Todos,Tablets
73,Promo 73,Fidelidad,13.71,2023-10-09,2025-04-10,Prepago,Todos
74,Promo 74,Temporada,34.03,2024-03-23,2025-04-10,Prepago,Tablets
75,Promo 75,Fidelidad,49.59,2025-02-16,2025-04-10,Postpago,Smartphones
76,Promo 76,Temporada,45.16,2024-02-27,2025-04-10,Todos,Tablets
77,Promo 77,Fidelidad,29.28,2025-01-10,2025-04-10,Postpago,Todos
78,Promo 78,Fidelidad,38.27,2023-07-10,2025-04-10,Todos,Smartphones
79,Promo 79,Temporada,7.35,2025-03-06,2025-04-10,Todos,Todos
80,Promo 80,Temporada,47.15,2023-04-16,2025-04-10,Prepago,Tablets
81,Promo 81,Fidelidad,37.24,2024-05-11,2025-04-10,Postpago,Smartphones
82,Promo 82,Temporada,7.95,2023-07-21,2025-04-10,Todos,Todos
83,Promo 83,Fidelidad,40.14,2023-08-21,2025-04-10,Prepago,Smartphones
84,Promo 84,Temporada,42.04,2023-06-25,2025-04-10,Todos,Tablets
85,Promo 85,Temporada,48.51,2024-12-27,2025-04-10,Postpago,Smartphones
86,Promo 86,Fidelidad,35.99,2024-12-13,2025-04-10,Todos,Tablets
87,Promo 87,Temporada,25.24,2023-09-01,2025-04-10,Postpago,Tablets
88,Promo 88,Temporada,32.24,2024-02-06,2025-04-10,Prepago,Todos
89,Promo 89,Fidelidad,20.49,2024-06-10,2025-04-10,Prepago,Todos
90,Promo 90,Temporada,35.15,2025-01-12,2025-04-10,Prepago,Todos
91,Promo 91,Temporada,15.32,2024-06-10,2025-04-10,Postpago,Tablets
92,Promo 92,Temporada,25.02,2024-09-07,2025-04-10,Postpago,Tablets
93,Promo 93,Fidelidad,35.28,2023-09-10,2025-04-10,Todos,Smartphones
94,Promo 94,Fidelidad,43.04,2024-03-17,2025-04-10,Prepago,Tablets
95,Promo 95,Fidelidad,15.44,2025-03-26,2025-04-10,Postpago,Smartphones
96,Promo 96,Fidelidad,6.86,2024-12-24,2025-04-10,Prepago,Todos
97,Promo 97,Fidelidad,17.3,2024-04-16,2025-04-10,Prepago,Tablets
98,Promo 98,Temporada,48.51,2023-09-10,2025-04-10,Todos,Tablets
99,Promo 99,Fidelidad,12.29,2023-10-08,2025-04-10,Postpago,Tablets
100,Promo 100,Fidelidad,6.87,2023-06-01,2025-04-10,Prepago,Smartphones
101,Promo 101,Temporada,46.92,2023-12-02,2025-04-10,Todos,Smartphones
102,Promo 102,Temporada,7.94,2023-07-24,2025-04-10,Postpago,Smartphones
103,Promo 103,Fidelidad,23.33,2024-11-27,2025-04-10,Postpago,Smartphones
104,Promo 104,Temporada,43.92,2024-11-25,2025-04-10,Postpago,Smartphones
105,Promo 105,Fidelidad,15.36,2024-07-31,2025-04-10,Prepago,Smartphones
106,Promo 106,Temporada,7.62,2024-12-07,2025-04-10,Postpago,Tablets
107,Promo 107,Fidelidad,6.22,2023-05-24,2025-04-10,Prepago,Todos
108,Promo 108,Fidelidad,47.85,2024-03-05,2025-04-10,Prepago,Smartphones
109,Promo 109,Temporada,5.72,2023-11-10,2025-04-10,Todos,Tablets
110,Promo 110,Temporada,18.17,2025-02-08,2025-04-10,Postpago,Todos
111,Promo 111,Fidelidad,23.3,2023-11-23,2025-04-10,Prepago,Todos
112,Promo 112,Fidelidad,29.03,2024-05-24,2025-04-10,Todos,Todos
113,Promo 113,Temporada,21.71,2024-06-19,2025-04-10,Prepago,Tablets
114,Promo 114,Fidelidad,18.41,2025-01-20,2025-04-10,Todos,Tablets
115,Promo 115,Temporada,24.56,2023-11-06,2025-04-10,Prepago,Tablets
116,Promo 116,Temporada,39.51,2024-06-10,2025-04-10,Postpago,Smartphones
117,Promo 117,Fidelidad,28.17,2024-08-02,2025-04-10,Todos,Todos
118,Promo 118,Temporada,19.49,2025-02-19,2025-04-10,Prepago,Todos
119,Promo 119,Fidelidad,26.12,2024-09-18,2025-04-10,Todos,Tablets
120,Promo 120,Fidelidad,38.2,2025-03-29,2025-04-10,Postpago,Todos
121,Promo 121,Temporada,24.41,2024-04-11,2025-04-10,Prepago,Smartphones
122,Promo 122,Temporada,13.49,2024-02-13,2025-04-10,Postpago,Todos
123,Promo 123,Fidelidad,8.1,2024-10-13,2025-04-10,Todos,Todos
124,Promo 124,Temporada,9.32,2023-10-25,2025-04-10,Prepago,Smartphones
125,Promo 125,Temporada,26.55,2024-06-11,2025-04-10,Postpago,Tablets
126,Promo 126,Fidelidad,25.55,2023-12-28,2025-04-10,Prepago,Todos
127,Promo 127,Temporada,36.91,2024-01-29,2025-04-10,Todos,Smartphones
128,Promo 128,Temporada,44.1,2024-09-08,2025-04-10,Prepago,Smartphones
129,Promo 129,Temporada,22.0,2025-02-17,2025-04-10,Postpago,Todos
130,Promo 130,Fidelidad,29.92,2024-10-23,2025-04-10,Todos,Todos
131,Promo 131,Temporada,20.09,2024-10-18,2025-04-10,Prepago,Todos
132,Promo 132,Fidelidad,18.06,2023-06-09,2025-04-10,Todos,Tablets
133,Promo 133,Temporada,23.55,2024-11-09,2025-04-10,Postpago,Todos
134,Promo 134,Fidelidad,38.6,2024-07-13,2025-04-10,Prepago,Tablets
135,Promo 135,Fidelidad,9.43,2025-01-17,2025-04-10,Todos,Todos
136,Promo 136,Temporada,48.28,2023-06-25,2025-04-10,Prepago,Smartphones
137,Promo 137,Fidelidad,6.37,2025-01-24,2025-04-10,Postpago,Smartphones
138,Promo 138,Temporada,19.15,2025-02-17,2025-04-10,Postpago,Smartphones
139,Promo 139,Fidelidad,32.77,2024-04-12,2025-04-10,Prepago,Smartphones
140,Promo 140,Temporada,6.02,2023-06-02,2025-04-10,Postpago,Todos
141,Promo 141,Fidelidad,14.47,2023-07-19,2025-04-10,Postpago,Tablets
142,Promo 142,Temporada,12.76,2023-12-27,2025-04-10,Todos,Todos
143,Promo 143,Fidelidad,38.73,2024-01-21,2025-04-10,Postpago,Todos
144,Promo 144,Temporada,41.99,2023-06-03,2025-04-10,Todos,Smartphones
145,Promo 145,Temporada,26.96,2024-02-26,2025-04-10,Prepago,Tablets
146,Promo 146,Temporada,34.76,2024-10-05,2025-04-10,Prepago,Tablets
147,Promo 147,Fidelidad,7.09,2023-11-12,2025-04-10,Todos,Tablets
148,Promo 148,Fidelidad,13.36,2024-10-24,2025-04-10,Postpago,Smartphones
149,Promo 149,Fidelidad,14.39,2024-02-14,2025-04-10,Postpago,Todos
150,Promo 150,Fidelidad,22.45,2023-08-28,2025-04-10,Todos,Todos
151,Promo 151,Temporada,5.14,2023-12-06,2025-04-10,Prepago,Todos
152,Promo 152,Temporada,27.03,2025-03-09,2025-04-10,Postpago,Smartphones
153,Promo 153,Temporada,28.02,2024-05-12,2025-04-10,Postpago,Tablets
154,Promo 154,Temporada,21.04,2023-12-03,2025-04-10,Postpago,Tablets
155,Promo 155,Temporada,22.92,2024-07-08,2025-04-10,Todos,Tablets
156,Promo 156,Fidelidad,23.52,2025-01-20,2025-04-10,Postpago,Tablets
157,Promo 157,Fidelidad,21.11,2023-05-25,2025-04-10,Prepago,Smartphones
158,Promo 158,Fidelidad,5.98,2024-05-20,2025-04-10,Prepago,Tablets
159,Promo 159,Fidelidad,10.49,2023-12-04,2025-04-10,Postpago,Todos
160,Promo 160,Temporada,45.49,2024-05-19,2025-04-10,Prepago,Todos
161,Promo 161,Fidelidad,20.44,2023-08-06,2025-04-10,Postpago,Tablets
162,Promo 162,Temporada,8.1,2024-04-14,2025-04-10,Postpago,Tablets
163,Promo 163,Temporada,29.06,2023-09-07,2025-04-10,Postpago,Tablets
164,Promo 164,Temporada,6.8,2025-01-19,2025-04-10,Prepago,Todos
165,Promo 165,Fidelidad,12.22,2024-03-13,2025-04-10,Todos,Smartphones
166,Promo 166,Temporada,37.73,2024-08-14,2025-04-10,Todos,Todos
167,Promo 167,Temporada,27.58,2024-09-10,2025-04-10,Postpago,Tablets
168,Promo 168,Temporada,25.02,2023-05-13,2025-04-10,Prepago,Smartphones
169,Promo 169,Fidelidad,29.18,2025-03-15,2025-04-10,Postpago,Tablets
170,Promo 170,Fidelidad,37.6,2024-10-09,2025-04-10,Postpago,Tablets
171,Promo 171,Fidelidad,27.89,2024-09-27,2025-04-10,Postpago,Tablets
172,Promo 172,Temporada,33.79,2023-09-20,2025-04-10,Todos,Tablets
173,Promo 173,Temporada,28.76,2023-11-21,2025-04-10,Prepago,Tablets
174,Promo 174,Fidelidad,7.09,2024-07-07,2025-04-10,Prepago,Smartphones
175,Promo 175,Temporada,28.02,2025-01-25,2025-04-10,Prepago,Todos
176,Promo 176,Fidelidad,16.15,2023-11-11,2025-04-10,Prepago,Todos
177,Promo 177,Fidelidad,38.02,2025-04-01,2025-04-10,Postpago,Smartphones
178,Promo 178,Temporada,5.57,2023-06-05,2025-04-10,Postpago,Smartphones
179,Promo 179,Temporada,47.65,2025-03-26,2025-04-10,Prepago,Todos
180,Promo 180,Temporada,14.17,2024-10-29,2025-04-10,Todos,Todos
181,Promo 181,Fidelidad,22.77,2024-08-19,2025-04-10,Prepago,Todos
182,Promo 182,Fidelidad,32.98,2024-12-12,2025-04-10,Todos,Tablets
183,Promo 183,Temporada,21.12,2024-07-01,2025-04-10,Prepago,Tablets
184,Promo 184,Temporada,33.92,2024-03-27,2025-04-10,Postpago,Smartphones
185,Promo 185,Temporada,19.5,2024-11-11,2025-04-10,Todos,Todos
186,Promo 186,Temporada,19.65,2023-08-14,2025-04-10,Todos,Todos
187,Promo 187,Fidelidad,23.09,2024-10-01,2025-04-10,Postpago,Tablets
188,Promo 188,Fidelidad,25.85,2024-07-24,2025-04-10,Postpago,Tablets
189,Promo 189,Temporada,25.96,2023-11-11,2025-04-10,Prepago,Smartphones
190,Promo 190,Fidelidad,40.37,2023-06-15,2025-04-10,Todos,Smartphones
191,Promo 191,Fidelidad,18.26,2023-12-17,2025-04-10,Prepago,Todos
192,Promo 192,Fidelidad,42.81,2023-05-25,2025-04-10,Postpago,Smartphones
193,Promo 193,Temporada,22.58,2023-08-17,2025-04-10,Postpago,Todos
194,Promo 194,Fidelidad,6.65,2023-08-25,2025-04-10,Postpago,Tablets
195,Promo 195,Fidelidad,41.18,2024-03-08,2025-04-10,Postpago,Todos
196,Promo 196,Temporada,11.86,2024-01-02,2025-04-10,Todos,Todos
197,Promo 197,Fidelidad,15.04,2025-04-01,2025-04-10,Todos,Smartphones
198,Promo 198,Temporada,8.77,2023-12-26,2025-04-10,Todos,Smartphones
199,Promo 199,Fidelidad,46.04,2023-04-19,2025-04-10,Prepago,Todos
200,Promo 200,Temporada,40.97,2023-06-10,2025-04-10,Todos,Smartphones
201,Promo 201,Temporada,16.45,2023-08-03,2025-04-10,Todos,Smartphones
202,Promo 202,Temporada,40.02,2024-08-28,2025-04-10,Todos,Smartphones
203,Promo 203,Temporada,10.62,2024-09-11,2025-04-10,Prepago,Todos
204,Promo 204,Temporada,28.63,2024-01-21,2025-04-10,Postpago,Smartphones
205,Promo 205,Temporada,19.14,2024-10-17,2025-04-10,Todos,Todos
206,Promo 206,Fidelidad,10.89,2024-01-09,2025-04-10,Prepago,Todos
207,Promo 207,Fidelidad,30.72,2025-02-24,2025-04-10,Prepago,Smartphones
208,Promo 208,Fidelidad,48.56,2024-03-07,2025-04-10,Postpago,Todos
209,Promo 209,Temporada,19.87,2023-04-30,2025-04-10,Todos,Todos
210,Promo 210,Fidelidad,37.95,2024-01-18,2025-04-10,Postpago,Tablets
211,Promo 211,Temporada,29.2,2024-10-05,2025-04-10,Todos,Todos
212,Promo 212,Temporada,16.88,2023-05-29,2025-04-10,Todos,Tablets
213,Promo 213,Temporada,40.82,2025-01-19,2025-04-10,Prepago,Tablets
214,Promo 214,Fidelidad,36.6,2024-06-27,2025-04-10,Prepago,Todos
215,Promo 215,Fidelidad,30.59,2024-07-08,2025-04-10,Postpago,Todos
216,Promo 216,Temporada,41.93,2024-01-08,2025-04-10,Todos,Todos
217,Promo 217,Temporada,12.51,2024-08-29,2025-04-10,Prepago,Tablets
218,Promo 218,Fidelidad,42.24,2024-07-15,2025-04-10,Postpago,Smartphones
219,Promo 219,Temporada,14.91,2024-01-01,2025-04-10,Postpago,Tablets
220,Promo 220,Temporada,14.51,2023-08-02,2025-04-10,Postpago,Todos
221,Promo 221,Fidelidad,43.76,2024-04-02,2025-04-10,Todos,Todos
222,Promo 222,Fidelidad,13.22,2023-07-03,2025-04-10,Postpago,Todos
223,Promo 223,Fidelidad,6.71,2024-11-29,2025-04-10,Prepago,Todos
224,Promo 224,Fidelidad,38.27,2024-11-05,2025-04-10,Todos,Smartphones
225,Promo 225,Temporada,21.51,2024-12-28,2025-04-10,Prepago,Smartphones
226,Promo 226,Fidelidad,45.84,2024-10-07,2025-04-10,Prepago,Tablets
227,Promo 227,Temporada,16.36,2025-03-26,2025-04-10,Todos,Smartphones
228,Promo 228,Fidelidad,12.86,2024-11-10,2025-04-10,Postpago,Smartphones
229,Promo 229,Fidelidad,18.04,2024-09-22,2025-04-10,Todos,Todos
230,Promo 230,Temporada,6.35,2024-08-06,2025-04-10,Prepago,Tablets
231,Promo 231,Fidelidad,12.46,2024-06-14,2025-04-10,Prepago,Todos
232,Promo 232,Temporada,49.03,2025-01-20,2025-04-10,Todos,Todos
233,Promo 233,Fidelidad,28.77,2024-03-23,2025-04-10,Todos,Smartphones
234,Promo 234,Temporada,12.87,2023-07-22,2025-04-10,Postpago,Smartphones
235,Promo 235,Fidelidad,18.83,2025-01-27,2025-04-10,Postpago,Tablets
236,Promo 236,Fidelidad,31.76,2024-10-30,2025-04-10,Todos,Todos
237,Promo 237,Temporada,46.37,2024-03-22,2025-04-10,Postpago,Todos
238,Promo 238,Temporada,38.16,2024-01-30,2025-04-10,Todos,Smartphones
239,Promo 239,Fidelidad,35.87,2024-04-19,2025-04-10,Postpago,Smartphones
240,Promo 240,Fidelidad,25.21,2024-06-17,2025-04-10,Prepago,Todos
241,Promo 241,Fidelidad,6.44,2023-12-06,2025-04-10,Prepago,Todos
242,Promo 242,Fidelidad,26.05,2025-02-06,2025-04-10,Postpago,Smartphones
243,Promo 243,Temporada,24.24,2024-10-31,2025-04-10,Prepago,Smartphones
244,Promo 244,Temporada,30.97,2024-11-11,2025-04-10,Prepago,Tablets
245,Promo 245,Fidelidad,41.56,2024-09-14,2025-04-10,Postpago,Todos
246,Promo 246,Temporada,24.47,2024-08-30,2025-04-10,Postpago,Smartphones
247,Promo 247,Temporada,39.28,2024-04-22,2025-04-10,Postpago,Todos
248,Promo 248,Fidelidad,20.53,2023-09-22,2025-04-10,Postpago,Smartphones
249,Promo 249,Fidelidad,6.8,2024-03-04,2025-04-10,Postpago,Smartphones
250,Promo 250,Temporada,29.86,2023-12-12,2025-04-10,Todos,Todos
251,Promo 251,Fidelidad,47.43,2023-04-29,2025-04-10,Postpago,Todos
252,Promo 252,Temporada,18.38,2024-04-23,2025-04-10,Todos,Tablets
253,Promo 253,Temporada,10.29,2025-01-24,2025-04-10,Postpago,Tablets
254,Promo 254,Temporada,12.44,2024-02-22,2025-04-10,Prepago,Todos
255,Promo 255,Temporada,22.23,2023-08-03,2025-04-10,Postpago,Tablets
256,Promo 256,Temporada,33.47,2024-07-25,2025-04-10,Postpago,Tablets
257,Promo 257,Temporada,39.91,2023-11-25,2025-04-10,Todos,Todos
258,Promo 258,Fidelidad,48.14,2025-01-16,2025-04-10,Todos,Todos
259,Promo 259,Temporada,10.63,2025-02-10,2025-04-10,Postpago,Smartphones
260,Promo 260,Fidelidad,12.44,2024-12-10,2025-04-10,Postpago,Smartphones
261,Promo 261,Fidelidad,16.11,2023-12-11,2025-04-10,Postpago,Smartphones
262,Promo 262,Temporada,17.03,2023-09-23,2025-04-10,Postpago,Smartphones
263,Promo 263,Fidelidad,29.19,2023-07-05,2025-04-10,Todos,Smartphones
264,Promo 264,Fidelidad,40.43,2023-09-10,2025-04-10,Prepago,Smartphones
265,Promo 265,Fidelidad,10.54,2023-07-18,2025-04-10,Prepago,Tablets
266,Promo 266,Fidelidad,25.19,2024-10-30,2025-04-10,Postpago,Smartphones
267,Promo 267,Fidelidad,24.62,2024-07-10,2025-04-10,Todos,Smartphones
268,Promo 268,Temporada,18.96,2024-02-25,2025-04-10,Postpago,Smartphones
269,Promo 269,Temporada,19.06,2023-05-11,2025-04-10,Postpago,Smartphones
270,Promo 270,Temporada,23.31,2024-08-10,2025-04-10,Postpago,Smartphones
271,Promo 271,Temporada,35.38,2024-11-25,2025-04-10,Prepago,Smartphones
272,Promo 272,Fidelidad,41.41,2024-10-31,2025-04-10,Prepago,Smartphones
273,Promo 273,Temporada,18.72,2024-04-27,2025-04-10,Prepago,Tablets
274,Promo 274,Fidelidad,9.25,2024-09-17,2025-04-10,Prepago,Tablets
275,Promo 275,Fidelidad,18.06,2023-12-30,2025-04-10,Todos,Todos
276,Promo 276,Temporada,14.38,2024-11-02,2025-04-10,Prepago,Smartphones
277,Promo 277,Fidelidad,18.68,2023-11-06,2025-04-10,Prepago,Smartphones
278,Promo 278,Fidelidad,42.79,2023-12-23,2025-04-10,Todos,Tablets
279,Promo 279,Temporada,25.12,2025-01-17,2025-04-10,Todos,Todos
280,Promo 280,Fidelidad,6.97,2024-08-11,2025-04-10,Prepago,Tablets
281,Promo 281,Fidelidad,35.87,2024-04-20,2025-04-10,Todos,Todos
282,Promo 282,Temporada,16.17,2023-07-02,2025-04-10,Postpago,Tablets
283,Promo 283,Temporada,40.02,2023-04-12,2025-04-10,Postpago,Tablets
284,Promo 284,Temporada,13.02,2024-11-29,2025-04-10,Todos,Todos
285,Promo 285,Temporada,26.0,2023-05-04,2025-04-10,Todos,Smartphones
286,Promo 286,Temporada,34.88,2024-01-24,2025-04-10,Todos,Smartphones
287,Promo 287,Temporada,22.29,2024-08-24,2025-04-10,Prepago,Tablets
288,Promo 288,Fidelidad,25.24,2023-11-13,2025-04-10,Postpago,Smartphones
289,Promo 289,Temporada,7.08,2024-03-03,2025-04-10,Prepago,Smartphones
290,Promo 290,Temporada,48.39,2024-09-24,2025-04-10,Prepago,Smartphones
291,Promo 291,Temporada,33.44,2024-07-03,2025-04-10,Postpago,Smartphones
292,Promo 292,Temporada,32.85,2023-10-08,2025-04-10,Prepago,Tablets
293,Promo 293,Fidelidad,12.12,2024-02-06,2025-04-10,Prepago,Todos
294,Promo 294,Fidelidad,46.25,2023-09-29,2025-04-10,Postpago,Todos
295,Promo 295,Temporada,11.78,2024-07-02,2025-04-10,Todos,Smartphones
296,Promo 296,Fidelidad,27.94,2024-10-07,2025-04-10,Todos,Todos
297,Promo 297,Temporada,40.53,2023-06-02,2025-04-10,Postpago,Smartphones
298,Promo 298,Temporada,15.13,2024-07-10,2025-04-10,Postpago,Todos
299,Promo 299,Temporada,30.96,2023-06-26,2025-04-10,Prepago,Todos
300,Promo 300,Fidelidad,24.73,2024-08-28,2025-04-10,Todos,Smartphones
301,Promo 301,Temporada,11.8,2023-11-08,2025-04-10,Prepago,Smartphones
302,Promo 302,Fidelidad,23.16,2025-02-26,2025-04-10,Postpago,Smartphones
303,Promo 303,Fidelidad,36.86,2024-07-10,2025-04-10,Todos,Todos
304,Promo 304,Fidelidad,24.11,2023-04-24,2025-04-10,Todos,Todos
305,Promo 305,Temporada,16.6,2025-01-16,2025-04-10,Todos,Tablets
306,Promo 306,Fidelidad,8.94,2024-02-12,2025-04-10,Todos,Todos
307,Promo 307,Fidelidad,31.76,2025-01-04,2025-04-10,Todos,Smartphones
308,Promo 308,Temporada,11.38,2023-11-24,2025-04-10,Prepago,Tablets
309,Promo 309,Fidelidad,23.59,2024-10-13,2025-04-10,Postpago,Tablets
310,Promo 310,Fidelidad,22.81,2025-01-21,2025-04-10,Postpago,Todos
311,Promo 311,Temporada,23.96,2024-01-27,2025-04-10,Todos,Smartphones
312,Promo 312,Temporada,36.6,2024-02-20,2025-04-10,Todos,Tablets
313,Promo 313,Fidelidad,13.42,2023-08-31,2025-04-10,Todos,Todos
314,Promo 314,Fidelidad,23.13,2024-01-16,2025-04-10,Prepago,Smartphones
315,Promo 315,Fidelidad,31.33,2024-01-28,2025-04-10,Todos,Tablets
316,Promo 316,Fidelidad,24.63,2024-07-22,2025-04-10,Todos,Tablets
317,Promo 317,Fidelidad,42.17,2025-04-01,2025-04-10,Postpago,Todos
318,Promo 318,Fidelidad,38.63,2024-07-06,2025-04-10,Postpago,Smartphones
319,Promo 319,Fidelidad,26.76,2024-10-16,2025-04-10,Prepago,Todos
320,Promo 320,Temporada,30.14,2023-07-16,2025-04-10,Postpago,Smartphones
321,Promo 321,Fidelidad,12.39,2024-12-29,2025-04-10,Todos,Tablets
322,Promo 322,Temporada,26.84,2024-12-12,2025-04-10,Postpago,Tablets
323,Promo 323,Temporada,35.28,2024-11-05,2025-04-10,Todos,Todos
324,Promo 324,Temporada,34.88,2025-04-06,2025-04-10,Postpago,Todos
325,Promo 325,Fidelidad,12.0,2024-06-19,2025-04-10,Prepago,Tablets
326,Promo 326,Temporada,18.89,2024-11-21,2025-04-10,Postpago,Todos
327,Promo 327,Fidelidad,14.36,2024-03-06,2025-04-10,Todos,Todos
328,Promo 328,Fidelidad,43.43,2023-12-25,2025-04-10,Prepago,Todos
329,Promo 329,Temporada,28.25,2023-10-28,2025-04-10,Todos,Todos
330,Promo 330,Temporada,40.96,2023-12-26,2025-04-10,Postpago,Todos
331,Promo 331,Temporada,25.82,2023-06-23,2025-04-10,Todos,Smartphones
332,Promo 332,Temporada,7.42,2024-08-03,2025-04-10,Todos,Tablets
333,Promo 333,Temporada,17.89,2023-08-27,2025-04-10,Todos,Todos
334,Promo 334,Temporada,35.07,2024-03-20,2025-04-10,Prepago,Tablets
335,Promo 335,Temporada,20.72,2025-02-18,2025-04-10,Prepago,Tablets
336,Promo 336,Fidelidad,42.92,2023-10-13,2025-04-10,Postpago,Todos
337,Promo 337,Fidelidad,10.01,2023-09-05,2025-04-10,Todos,Todos
338,Promo 338,Temporada,34.95,2023-06-26,2025-04-10,Postpago,Smartphones
339,Promo 339,Fidelidad,13.25,2024-03-23,2025-04-10,Postpago,Smartphones
340,Promo 340,Fidelidad,10.74,2024-10-06,2025-04-10,Todos,Tablets
341,Promo 341,Temporada,46.36,2023-08-16,2025-04-10,Todos,Todos
342,Promo 342,Fidelidad,32.07,2023-04-14,2025-04-10,Postpago,Tablets
343,Promo 343,Fidelidad,25.24,2024-09-16,2025-04-10,Todos,Todos
344,Promo 344,Fidelidad,32.66,2024-08-07,2025-04-10,Prepago,Todos
345,Promo 345,Temporada,42.2,2023-09-02,2025-04-10,Prepago,Smartphones
346,Promo 346,Temporada,45.8,2024-01-12,2025-04-10,Todos,Smartphones
347,Promo 347,Temporada,13.23,2024-12-20,2025-04-10,Todos,Todos
348,Promo 348,Fidelidad,24.81,2024-11-07,2025-04-10,Postpago,Todos
349,Promo 349,Fidelidad,34.62,2023-05-23,2025-04-10,Todos,Smartphones
350,Promo 350,Fidelidad,26.01,2024-11-05,2025-04-10,Prepago,Tablets
351,Promo 351,Temporada,33.77,2023-12-04,2025-04-10,Todos,Todos
352,Promo 352,Temporada,12.5,2023-10-11,2025-04-10,Postpago,Todos
353,Promo 353,Fidelidad,7.73,2023-08-14,2025-04-10,Prepago,Tablets
354,Promo 354,Fidelidad,11.11,2023-06-14,2025-04-10,Prepago,Tablets
355,Promo 355,Fidelidad,9.93,2024-06-01,2025-04-10,Postpago,Smartphones
356,Promo 356,Fidelidad,21.29,2024-11-02,2025-04-10,Todos,Tablets
357,Promo 357,Temporada,12.62,2023-12-20,2025-04-10,Todos,Tablets
358,Promo 358,Temporada,32.63,2024-04-18,2025-04-10,Postpago,Smartphones
359,Promo 359,Temporada,44.95,2024-08-01,2025-04-10,Postpago,Smartphones
360,Promo 360,Temporada,10.21,2023-06-13,2025-04-10,Prepago,Smartphones
361,Promo 361,Fidelidad,14.92,2024-06-28,2025-04-10,Todos,Todos
362,Promo 362,Fidelidad,22.59,2024-07-08,2025-04-10,Todos,Smartphones
363,Promo 363,Temporada,34.97,2023-12-20,2025-04-10,Postpago,Smartphones
364,Promo 364,Fidelidad,40.18,2023-05-03,2025-04-10,Postpago,Tablets
365,Promo 365,Fidelidad,33.93,2023-05-11,2025-04-10,Postpago,Tablets
366,Promo 366,Temporada,43.52,2025-02-07,2025-04-10,Postpago,Todos
367,Promo 367,Temporada,7.52,2023-12-17,2025-04-10,Todos,Smartphones
368,Promo 368,Temporada,16.03,2023-07-08,2025-04-10,Postpago,Smartphones
369,Promo 369,Fidelidad,24.81,2023-06-28,2025-04-10,Todos,Smartphones
370,Promo 370,Temporada,28.63,2024-02-27,2025-04-10,Todos,Tablets
371,Promo 371,Fidelidad,47.67,2024-04-18,2025-04-10,Prepago,Smartphones
372,Promo 372,Fidelidad,46.27,2025-03-20,2025-04-10,Postpago,Todos
373,Promo 373,Temporada,5.28,2025-01-13,2025-04-10,Prepago,Tablets
374,Promo 374,Fidelidad,33.8,2025-04-08,2025-04-10,Todos,Smartphones
375,Promo 375,Fidelidad,33.98,2025-01-29,2025-04-10,Todos,Smartphones
376,Promo 376,Temporada,36.11,2024-01-30,2025-04-10,Postpago,Todos
377,Promo 377,Fidelidad,26.66,2024-07-02,2025-04-10,Postpago,Tablets
378,Promo 378,Temporada,18.29,2024-01-06,2025-04-10,Prepago,Smartphones
379,Promo 379,Fidelidad,12.47,2023-11-11,2025-04-10,Prepago,Tablets
380,Promo 380,Temporada,11.72,2024-07-21,2025-04-10,Todos,Smartphones
381,Promo 381,Temporada,17.01,2024-06-29,2025-04-10,Postpago,Smartphones
382,Promo 382,Temporada,22.17,2024-06-24,2025-04-10,Prepago,Todos
383,Promo 383,Fidelidad,45.48,2024-12-30,2025-04-10,Prepago,Smartphones
384,Promo 384,Temporada,28.72,2023-05-08,2025-04-10,Postpago,Todos
385,Promo 385,Fidelidad,30.9,2023-10-15,2025-04-10,Todos,Todos
386,Promo 386,Temporada,27.27,2024-08-16,2025-04-10,Postpago,Todos
387,Promo 387,Fidelidad,32.26,2023-11-07,2025-04-10,Prepago,Todos
388,Promo 388,Temporada,21.97,2023-09-09,2025-04-10,Todos,Todos
389,Promo 389,Temporada,13.72,2024-09-09,2025-04-10,Postpago,Smartphones
390,Promo 390,Fidelidad,12.09,2024-09-05,2025-04-10,Postpago,Todos
391,Promo 391,Temporada,47.73,2024-10-31,2025-04-10,Prepago,Todos
392,Promo 392,Temporada,38.45,2024-06-09,2025-04-10,Prepago,Smartphones
393,Promo 393,Temporada,33.7,2023-04-11,2025-04-10,Todos,Todos
394,Promo 394,Temporada,5.64,2024-11-08,2025-04-10,Prepago,Smartphones
395,Promo 395,Temporada,16.75,2024-08-11,2025-04-10,Postpago,Todos
396,Promo 396,Fidelidad,15.59,2024-05-18,2025-04-10,Postpago,Todos
397,Promo 397,Temporada,12.73,2024-04-29,2025-04-10,Prepago,Smartphones
398,Promo 398,Temporada,38.31,2024-09-06,2025-04-10,Todos,Tablets
399,Promo 399,Temporada,46.03,2023-04-15,2025-04-10,Prepago,Todos
400,Promo 400,Temporada,8.73,2024-11-23,2025-04-10,Prepago,Todos
401,Promo 401,Temporada,31.74,2024-05-07,2025-04-10,Todos,Tablets
402,Promo 402,Temporada,10.5,2023-05-02,2025-04-10,Todos,Smartphones
403,Promo 403,Temporada,25.83,2025-03-02,2025-04-10,Prepago,Smartphones
404,Promo 404,Fidelidad,35.28,2023-04-14,2025-04-10,Prepago,Smartphones
405,Promo 405,Temporada,31.99,2023-06-08,2025-04-10,Postpago,Smartphones
406,Promo 406,Temporada,26.38,2023-08-25,2025-04-10,Prepago,Smartphones
407,Promo 407,Fidelidad,20.91,2024-08-23,2025-04-10,Prepago,Todos
408,Promo 408,Fidelidad,38.81,2024-01-16,2025-04-10,Todos,Smartphones
409,Promo 409,Temporada,46.61,2024-04-02,2025-04-10,Postpago,Todos
410,Promo 410,Fidelidad,8.69,2024-04-29,2025-04-10,Postpago,Tablets
411,Promo 411,Fidelidad,46.8,2024-12-28,2025-04-10,Postpago,Tablets
412,Promo 412,Fidelidad,46.37,2024-06-14,2025-04-10,Postpago,Tablets
413,Promo 413,Fidelidad,28.83,2023-06-23,2025-04-10,Todos,Todos
414,Promo 414,Fidelidad,38.4,2024-12-02,2025-04-10,Todos,Todos
415,Promo 415,Temporada,24.46,2025-01-20,2025-04-10,Postpago,Smartphones
416,Promo 416,Temporada,32.26,2024-02-18,2025-04-10,Prepago,Todos
417,Promo 417,Temporada,48.83,2023-08-13,2025-04-10,Prepago,Tablets
418,Promo 418,Temporada,20.26,2025-04-04,2025-04-10,Prepago,Tablets
419,Promo 419,Fidelidad,15.57,2024-06-11,2025-04-10,Postpago,Tablets
420,Promo 420,Fidelidad,16.85,2024-12-08,2025-04-10,Todos,Todos
421,Promo 421,Temporada,44.08,2025-03-06,2025-04-10,Postpago,Todos
422,Promo 422,Fidelidad,34.55,2025-01-16,2025-04-10,Todos,Tablets
423,Promo 423,Temporada,6.44,2024-10-28,2025-04-10,Postpago,Todos
424,Promo 424,Temporada,46.08,2024-11-03,2025-04-10,Todos,Smartphones
425,Promo 425,Temporada,48.45,2025-01-03,2025-04-10,Postpago,Smartphones
426,Promo 426,Temporada,33.02,2024-04-04,2025-04-10,Prepago,Smartphones
427,Promo 427,Temporada,15.67,2023-09-02,2025-04-10,Prepago,Tablets
428,Promo 428,Fidelidad,24.36,2025-01-27,2025-04-10,Prepago,Smartphones
429,Promo 429,Temporada,12.58,2024-01-22,2025-04-10,Prepago,Tablets
430,Promo 430,Temporada,47.49,2024-04-06,2025-04-10,Prepago,Smartphones
431,Promo 431,Temporada,12.0,2023-08-15,2025-04-10,Todos,Todos
432,Promo 432,Fidelidad,41.48,2023-06-01,2025-04-10,Prepago,Smartphones
433,Promo 433,Fidelidad,18.06,2025-02-22,2025-04-10,Postpago,Tablets
434,Promo 434,Fidelidad,40.88,2025-02-12,2025-04-10,Todos,Todos
435,Promo 435,Fidelidad,8.34,2024-04-03,2025-04-10,Todos,Todos
436,Promo 436,Fidelidad,17.99,2025-01-01,2025-04-10,Postpago,Todos
437,Promo 437,Temporada,19.77,2025-02-09,2025-04-10,Todos,Tablets
438,Promo 438,Temporada,7.44,2023-05-02,2025-04-10,Postpago,Tablets
439,Promo 439,Temporada,24.21,2024-04-07,2025-04-10,Postpago,Todos
440,Promo 440,Temporada,44.51,2024-02-03,2025-04-10,Todos,Todos
441,Promo 441,Temporada,45.13,2025-01-21,2025-04-10,Postpago,Todos
442,Promo 442,Temporada,16.94,2024-08-06,2025-04-10,Todos,Tablets
443,Promo 443,Temporada,10.16,2023-06-10,2025-04-10,Postpago,Tablets
444,Promo 444,Temporada,19.26,2023-05-20,2025-04-10,Postpago,Todos
445,Promo 445,Temporada,45.95,2024-11-30,2025-04-10,Postpago,Tablets
446,Promo 446,Fidelidad,6.0,2024-04-04,2025-04-10,Prepago,Tablets
447,Promo 447,Fidelidad,6.34,2025-02-13,2025-04-10,Postpago,Tablets
448,Promo 448,Temporada,32.31,2025-01-08,2025-04-10,Postpago,Smartphones
449,Promo 449,Temporada,10.21,2024-07-07,2025-04-10,Todos,Tablets
450,Promo 450,Temporada,14.56,2025-01-16,2025-04-10,Prepago,Todos
451,Promo 451,Temporada,12.82,2023-06-14,2025-04-10,Todos,Todos
452,Promo 452,Temporada,14.13,2023-07-07,2025-04-10,Postpago,Todos
453,Promo 453,Temporada,32.45,2024-06-28,2025-04-10,Prepago,Smartphones
454,Promo 454,Temporada,16.02,2023-08-07,2025-04-10,Todos,Todos
455,Promo 455,Temporada,45.03,2025-01-31,2025-04-10,Postpago,Smartphones
456,Promo 456,Fidelidad,8.71,2024-09-07,2025-04-10,Postpago,Tablets
457,Promo 457,Fidelidad,22.87,2024-03-17,2025-04-10,Prepago,Tablets
458,Promo 458,Temporada,39.0,2023-08-10,2025-04-10,Postpago,Todos
459,Promo 459,Temporada,5.24,2024-10-28,2025-04-10,Prepago,Smartphones
460,Promo 460,Temporada,19.17,2024-06-25,2025-04-10,Postpago,Tablets
461,Promo 461,Fidelidad,6.31,2023-05-07,2025-04-10,Postpago,Smartphones
462,Promo 462,Fidelidad,32.96,2023-07-16,2025-04-10,Todos,Smartphones
463,Promo 463,Temporada,7.85,2023-05-15,2025-04-10,Todos,Tablets
464,Promo 464,Temporada,30.73,2024-03-11,2025-04-10,Prepago,Smartphones
465,Promo 465,Fidelidad,25.79,2024-01-26,2025-04-10,Postpago,Tablets
466,Promo 466,Temporada,5.39,2024-01-02,2025-04-10,Postpago,Todos
467,Promo 467,Fidelidad,42.82,2023-07-14,2025-04-10,Prepago,Tablets
468,Promo 468,Temporada,37.83,2024-01-24,2025-04-10,Todos,Tablets
469,Promo 469,Temporada,25.14,2024-02-27,2025-04-10,Prepago,Smartphones
470,Promo 470,Fidelidad,9.29,2024-05-01,2025-04-10,Prepago,Tablets
471,Promo 471,Fidelidad,39.7,2024-07-31,2025-04-10,Postpago,Tablets
472,Promo 472,Fidelidad,24.44,2025-04-08,2025-04-10,Prepago,Tablets
473,Promo 473,Fidelidad,43.71,2023-06-29,2025-04-10,Todos,Smartphones
474,Promo 474,Fidelidad,29.27,2023-05-27,2025-04-10,Todos,Tablets
475,Promo 475,Fidelidad,28.45,2023-09-07,2025-04-10,Todos,Smartphones
476,Promo 476,Temporada,47.47,2023-07-17,2025-04-10,Postpago,Tablets
477,Promo 477,Fidelidad,48.79,2025-02-14,2025-04-10,Postpago,Tablets
478,Promo 478,Temporada,12.97,2023-08-26,2025-04-10,Prepago,Tablets
479,Promo 479,Temporada,42.98,2024-03-31,2025-04-10,Todos,Todos
480,Promo 480,Temporada,22.87,2023-04-19,2025-04-10,Prepago,Todos
481,Promo 481,Fidelidad,42.64,2024-04-28,2025-04-10,Todos,Tablets
482,Promo 482,Fidelidad,19.08,2024-02-29,2025-04-10,Todos,Smartphones
483,Promo 483,Fidelidad,41.59,2024-06-03,2025-04-10,Prepago,Smartphones
484,Promo 484,Fidelidad,5.13,2023-07-25,2025-04-10,Postpago,Smartphones
485,Promo 485,Temporada,44.03,2024-07-17,2025-04-10,Prepago,Tablets
486,Promo 486,Temporada,8.24,2024-08-11,2025-04-10,Prepago,Todos
487,Promo 487,Temporada,19.05,2023-04-23,2025-04-10,Postpago,Smartphones
488,Promo 488,Temporada,37.58,2024-10-29,2025-04-10,Postpago,Smartphones
489,Promo 489,Temporada,12.07,2025-03-30,2025-04-10,Postpago,Smartphones
490,Promo 490,Fidelidad,42.51,2023-07-28,2025-04-10,Postpago,Smartphones
491,Promo 491,Fidelidad,34.18,2024-10-03,2025-04-10,Postpago,Tablets
492,Promo 492,Temporada,46.44,2024-10-25,2025-04-10,Todos,Todos
493,Promo 493,Temporada,39.03,2024-09-23,2025-04-10,Postpago,Tablets
494,Promo 494,Temporada,48.77,2025-04-03,2025-04-10,Todos,Todos
495,Promo 495,Temporada,46.58,2024-02-18,2025-04-10,Todos,Todos
496,Promo 496,Temporada,40.9,2023-07-05,2025-04-10,Todos,Tablets
497,Promo 497,Temporada,14.63,2023-07-16,2025-04-10,Prepago,Todos
498,Promo 498,Fidelidad,11.84,2024-05-08,2025-04-10,Prepago,Smartphones
499,Promo 499,Fidelidad,22.23,2024-05-30,2025-04-10,Prepago,Todos
500,Promo 500,Fidelidad,29.57,2023-10-06,2025-04-10,Prepago,Tablets
501,Promo 501,Fidelidad,16.94,2024-10-14,2025-04-10,Todos,Smartphones
502,Promo 502,Fidelidad,9.98,2023-10-20,2025-04-10,Todos,Smartphones
503,Promo 503,Fidelidad,21.83,2024-07-17,2025-04-10,Todos,Tablets
504,Promo 504,Fidelidad,41.2,2023-04-30,2025-04-10,Todos,Todos
505,Promo 505,Temporada,45.98,2023-07-09,2025-04-10,Prepago,Todos
506,Promo 506,Fidelidad,30.15,2024-09-08,2025-04-10,Todos,Tablets
507,Promo 507,Fidelidad,16.46,2025-01-25,2025-04-10,Prepago,Todos
508,Promo 508,Temporada,15.11,2024-11-28,2025-04-10,Todos,Tablets
509,Promo 509,Fidelidad,16.9,2023-06-14,2025-04-10,Prepago,Smartphones
510,Promo 510,Fidelidad,38.2,2025-03-15,2025-04-10,Prepago,Todos
511,Promo 511,Temporada,20.86,2023-05-11,2025-04-10,Todos,Todos
512,Promo 512,Fidelidad,11.41,2024-11-28,2025-04-10,Prepago,Tablets
513,Promo 513,Fidelidad,5.54,2024-08-31,2025-04-10,Postpago,Tablets
514,Promo 514,Fidelidad,42.21,2024-07-30,2025-04-10,Todos,Smartphones
515,Promo 515,Fidelidad,46.83,2023-12-21,2025-04-10,Postpago,Smartphones
516,Promo 516,Temporada,21.87,2023-09-06,2025-04-10,Prepago,Smartphones
517,Promo 517,Temporada,42.96,2024-01-19,2025-04-10,Prepago,Smartphones
518,Promo 518,Temporada,33.96,2023-07-08,2025-04-10,Postpago,Smartphones
519,Promo 519,Temporada,25.33,2023-12-12,2025-04-10,Prepago,Smartphones
520,Promo 520,Temporada,34.0,2023-07-19,2025-04-10,Prepago,Smartphones
521,Promo 521,Fidelidad,22.19,2023-12-14,2025-04-10,Prepago,Tablets
522,Promo 522,Fidelidad,16.37,2023-10-02,2025-04-10,Postpago,Todos
523,Promo 523,Temporada,47.26,2024-07-10,2025-04-10,Postpago,Todos
524,Promo 524,Temporada,13.5,2025-01-31,2025-04-10,Postpago,Smartphones
525,Promo 525,Fidelidad,24.95,2023-05-19,2025-04-10,Postpago,Tablets
526,Promo 526,Temporada,27.85,2024-09-24,2025-04-10,Postpago,Todos
527,Promo 527,Fidelidad,17.58,2024-05-22,2025-04-10,Prepago,Smartphones
528,Promo 528,Fidelidad,18.42,2024-06-06,2025-04-10,Todos,Todos
529,Promo 529,Fidelidad,43.15,2024-04-25,2025-04-10,Postpago,Tablets
530,Promo 530,Fidelidad,21.68,2023-06-28,2025-04-10,Prepago,Tablets
531,Promo 531,Fidelidad,15.99,2024-07-04,2025-04-10,Prepago,Smartphones
532,Promo 532,Fidelidad,46.42,2023-07-21,2025-04-10,Prepago,Tablets
533,Promo 533,Fidelidad,21.67,2025-04-04,2025-04-10,Postpago,Todos
534,Promo 534,Temporada,18.59,2024-09-06,2025-04-10,Prepago,Tablets
535,Promo 535,Temporada,22.8,2024-09-24,2025-04-10,Postpago,Tablets
536,Promo 536,Fidelidad,39.77,2024-07-10,2025-04-10,Todos,Tablets
537,Promo 537,Fidelidad,40.39,2023-12-21,2025-04-10,Prepago,Smartphones
538,Promo 538,Temporada,22.87,2025-01-10,2025-04-10,Todos,Smartphones
539,Promo 539,Fidelidad,16.38,2024-04-16,2025-04-10,Prepago,Tablets
540,Promo 540,Temporada,8.3,2023-08-07,2025-04-10,Todos,Todos
541,Promo 541,Temporada,19.99,2024-05-09,2025-04-10,Todos,Todos
542,Promo 542,Fidelidad,29.47,2023-08-27,2025-04-10,Postpago,Smartphones
543,Promo 543,Fidelidad,40.22,2025-03-29,2025-04-10,Postpago,Todos
544,Promo 544,Temporada,38.4,2024-04-23,2025-04-10,Todos,Tablets
545,Promo 545,Fidelidad,29.23,2024-08-21,2025-04-10,Prepago,Todos
546,Promo 546,Fidelidad,15.55,2025-01-16,2025-04-10,Prepago,Todos
547,Promo 547,Temporada,23.16,2024-01-05,2025-04-10,Prepago,Tablets
548,Promo 548,Fidelidad,7.31,2023-07-24,2025-04-10,Postpago,Tablets
549,Promo 549,Fidelidad,6.57,2025-02-28,2025-04-10,Todos,Tablets
550,Promo 550,Temporada,23.26,2025-04-06,2025-04-10,Prepago,Tablets
551,Promo 551,Temporada,19.38,2023-05-15,2025-04-10,Todos,Todos
552,Promo 552,Temporada,38.1,2024-09-27,2025-04-10,Prepago,Smartphones
553,Promo 553,Temporada,18.1,2023-08-22,2025-04-10,Todos,Todos
554,Promo 554,Temporada,23.95,2024-09-30,2025-04-10,Todos,Smartphones
555,Promo 555,Fidelidad,16.3,2023-11-13,2025-04-10,Prepago,Todos
556,Promo 556,Temporada,44.91,2024-01-05,2025-04-10,Todos,Todos
557,Promo 557,Fidelidad,22.74,2025-01-30,2025-04-10,Postpago,Smartphones
558,Promo 558,Fidelidad,23.72,2025-02-19,2025-04-10,Todos,Todos
559,Promo 559,Temporada,43.61,2023-12-30,2025-04-10,Todos,Todos
560,Promo 560,Temporada,21.16,2023-10-18,2025-04-10,Postpago,Tablets
561,Promo 561,Fidelidad,34.72,2023-11-04,2025-04-10,Postpago,Todos
562,Promo 562,Fidelidad,38.88,2024-07-07,2025-04-10,Postpago,Todos
563,Promo 563,Fidelidad,18.82,2024-02-26,2025-04-10,Postpago,Todos
564,Promo 564,Temporada,18.45,2023-11-20,2025-04-10,Prepago,Tablets
565,Promo 565,Temporada,13.95,2024-08-25,2025-04-10,Postpago,Smartphones
566,Promo 566,Temporada,27.25,2025-04-06,2025-04-10,Postpago,Todos
567,Promo 567,Temporada,9.07,2023-12-14,2025-04-10,Prepago,Todos
568,Promo 568,Fidelidad,11.2,2024-08-07,2025-04-10,Prepago,Tablets
569,Promo 569,Fidelidad,33.37,2023-04-24,2025-04-10,Todos,Smartphones
570,Promo 570,Fidelidad,32.97,2024-10-28,2025-04-10,Postpago,Todos
571,Promo 571,Fidelidad,17.34,2024-09-02,2025-04-10,Prepago,Todos
572,Promo 572,Fidelidad,12.25,2025-04-03,2025-04-10,Prepago,Tablets
573,Promo 573,Fidelidad,24.35,2024-04-15,2025-04-10,Prepago,Smartphones
574,Promo 574,Temporada,46.11,2024-12-27,2025-04-10,Postpago,Todos
575,Promo 575,Fidelidad,43.01,2023-11-25,2025-04-10,Todos,Tablets
576,Promo 576,Temporada,32.55,2025-04-01,2025-04-10,Todos,Todos
577,Promo 577,Fidelidad,11.87,2024-12-13,2025-04-10,Postpago,Tablets
578,Promo 578,Temporada,6.08,2023-08-06,2025-04-10,Todos,Todos
579,Promo 579,Temporada,43.16,2024-09-20,2025-04-10,Prepago,Tablets
580,Promo 580,Temporada,31.6,2023-10-29,2025-04-10,Prepago,Smartphones
581,Promo 581,Temporada,32.22,2023-09-09,2025-04-10,Todos,Smartphones
582,Promo 582,Fidelidad,44.92,2025-02-15,2025-04-10,Todos,Smartphones
583,Promo 583,Temporada,38.85,2023-04-23,2025-04-10,Prepago,Tablets
584,Promo 584,Fidelidad,49.2,2025-01-27,2025-04-10,Postpago,Smartphones
585,Promo 585,Temporada,42.78,2024-04-25,2025-04-10,Todos,Tablets
586,Promo 586,Temporada,42.39,2024-11-27,2025-04-10,Prepago,Todos
587,Promo 587,Fidelidad,36.89,2023-12-06,2025-04-10,Todos,Smartphones
588,Promo 588,Fidelidad,39.36,2024-10-20,2025-04-10,Prepago,Smartphones
589,Promo 589,Temporada,33.29,2025-02-02,2025-04-10,Todos,Tablets
590,Promo 590,Temporada,16.27,2024-11-14,2025-04-10,Prepago,Smartphones
591,Promo 591,Fidelidad,27.39,2024-04-14,2025-04-10,Postpago,Smartphones
592,Promo 592,Temporada,13.85,2023-04-17,2025-04-10,Prepago,Todos
593,Promo 593,Temporada,31.14,2023-06-27,2025-04-10,Todos,Tablets
594,Promo 594,Temporada,35.43,2024-01-23,2025-04-10,Prepago,Todos
595,Promo 595,Temporada,32.9,2024-10-26,2025-04-10,Postpago,Todos
596,Promo 596,Temporada,44.34,2024-12-26,2025-04-10,Todos,Todos
597,Promo 597,Temporada,44.0,2023-10-19,2025-04-10,Todos,Tablets
598,Promo 598,Temporada,35.44,2025-02-14,2025-04-10,Prepago,Todos
599,Promo 599,Fidelidad,45.69,2024-07-27,2025-04-10,Todos,Tablets
600,Promo 600,Temporada,42.68,2024-08-26,2025-04-10,Todos,Tablets
601,Promo 601,Temporada,46.59,2024-06-18,2025-04-10,Todos,Smartphones
602,Promo 602,Temporada,16.27,2023-10-14,2025-04-10,Postpago,Todos
603,Promo 603,Temporada,23.22,2024-02-07,2025-04-10,Postpago,Tablets
604,Promo 604,Temporada,17.84,2023-09-08,2025-04-10,Prepago,Todos
605,Promo 605,Temporada,13.35,2024-09-01,2025-04-10,Postpago,Smartphones
606,Promo 606,Fidelidad,20.36,2024-12-04,2025-04-10,Todos,Smartphones
607,Promo 607,Fidelidad,33.66,2024-02-04,2025-04-10,Prepago,Tablets
608,Promo 608,Fidelidad,33.33,2025-04-05,2025-04-10,Postpago,Todos
609,Promo 609,Fidelidad,46.31,2023-06-24,2025-04-10,Postpago,Smartphones
610,Promo 610,Temporada,30.08,2023-08-26,2025-04-10,Postpago,Tablets
611,Promo 611,Temporada,41.84,2025-02-07,2025-04-10,Todos,Smartphones
612,Promo 612,Fidelidad,37.88,2023-10-26,2025-04-10,Postpago,Todos
613,Promo 613,Fidelidad,44.71,2025-01-27,2025-04-10,Postpago,Todos
614,Promo 614,Fidelidad,19.78,2023-06-27,2025-04-10,Postpago,Smartphones
615,Promo 615,Fidelidad,31.17,2023-11-16,2025-04-10,Postpago,Tablets
616,Promo 616,Fidelidad,14.0,2023-08-19,2025-04-10,Postpago,Tablets
617,Promo 617,Fidelidad,50.0,2024-06-18,2025-04-10,Postpago,Tablets
618,Promo 618,Fidelidad,13.47,2025-02-03,2025-04-10,Todos,Todos
619,Promo 619,Fidelidad,16.96,2023-07-24,2025-04-10,Prepago,Tablets
620,Promo 620,Temporada,28.26,2024-07-02,2025-04-10,Postpago,Todos
621,Promo 621,Fidelidad,43.36,2024-11-04,2025-04-10,Postpago,Todos
622,Promo 622,Temporada,38.61,2025-02-11,2025-04-10,Prepago,Todos
623,Promo 623,Fidelidad,47.73,2024-03-29,2025-04-10,Postpago,Tablets
624,Promo 624,Temporada,38.97,2024-02-25,2025-04-10,Postpago,Todos
625,Promo 625,Temporada,23.26,2024-02-02,2025-04-10,Postpago,Smartphones
626,Promo 626,Temporada,37.63,2024-02-26,2025-04-10,Postpago,Tablets
627,Promo 627,Temporada,45.05,2025-04-03,2025-04-10,Postpago,Todos
628,Promo 628,Fidelidad,28.72,2023-10-07,2025-04-10,Prepago,Tablets
629,Promo 629,Fidelidad,38.16,2025-01-12,2025-04-10,Prepago,Todos
630,Promo 630,Fidelidad,46.49,2024-06-20,2025-04-10,Todos,Todos
631,Promo 631,Fidelidad,35.99,2025-01-24,2025-04-10,Prepago,Smartphones
632,Promo 632,Temporada,49.86,2025-01-13,2025-04-10,Todos,Tablets
633,Promo 633,Fidelidad,23.31,2024-12-27,2025-04-10,Postpago,Smartphones
634,Promo 634,Fidelidad,14.31,2023-06-12,2025-04-10,Prepago,Tablets
635,Promo 635,Fidelidad,6.62,2024-10-26,2025-04-10,Postpago,Tablets
636,Promo 636,Fidelidad,23.85,2023-06-22,2025-04-10,Postpago,Smartphones
637,Promo 637,Temporada,43.44,2025-03-12,2025-04-10,Prepago,Tablets
638,Promo 638,Temporada,25.2,2024-03-08,2025-04-10,Prepago,Tablets
639,Promo 639,Fidelidad,17.55,2023-12-15,2025-04-10,Prepago,Smartphones
640,Promo 640,Temporada,42.56,2023-12-05,2025-04-10,Todos,Smartphones
641,Promo 641,Temporada,12.15,2025-03-25,2025-04-10,Prepago,Smartphones
642,Promo 642,Fidelidad,13.53,2024-05-02,2025-04-10,Todos,Tablets
643,Promo 643,Temporada,11.14,2024-02-27,2025-04-10,Postpago,Smartphones
644,Promo 644,Fidelidad,29.25,2024-11-15,2025-04-10,Prepago,Smartphones
645,Promo 645,Fidelidad,41.97,2024-02-24,2025-04-10,Prepago,Smartphones
646,Promo 646,Temporada,25.58,2024-01-05,2025-04-10,Todos,Todos
647,Promo 647,Temporada,15.17,2024-02-17,2025-04-10,Todos,Tablets
648,Promo 648,Temporada,44.39,2024-04-10,2025-04-10,Postpago,Tablets
649,Promo 649,Temporada,5.39,2024-02-14,2025-04-10,Todos,Todos
650,Promo 650,Fidelidad,45.6,2023-10-21,2025-04-10,Todos,Smartphones
651,Promo 651,Fidelidad,39.87,2023-05-06,2025-04-10,Postpago,Smartphones
652,Promo 652,Fidelidad,10.9,2023-07-11,2025-04-10,Postpago,Smartphones
653,Promo 653,Fidelidad,6.43,2023-11-15,2025-04-10,Todos,Todos
654,Promo 654,Temporada,49.16,2023-12-15,2025-04-10,Prepago,Smartphones
655,Promo 655,Temporada,12.03,2024-05-21,2025-04-10,Prepago,Todos
656,Promo 656,Fidelidad,36.91,2023-05-22,2025-04-10,Prepago,Todos
657,Promo 657,Temporada,46.64,2025-03-14,2025-04-10,Todos,Smartphones
658,Promo 658,Temporada,43.74,2023-12-09,2025-04-10,Postpago,Smartphones
659,Promo 659,Fidelidad,26.98,2023-12-02,2025-04-10,Postpago,Todos
660,Promo 660,Fidelidad,19.77,2023-12-20,2025-04-10,Postpago,Tablets
661,Promo 661,Temporada,17.87,2024-04-25,2025-04-10,Prepago,Todos
662,Promo 662,Temporada,36.93,2023-06-10,2025-04-10,Todos,Todos
663,Promo 663,Temporada,20.88,2024-07-31,2025-04-10,Todos,Smartphones
664,Promo 664,Fidelidad,46.18,2024-06-30,2025-04-10,Prepago,Todos
665,Promo 665,Fidelidad,19.43,2023-07-18,2025-04-10,Prepago,Smartphones
666,Promo 666,Fidelidad,19.78,2025-01-23,2025-04-10,Postpago,Todos
667,Promo 667,Temporada,22.79,2023-05-06,2025-04-10,Prepago,Todos
668,Promo 668,Fidelidad,49.86,2024-07-28,2025-04-10,Postpago,Todos
669,Promo 669,Fidelidad,33.1,2024-10-10,2025-04-10,Prepago,Tablets
670,Promo 670,Temporada,23.63,2023-07-01,2025-04-10,Todos,Todos
671,Promo 671,Temporada,32.23,2024-02-11,2025-04-10,Postpago,Todos
672,Promo 672,Fidelidad,21.46,2023-10-21,2025-04-10,Postpago,Smartphones
673,Promo 673,Temporada,9.66,2023-04-12,2025-04-10,Postpago,Tablets
674,Promo 674,Fidelidad,37.76,2023-11-27,2025-04-10,Prepago,Smartphones
675,Promo 675,Fidelidad,24.21,2023-10-07,2025-04-10,Prepago,Smartphones
676,Promo 676,Temporada,43.97,2023-12-09,2025-04-10,Postpago,Todos
677,Promo 677,Fidelidad,10.7,2023-06-28,2025-04-10,Todos,Smartphones
678,Promo 678,Temporada,7.76,2024-10-28,2025-04-10,Todos,Todos
679,Promo 679,Temporada,45.31,2024-02-05,2025-04-10,Todos,Todos
680,Promo 680,Temporada,43.24,2024-03-01,2025-04-10,Todos,Smartphones
681,Promo 681,Fidelidad,14.05,2023-11-11,2025-04-10,Postpago,Todos
682,Promo 682,Fidelidad,33.21,2023-05-30,2025-04-10,Prepago,Todos
683,Promo 683,Fidelidad,10.9,2024-12-06,2025-04-10,Prepago,Tablets
684,Promo 684,Fidelidad,5.46,2024-10-02,2025-04-10,Prepago,Tablets
685,Promo 685,Temporada,24.43,2023-04-22,2025-04-10,Prepago,Tablets
686,Promo 686,Fidelidad,6.74,2023-10-03,2025-04-10,Todos,Todos
687,Promo 687,Fidelidad,36.99,2023-11-20,2025-04-10,Postpago,Todos
688,Promo 688,Temporada,16.99,2024-06-14,2025-04-10,Postpago,Smartphones
689,Promo 689,Temporada,32.59,2023-04-29,2025-04-10,Postpago,Todos
690,Promo 690,Temporada,13.48,2023-06-05,2025-04-10,Todos,Smartphones
691,Promo 691,Temporada,44.71,2025-01-06,2025-04-10,Todos,Tablets
692,Promo 692,Fidelidad,15.37,2024-10-16,2025-04-10,Prepago,Tablets
693,Promo 693,Temporada,28.09,2024-05-11,2025-04-10,Todos,Todos
694,Promo 694,Fidelidad,22.3,2024-07-12,2025-04-10,Postpago,Smartphones
695,Promo 695,Fidelidad,49.14,2023-11-03,2025-04-10,Todos,Todos
696,Promo 696,Temporada,39.13,2025-01-10,2025-04-10,Prepago,Smartphones
697,Promo 697,Temporada,43.58,2023-08-08,2025-04-10,Prepago,Smartphones
698,Promo 698,Fidelidad,38.54,2023-10-03,2025-04-10,Postpago,Smartphones
699,Promo 699,Temporada,8.21,2023-09-16,2025-04-10,Postpago,Todos
700,Promo 700,Fidelidad,48.0,2023-10-12,2025-04-10,Todos,Todos
701,Promo 701,Temporada,31.99,2023-11-19,2025-04-10,Prepago,Smartphones
702,Promo 702,Fidelidad,34.14,2024-12-07,2025-04-10,Prepago,Smartphones
703,Promo 703,Temporada,34.45,2023-05-30,2025-04-10,Todos,Todos
704,Promo 704,Fidelidad,24.08,2023-06-15,2025-04-10,Postpago,Todos
705,Promo 705,Temporada,23.93,2025-02-11,2025-04-10,Prepago,Smartphones
706,Promo 706,Fidelidad,30.98,2025-02-27,2025-04-10,Postpago,Todos
707,Promo 707,Fidelidad,11.2,2023-09-30,2025-04-10,Todos,Todos
708,Promo 708,Temporada,33.21,2024-04-05,2025-04-10,Postpago,Tablets
709,Promo 709,Temporada,15.43,2023-06-01,2025-04-10,Postpago,Tablets
710,Promo 710,Fidelidad,49.02,2023-04-28,2025-04-10,Prepago,Tablets
711,Promo 711,Fidelidad,22.3,2024-04-26,2025-04-10,Postpago,Todos
712,Promo 712,Fidelidad,27.72,2024-11-18,2025-04-10,Todos,Tablets
713,Promo 713,Temporada,18.29,2023-07-21,2025-04-10,Prepago,Todos
714,Promo 714,Temporada,10.93,2024-11-18,2025-04-10,Postpago,Todos
715,Promo 715,Temporada,48.15,2024-01-11,2025-04-10,Todos,Todos
716,Promo 716,Temporada,45.03,2025-02-16,2025-04-10,Postpago,Tablets
717,Promo 717,Fidelidad,41.28,2025-02-18,2025-04-10,Todos,Smartphones
718,Promo 718,Fidelidad,9.79,2024-12-21,2025-04-10,Prepago,Smartphones
719,Promo 719,Temporada,26.28,2025-02-12,2025-04-10,Postpago,Tablets
720,Promo 720,Fidelidad,24.43,2024-03-06,2025-04-10,Prepago,Todos
721,Promo 721,Fidelidad,10.6,2024-02-02,2025-04-10,Postpago,Tablets
722,Promo 722,Temporada,16.81,2024-08-26,2025-04-10,Postpago,Smartphones
723,Promo 723,Fidelidad,18.57,2023-12-25,2025-04-10,Prepago,Tablets
724,Promo 724,Temporada,41.02,2025-02-19,2025-04-10,Postpago,Tablets
725,Promo 725,Temporada,46.58,2024-12-01,2025-04-10,Todos,Tablets
726,Promo 726,Fidelidad,14.85,2024-04-05,2025-04-10,Prepago,Smartphones
727,Promo 727,Fidelidad,41.22,2023-07-25,2025-04-10,Postpago,Smartphones
728,Promo 728,Fidelidad,12.97,2024-08-02,2025-04-10,Todos,Smartphones
729,Promo 729,Temporada,39.63,2024-08-23,2025-04-10,Todos,Smartphones
730,Promo 730,Temporada,49.38,2024-07-26,2025-04-10,Postpago,Todos
731,Promo 731,Fidelidad,11.1,2023-04-16,2025-04-10,Todos,Tablets
732,Promo 732,Temporada,29.66,2024-11-24,2025-04-10,Prepago,Todos
733,Promo 733,Fidelidad,37.3,2025-03-24,2025-04-10,Postpago,Tablets
734,Promo 734,Temporada,48.03,2023-09-10,2025-04-10,Postpago,Todos
735,Promo 735,Temporada,45.53,2025-01-09,2025-04-10,Todos,Todos
736,Promo 736,Temporada,10.43,2025-04-04,2025-04-10,Todos,Smartphones
737,Promo 737,Temporada,32.11,2024-03-14,2025-04-10,Todos,Smartphones
738,Promo 738,Fidelidad,17.33,2023-09-26,2025-04-10,Todos,Smartphones
739,Promo 739,Fidelidad,5.31,2024-11-23,2025-04-10,Prepago,Smartphones
740,Promo 740,Fidelidad,46.2,2024-08-30,2025-04-10,Prepago,Smartphones
741,Promo 741,Temporada,34.51,2023-06-07,2025-04-10,Postpago,Todos
742,Promo 742,Fidelidad,20.98,2023-11-12,2025-04-10,Postpago,Tablets
743,Promo 743,Fidelidad,5.91,2024-05-21,2025-04-10,Todos,Smartphones
744,Promo 744,Temporada,40.36,2024-12-16,2025-04-10,Todos,Todos
745,Promo 745,Temporada,9.8,2025-01-27,2025-04-10,Prepago,Tablets
746,Promo 746,Temporada,27.39,2024-12-08,2025-04-10,Todos,Todos
747,Promo 747,Fidelidad,49.01,2023-07-10,2025-04-10,Prepago,Todos
748,Promo 748,Temporada,22.71,2024-07-23,2025-04-10,Postpago,Tablets
749,Promo 749,Temporada,42.9,2023-11-30,2025-04-10,Todos,Smartphones
750,Promo 750,Fidelidad,43.83,2025-03-14,2025-04-10,Prepago,Todos
751,Promo 751,Temporada,30.81,2024-04-08,2025-04-10,Prepago,Todos
752,Promo 752,Temporada,27.4,2024-09-19,2025-04-10,Postpago,Todos
753,Promo 753,Fidelidad,14.82,2024-02-03,2025-04-10,Todos,Tablets
754,Promo 754,Temporada,18.49,2024-10-10,2025-04-10,Todos,Smartphones
755,Promo 755,Fidelidad,17.35,2023-09-09,2025-04-10,Postpago,Smartphones
756,Promo 756,Temporada,25.04,2024-01-31,2025-04-10,Todos,Todos
757,Promo 757,Temporada,28.94,2023-10-22,2025-04-10,Todos,Smartphones
758,Promo 758,Fidelidad,28.24,2023-06-29,2025-04-10,Todos,Tablets
759,Promo 759,Fidelidad,6.1,2024-12-30,2025-04-10,Postpago,Smartphones
760,Promo 760,Temporada,8.47,2024-02-21,2025-04-10,Todos,Tablets
761,Promo 761,Fidelidad,28.55,2023-05-22,2025-04-10,Prepago,Smartphones
762,Promo 762,Fidelidad,26.78,2023-05-30,2025-04-10,Todos,Tablets
763,Promo 763,Fidelidad,27.18,2025-01-03,2025-04-10,Postpago,Smartphones
764,Promo 764,Temporada,28.26,2023-12-15,2025-04-10,Todos,Smartphones
765,Promo 765,Temporada,46.35,2023-12-27,2025-04-10,Todos,Todos
766,Promo 766,Temporada,37.65,2023-12-06,2025-04-10,Prepago,Tablets
767,Promo 767,Fidelidad,20.81,2024-09-21,2025-04-10,Prepago,Todos
768,Promo 768,Fidelidad,45.66,2023-08-17,2025-04-10,Prepago,Tablets
769,Promo 769,Temporada,32.43,2025-01-17,2025-04-10,Todos,Tablets
770,Promo 770,Fidelidad,24.38,2023-07-19,2025-04-10,Postpago,Smartphones
771,Promo 771,Fidelidad,33.53,2024-08-05,2025-04-10,Prepago,Tablets
772,Promo 772,Fidelidad,20.15,2023-05-03,2025-04-10,Prepago,Todos
773,Promo 773,Temporada,9.39,2023-10-15,2025-04-10,Prepago,Todos
774,Promo 774,Fidelidad,19.67,2024-08-11,2025-04-10,Todos,Smartphones
775,Promo 775,Temporada,33.35,2024-10-02,2025-04-10,Prepago,Smartphones
776,Promo 776,Temporada,47.92,2024-08-24,2025-04-10,Todos,Smartphones
777,Promo 777,Fidelidad,47.87,2024-09-02,2025-04-10,Prepago,Tablets
778,Promo 778,Temporada,27.09,2025-03-24,2025-04-10,Postpago,Todos
779,Promo 779,Fidelidad,25.0,2023-06-20,2025-04-10,Todos,Tablets
780,Promo 780,Fidelidad,14.27,2023-11-25,2025-04-10,Prepago,Todos
781,Promo 781,Fidelidad,45.14,2025-03-26,2025-04-10,Prepago,Todos
782,Promo 782,Fidelidad,44.04,2023-05-08,2025-04-10,Postpago,Tablets
783,Promo 783,Temporada,19.12,2023-10-05,2025-04-10,Postpago,Todos
784,Promo 784,Fidelidad,49.07,2023-08-23,2025-04-10,Todos,Todos
785,Promo 785,Fidelidad,12.04,2024-03-14,2025-04-10,Todos,Todos
786,Promo 786,Fidelidad,44.88,2025-02-08,2025-04-10,Todos,Smartphones
787,Promo 787,Temporada,37.67,2024-08-16,2025-04-10,Todos,Todos
788,Promo 788,Temporada,17.68,2024-06-29,2025-04-10,Prepago,Todos
789,Promo 789,Temporada,14.07,2024-02-29,2025-04-10,Postpago,Tablets
790,Promo 790,Temporada,40.31,2025-01-30,2025-04-10,Postpago,Smartphones
791,Promo 791,Temporada,37.65,2024-09-25,2025-04-10,Prepago,Tablets
792,Promo 792,Temporada,11.72,2024-12-12,2025-04-10,Postpago,Smartphones
793,Promo 793,Fidelidad,20.42,2023-12-25,2025-04-10,Todos,Smartphones
794,Promo 794,Temporada,22.08,2024-08-22,2025-04-10,Postpago,Todos
795,Promo 795,Temporada,37.64,2023-07-11,2025-04-10,Todos,Smartphones
796,Promo 796,Fidelidad,34.83,2024-04-12,2025-04-10,Prepago,Todos
797,Promo 797,Fidelidad,30.03,2024-07-16,2025-04-10,Prepago,Todos
798,Promo 798,Fidelidad,24.97,2025-03-26,2025-04-10,Todos,Todos
799,Promo 799,Temporada,12.76,2025-03-19,2025-04-10,Prepago,Todos
800,Promo 800,Fidelidad,10.54,2025-01-23,2025-04-10,Prepago,Todos
801,Promo 801,Fidelidad,30.48,2023-06-08,2025-04-10,Prepago,Smartphones
802,Promo 802,Fidelidad,41.9,2024-09-06,2025-04-10,Postpago,Todos
803,Promo 803,Fidelidad,23.1,2024-01-29,2025-04-10,Postpago,Smartphones
804,Promo 804,Temporada,24.97,2024-08-23,2025-04-10,Postpago,Tablets
805,Promo 805,Temporada,36.0,2024-04-10,2025-04-10,Todos,Todos
806,Promo 806,Temporada,36.76,2024-11-06,2025-04-10,Postpago,Todos
807,Promo 807,Fidelidad,43.91,2024-07-24,2025-04-10,Todos,Todos
808,Promo 808,Fidelidad,44.51,2023-05-18,2025-04-10,Postpago,Todos
809,Promo 809,Temporada,30.95,2025-03-26,2025-04-10,Postpago,Tablets
810,Promo 810,Temporada,24.03,2025-01-24,2025-04-10,Todos,Tablets
811,Promo 811,Temporada,47.89,2023-07-03,2025-04-10,Postpago,Tablets
812,Promo 812,Fidelidad,35.22,2023-08-20,2025-04-10,Prepago,Todos
813,Promo 813,Temporada,37.83,2024-04-12,2025-04-10,Todos,Tablets
814,Promo 814,Temporada,31.92,2024-10-02,2025-04-10,Prepago,Todos
815,Promo 815,Fidelidad,37.29,2024-02-23,2025-04-10,Postpago,Smartphones
816,Promo 816,Temporada,32.1,2024-12-01,2025-04-10,Postpago,Tablets
817,Promo 817,Fidelidad,46.01,2024-11-19,2025-04-10,Postpago,Smartphones
818,Promo 818,Fidelidad,8.84,2023-10-31,2025-04-10,Postpago,Todos
819,Promo 819,Temporada,10.09,2023-09-27,2025-04-10,Prepago,Todos
820,Promo 820,Temporada,36.01,2024-10-07,2025-04-10,Todos,Tablets
821,Promo 821,Fidelidad,6.58,2024-02-26,2025-04-10,Prepago,Smartphones
822,Promo 822,Fidelidad,43.79,2023-12-08,2025-04-10,Todos,Tablets
823,Promo 823,Temporada,12.23,2023-08-21,2025-04-10,Todos,Tablets
824,Promo 824,Fidelidad,31.65,2023-06-16,2025-04-10,Postpago,Smartphones
825,Promo 825,Temporada,40.06,2023-06-27,2025-04-10,Todos,Tablets
826,Promo 826,Fidelidad,29.68,2024-03-29,2025-04-10,Postpago,Todos
827,Promo 827,Temporada,35.22,2024-12-11,2025-04-10,Postpago,Smartphones
828,Promo 828,Fidelidad,6.18,2024-08-14,2025-04-10,Postpago,Smartphones
829,Promo 829,Temporada,7.34,2023-04-24,2025-04-10,Prepago,Smartphones
830,Promo 830,Fidelidad,30.2,2023-11-21,2025-04-10,Postpago,Tablets
831,Promo 831,Fidelidad,42.31,2024-10-07,2025-04-10,Todos,Smartphones
832,Promo 832,Temporada,15.78,2023-08-16,2025-04-10,Postpago,Smartphones
833,Promo 833,Fidelidad,24.22,2025-01-04,2025-04-10,Todos,Smartphones
834,Promo 834,Temporada,46.85,2025-02-13,2025-04-10,Postpago,Smartphones
835,Promo 835,Fidelidad,24.44,2025-04-08,2025-04-10,Postpago,Todos
836,Promo 836,Temporada,43.83,2025-01-26,2025-04-10,Todos,Smartphones
837,Promo 837,Temporada,14.6,2025-01-17,2025-04-10,Todos,Todos
838,Promo 838,Temporada,34.13,2024-08-18,2025-04-10,Prepago,Tablets
839,Promo 839,Temporada,37.37,2024-12-29,2025-04-10,Prepago,Smartphones
840,Promo 840,Temporada,7.14,2025-01-22,2025-04-10,Prepago,Tablets
841,Promo 841,Fidelidad,30.9,2023-07-18,2025-04-10,Prepago,Tablets
842,Promo 842,Fidelidad,47.98,2024-02-05,2025-04-10,Prepago,Smartphones
843,Promo 843,Fidelidad,34.65,2023-08-06,2025-04-10,Prepago,Smartphones
844,Promo 844,Temporada,38.37,2023-10-09,2025-04-10,Todos,Smartphones
845,Promo 845,Fidelidad,46.5,2024-10-04,2025-04-10,Prepago,Todos
846,Promo 846,Fidelidad,14.14,2023-07-07,2025-04-10,Prepago,Todos
847,Promo 847,Fidelidad,18.39,2024-02-06,2025-04-10,Prepago,Smartphones
848,Promo 848,Temporada,26.61,2023-08-05,2025-04-10,Prepago,Todos
849,Promo 849,Fidelidad,8.72,2023-09-08,2025-04-10,Postpago,Todos
850,Promo 850,Temporada,22.54,2023-08-16,2025-04-10,Prepago,Tablets
851,Promo 851,Fidelidad,12.82,2024-04-22,2025-04-10,Postpago,Tablets
852,Promo 852,Fidelidad,23.96,2024-01-26,2025-04-10,Postpago,Todos
853,Promo 853,Temporada,26.88,2025-03-15,2025-04-10,Prepago,Tablets
854,Promo 854,Fidelidad,29.98,2024-06-25,2025-04-10,Todos,Tablets
855,Promo 855,Temporada,29.98,2024-08-07,2025-04-10,Todos,Tablets
856,Promo 856,Fidelidad,5.63,2023-07-01,2025-04-10,Todos,Tablets
857,Promo 857,Fidelidad,8.49,2023-04-23,2025-04-10,Postpago,Todos
858,Promo 858,Fidelidad,18.1,2024-11-21,2025-04-10,Todos,Smartphones
859,Promo 859,Temporada,17.44,2024-10-07,2025-04-10,Postpago,Tablets
860,Promo 860,Temporada,46.54,2024-12-30,2025-04-10,Todos,Smartphones
861,Promo 861,Fidelidad,38.43,2024-02-04,2025-04-10,Postpago,Todos
862,Promo 862,Fidelidad,11.83,2023-05-01,2025-04-10,Todos,Smartphones
863,Promo 863,Temporada,22.66,2025-02-03,2025-04-10,Postpago,Tablets
864,Promo 864,Temporada,37.88,2024-02-22,2025-04-10,Todos,Todos
865,Promo 865,Fidelidad,46.18,2025-01-31,2025-04-10,Postpago,Todos
866,Promo 866,Fidelidad,13.33,2023-11-05,2025-04-10,Todos,Todos
867,Promo 867,Temporada,49.59,2023-10-25,2025-04-10,Prepago,Todos
868,Promo 868,Temporada,17.08,2023-12-20,2025-04-10,Todos,Smartphones
869,Promo 869,Fidelidad,6.79,2024-11-30,2025-04-10,Postpago,Tablets
870,Promo 870,Temporada,47.98,2024-10-16,2025-04-10,Postpago,Smartphones
871,Promo 871,Fidelidad,28.64,2024-05-12,2025-04-10,Prepago,Smartphones
872,Promo 872,Fidelidad,38.22,2024-12-30,2025-04-10,Postpago,Todos
873,Promo 873,Temporada,7.38,2024-06-07,2025-04-10,Prepago,Todos
874,Promo 874,Temporada,41.5,2024-06-19,2025-04-10,Prepago,Tablets
875,Promo 875,Fidelidad,9.73,2023-06-18,2025-04-10,Postpago,Smartphones
876,Promo 876,Temporada,38.01,2023-09-18,2025-04-10,Prepago,Todos
877,Promo 877,Fidelidad,15.04,2024-01-10,2025-04-10,Todos,Tablets
878,Promo 878,Temporada,40.0,2024-11-03,2025-04-10,Todos,Todos
879,Promo 879,Temporada,33.49,2024-12-16,2025-04-10,Postpago,Todos
880,Promo 880,Temporada,10.3,2024-09-07,2025-04-10,Prepago,Todos
881,Promo 881,Temporada,10.79,2023-06-01,2025-04-10,Prepago,Smartphones
882,Promo 882,Temporada,41.13,2024-01-05,2025-04-10,Todos,Todos
883,Promo 883,Temporada,15.91,2023-05-06,2025-04-10,Postpago,Smartphones
884,Promo 884,Temporada,17.78,2024-12-24,2025-04-10,Todos,Todos
885,Promo 885,Temporada,31.44,2023-10-21,2025-04-10,Prepago,Todos
886,Promo 886,Fidelidad,42.0,2024-05-04,2025-04-10,Postpago,Smartphones
887,Promo 887,Temporada,46.9,2024-08-24,2025-04-10,Postpago,Todos
888,Promo 888,Fidelidad,17.94,2024-09-20,2025-04-10,Todos,Smartphones
889,Promo 889,Fidelidad,16.35,2025-01-15,2025-04-10,Postpago,Tablets
890,Promo 890,Fidelidad,24.84,2024-02-20,2025-04-10,Todos,Smartphones
891,Promo 891,Fidelidad,21.71,2024-11-17,2025-04-10,Todos,Smartphones
892,Promo 892,Fidelidad,46.69,2023-06-20,2025-04-10,Todos,Todos
893,Promo 893,Fidelidad,35.6,2024-07-24,2025-04-10,Postpago,Tablets
894,Promo 894,Temporada,39.25,2024-08-31,2025-04-10,Postpago,Smartphones
895,Promo 895,Temporada,19.29,2023-06-01,2025-04-10,Todos,Todos
896,Promo 896,Fidelidad,19.79,2024-05-12,2025-04-10,Postpago,Smartphones
897,Promo 897,Temporada,7.17,2023-06-09,2025-04-10,Postpago,Todos
898,Promo 898,Fidelidad,31.82,2024-08-02,2025-04-10,Postpago,Tablets
899,Promo 899,Fidelidad,19.53,2023-12-03,2025-04-10,Todos,Smartphones
900,Promo 900,Temporada,41.84,2023-05-09,2025-04-10,Postpago,Todos
901,Promo 901,Temporada,47.15,2024-02-06,2025-04-10,Prepago,Todos
902,Promo 902,Fidelidad,41.47,2023-05-02,2025-04-10,Todos,Smartphones
903,Promo 903,Temporada,37.87,2024-07-02,2025-04-10,Prepago,Todos
904,Promo 904,Fidelidad,38.96,2025-03-31,2025-04-10,Postpago,Smartphones
905,Promo 905,Temporada,37.7,2024-12-22,2025-04-10,Todos,Tablets
906,Promo 906,Temporada,18.16,2025-02-28,2025-04-10,Todos,Tablets
907,Promo 907,Temporada,19.36,2024-05-11,2025-04-10,Prepago,Tablets
908,Promo 908,Fidelidad,6.9,2024-02-11,2025-04-10,Postpago,Todos
909,Promo 909,Fidelidad,38.54,2024-02-24,2025-04-10,Todos,Smartphones
910,Promo 910,Fidelidad,33.84,2025-01-02,2025-04-10,Todos,Tablets
911,Promo 911,Fidelidad,6.24,2023-06-25,2025-04-10,Todos,Tablets
912,Promo 912,Temporada,20.96,2024-01-04,2025-04-10,Prepago,Smartphones
913,Promo 913,Fidelidad,21.08,2025-01-17,2025-04-10,Prepago,Tablets
914,Promo 914,Fidelidad,17.22,2024-12-10,2025-04-10,Todos,Tablets
915,Promo 915,Fidelidad,10.75,2023-09-24,2025-04-10,Todos,Todos
916,Promo 916,Temporada,17.03,2024-09-02,2025-04-10,Prepago,Todos
917,Promo 917,Fidelidad,42.58,2025-01-29,2025-04-10,Todos,Tablets
918,Promo 918,Fidelidad,40.95,2024-12-24,2025-04-10,Todos,Todos
919,Promo 919,Fidelidad,10.07,2024-11-16,2025-04-10,Postpago,Tablets
920,Promo 920,Temporada,48.5,2024-04-29,2025-04-10,Postpago,Tablets
921,Promo 921,Temporada,21.77,2024-12-03,2025-04-10,Todos,Tablets
922,Promo 922,Temporada,8.22,2025-01-18,2025-04-10,Prepago,Tablets
923,Promo 923,Temporada,38.81,2024-12-19,2025-04-10,Prepago,Tablets
924,Promo 924,Fidelidad,49.87,2023-08-24,2025-04-10,Postpago,Tablets
925,Promo 925,Fidelidad,34.1,2023-05-08,2025-04-10,Postpago,Smartphones
926,Promo 926,Temporada,24.76,2023-06-03,2025-04-10,Todos,Smartphones
927,Promo 927,Temporada,48.19,2023-09-04,2025-04-10,Prepago,Smartphones
928,Promo 928,Fidelidad,8.25,2024-06-09,2025-04-10,Prepago,Smartphones
929,Promo 929,Fidelidad,12.99,2023-07-26,2025-04-10,Prepago,Tablets
930,Promo 930,Fidelidad,48.79,2024-06-17,2025-04-10,Prepago,Tablets
931,Promo 931,Temporada,39.19,2023-11-05,2025-04-10,Todos,Tablets
932,Promo 932,Temporada,16.47,2024-07-03,2025-04-10,Prepago,Todos
933,Promo 933,Temporada,26.23,2024-03-16,2025-04-10,Todos,Tablets
934,Promo 934,Fidelidad,35.85,2023-10-06,2025-04-10,Todos,Tablets
935,Promo 935,Temporada,10.61,2023-09-02,2025-04-10,Postpago,Tablets
936,Promo 936,Fidelidad,35.28,2024-02-10,2025-04-10,Prepago,Smartphones
937,Promo 937,Temporada,20.45,2024-04-15,2025-04-10,Todos,Smartphones
938,Promo 938,Fidelidad,40.81,2023-07-13,2025-04-10,Postpago,Smartphones
939,Promo 939,Temporada,10.8,2023-11-07,2025-04-10,Postpago,Todos
940,Promo 940,Temporada,16.02,2025-01-01,2025-04-10,Postpago,Todos
941,Promo 941,Fidelidad,39.36,2023-11-05,2025-04-10,Todos,Smartphones
942,Promo 942,Temporada,17.57,2025-01-28,2025-04-10,Prepago,Smartphones
943,Promo 943,Temporada,43.76,2024-11-07,2025-04-10,Todos,Tablets
944,Promo 944,Temporada,5.42,2024-08-26,2025-04-10,Todos,Tablets
945,Promo 945,Fidelidad,16.98,2024-02-26,2025-04-10,Postpago,Tablets
946,Promo 946,Fidelidad,37.28,2023-06-04,2025-04-10,Prepago,Todos
947,Promo 947,Temporada,47.46,2024-08-11,2025-04-10,Prepago,Tablets
948,Promo 948,Temporada,34.52,2024-08-30,2025-04-10,Prepago,Smartphones
949,Promo 949,Fidelidad,22.19,2025-04-06,2025-04-10,Todos,Todos
950,Promo 950,Fidelidad,12.03,2024-06-19,2025-04-10,Todos,Todos
951,Promo 951,Temporada,40.55,2024-12-27,2025-04-10,Prepago,Todos
952,Promo 952,Fidelidad,49.83,2024-05-11,2025-04-10,Todos,Smartphones
953,Promo 953,Fidelidad,47.76,2025-03-06,2025-04-10,Postpago,Smartphones
954,Promo 954,Temporada,27.25,2024-01-31,2025-04-10,Todos,Smartphones
955,Promo 955,Temporada,44.51,2024-01-24,2025-04-10,Todos,Smartphones
956,Promo 956,Temporada,49.4,2024-07-29,2025-04-10,Postpago,Smartphones
957,Promo 957,Fidelidad,6.0,2023-06-22,2025-04-10,Prepago,Smartphones
958,Promo 958,Temporada,42.59,2023-06-26,2025-04-10,Postpago,Tablets
959,Promo 959,Fidelidad,47.84,2023-08-01,2025-04-10,Todos,Smartphones
960,Promo 960,Temporada,38.47,2025-03-25,2025-04-10,Prepago,Smartphones
961,Promo 961,Fidelidad,44.65,2024-08-20,2025-04-10,Postpago,Tablets
962,Promo 962,Temporada,22.16,2023-11-23,2025-04-10,Postpago,Smartphones
963,Promo 963,Fidelidad,36.99,2024-12-14,2025-04-10,Todos,Smartphones
964,Promo 964,Fidelidad,26.39,2023-09-29,2025-04-10,Prepago,Todos
965,Promo 965,Fidelidad,24.29,2024-03-19,2025-04-10,Todos,Todos
966,Promo 966,Fidelidad,25.26,2025-03-01,2025-04-10,Postpago,Tablets
967,Promo 967,Fidelidad,14.75,2024-12-16,2025-04-10,Postpago,Tablets
968,Promo 968,Fidelidad,25.52,2024-07-12,2025-04-10,Todos,Todos
969,Promo 969,Fidelidad,25.64,2024-09-19,2025-04-10,Prepago,Tablets
970,Promo 970,Temporada,19.31,2023-09-07,2025-04-10,Postpago,Smartphones
971,Promo 971,Temporada,19.51,2023-09-17,2025-04-10,Postpago,Todos
972,Promo 972,Fidelidad,15.32,2024-05-02,2025-04-10,Postpago,Todos
973,Promo 973,Fidelidad,8.9,2023-09-04,2025-04-10,Postpago,Smartphones
974,Promo 974,Fidelidad,22.5,2024-08-08,2025-04-10,Postpago,Tablets
975,Promo 975,Temporada,17.82,2023-09-14,2025-04-10,Todos,Smartphones
976,Promo 976,Temporada,16.01,2023-09-10,2025-04-10,Prepago,Tablets
977,Promo 977,Fidelidad,23.8,2023-11-04,2025-04-10,Postpago,Smartphones
978,Promo 978,Temporada,31.86,2024-03-12,2025-04-10,Prepago,Tablets
979,Promo 979,Fidelidad,41.96,2023-10-23,2025-04-10,Prepago,Todos
980,Promo 980,Temporada,12.55,2024-06-08,2025-04-10,Prepago,Smartphones
981,Promo 981,Temporada,8.99,2024-06-06,2025-04-10,Prepago,Todos
982,Promo 982,Temporada,32.71,2024-11-14,2025-04-10,Prepago,Tablets
983,Promo 983,Fidelidad,24.26,2023-10-12,2025-04-10,Prepago,Tablets
984,Promo 984,Fidelidad,15.4,2023-10-26,2025-04-10,Prepago,Tablets
985,Promo 985,Fidelidad,42.27,2024-06-29,2025-04-10,Prepago,Smartphones
986,Promo 986,Temporada,22.99,2024-04-16,2025-04-10,Postpago,Smartphones
987,Promo 987,Fidelidad,40.37,2024-08-05,2025-04-10,Prepago,Smartphones
988,Promo 988,Fidelidad,48.18,2024-08-01,2025-04-10,Postpago,Todos
989,Promo 989,Fidelidad,16.97,2024-12-20,2025-04-10,Todos,Smartphones
990,Promo 990,Temporada,14.52,2023-07-27,2025-04-10,Prepago,Tablets
991,Promo 991,Fidelidad,19.19,2024-09-06,2025-04-10,Postpago,Todos
992,Promo 992,Temporada,23.84,2024-11-23,2025-04-10,Prepago,Tablets
993,Promo 993,Fidelidad,18.78,2024-09-22,2025-04-10,Postpago,Smartphones
994,Promo 994,Temporada,11.16,2024-04-22,2025-04-10,Prepago,Todos
995,Promo 995,Fidelidad,13.0,2023-10-20,2025-04-10,Todos,Todos
996,Promo 996,Temporada,14.82,2023-05-02,2025-04-10,Todos,Todos
997,Promo 997,Fidelidad,18.96,2024-08-23,2025-04-10,Todos,Todos
998,Promo 998,Fidelidad,30.14,2023-12-24,2025-04-10,Postpago,Todos
999,Promo 999,Fidelidad,16.1,2023-06-08,2025-04-10,Todos,Todos
1000,Promo 1000,Fidelidad,27.84,2024-08-09,2025-04-10,Todos,Smartphones
