id_soporte,tipo_incidente,canal_contacto,resolucion,tiempo_respuesta,agente,satisfaccion,fecha_contacto
1,Consulta,App,Yes find wait.,57,Terri Singleton,Alta,2024-06-29
2,Reclamo,Web,Peace certainly condition main.,4,Sarah Mcdaniel,Media,2025-03-27
3,Corte,Teléfono,In happen health learn west.,77,Julie Webster,Alta,2024-10-17
4,Consulta,App,Alone agent matter design prevent.,104,Lisa Blair,Alta,2024-08-28
5,Consulta,App,Provide vote hotel check push fight.,58,Stacy Bennett,Baja,2024-09-27
6,Corte,Teléfono,Country outside create.,96,Kristin Nichols,Media,2025-03-15
7,Corte,Web,Western role modern stop blood listen.,19,Joy Ball,Alta,2024-09-05
8,Consulta,Teléfono,Draw century process spring.,99,Sonya Sawyer,Media,2024-07-06
9,Corte,Teléfono,Hear scene study window activity.,8,Brenda Hoffman,Media,2024-12-03
10,Consulta,App,Wish rate decision.,71,Denise Townsend,Alta,2024-07-12
11,Corte,Web,Development base establish.,53,Guy Scott,Alta,2025-01-27
12,Corte,App,Nice certainly such imagine also media.,78,Amy Martinez,Media,2025-04-04
13,Consulta,App,Live center friend job.,45,Stephen George,Baja,2025-03-23
14,Corte,Teléfono,Same practice four stay would.,68,Sara Wood,Baja,2024-06-28
15,Corte,Web,One couple his can already side.,92,Tiffany Floyd,Alta,2024-10-07
16,Corte,Web,Education down anyone in arm.,101,Angela Wood,Baja,2024-11-17
17,Consulta,Web,Imagine reveal after determine.,106,Joy Buchanan,Media,2024-05-09
18,Reclamo,Web,Them authority attorney.,86,Adam Weaver,Baja,2024-07-03
19,Reclamo,App,Role amount night.,76,Amanda Riley,Baja,2024-05-24
20,Consulta,Web,Certain drive public food.,5,Edward Phillips,Alta,2025-02-01
21,Consulta,Teléfono,Republican value effect pick mean.,104,Christina Santiago,Baja,2025-01-07
22,Consulta,Web,Building hot style.,31,Samantha Casey,Media,2024-11-10
23,Corte,Teléfono,Contain list decision many program space.,52,Anthony Duffy,Alta,2024-07-03
24,Consulta,App,Various south certain news particularly.,90,Kimberly Thompson,Alta,2024-08-20
25,Corte,Teléfono,Development edge people.,32,George Morrow,Baja,2024-05-18
26,Reclamo,Teléfono,Common group example although.,52,Amy Jacobs,Baja,2024-10-13
27,Reclamo,Teléfono,Yes security add service activity.,8,Victoria Burgess,Baja,2024-04-17
28,Corte,Teléfono,Will way ground.,10,Wanda Rivera,Alta,2024-08-24
29,Consulta,Teléfono,Accept number brother necessary.,59,Abigail Donaldson,Media,2025-03-23
30,Reclamo,Web,Plant need friend.,28,John Mitchell,Alta,2025-01-23
31,Consulta,Teléfono,Those similar training politics.,20,Deborah Morris,Baja,2025-01-20
32,Consulta,Teléfono,Fear list she.,92,Jessica Jones,Media,2025-01-26
33,Consulta,App,West growth important serve compare.,65,Robert Perez,Baja,2024-04-18
34,Corte,App,Military manage company much.,106,Miguel Hernandez,Media,2025-01-11
35,Reclamo,Teléfono,Between though weight.,14,Mark Knight,Media,2024-05-29
36,Consulta,App,Old check tax.,69,Vanessa Soto,Media,2025-03-31
37,Reclamo,Web,Determine on follow choice.,27,William Bailey,Alta,2024-07-05
38,Corte,App,Hope action share.,52,Marc Schneider,Media,2025-03-31
39,Consulta,App,Do arrive price behavior people management.,40,Christopher Harris,Media,2024-09-07
40,Reclamo,Web,Value occur leg first senior.,71,Ryan Harding,Baja,2025-02-17
41,Corte,App,Again former fine dinner near full church.,44,Mr. James Mccann,Baja,2024-05-09
42,Consulta,App,Charge friend throughout since go into.,99,Mrs. Tracie Daniels,Baja,2024-07-02
43,Consulta,Teléfono,Play system he friend action.,39,Amanda Briggs,Alta,2024-09-07
44,Corte,Teléfono,Vote term memory recently pretty.,58,Jonathan Macdonald,Alta,2024-07-22
45,Consulta,Web,Clear dog fast remain wrong so.,44,Johnny Flores,Baja,2025-03-07
46,Consulta,Teléfono,Less enough how important into begin.,94,Adam Taylor,Alta,2024-12-11
47,Consulta,App,Animal enough southern particular institution lead.,100,Terri Cook,Media,2024-12-07
48,Consulta,Teléfono,Nation fall very it eat likely.,109,Cindy Jones,Media,2024-06-30
49,Reclamo,App,Unit find close.,54,Abigail Hughes,Media,2024-09-13
50,Consulta,Teléfono,Family friend total find paper.,59,Jill Klein,Baja,2025-02-04
51,Corte,Teléfono,Or charge trouble within.,24,Mary Hodge,Alta,2024-08-04
52,Corte,Web,Attorney perform bag.,4,Cassandra Peterson,Alta,2025-01-31
53,Consulta,App,Reduce energy animal still by can.,8,Andrew Miller,Alta,2024-12-06
54,Consulta,App,Right fight people open spend piece.,8,Shawn Johnson,Baja,2024-07-22
55,Reclamo,Teléfono,Be nor result best.,7,Peter Patrick,Baja,2024-10-30
56,Consulta,Web,Nation important decide.,12,Theresa Morales,Baja,2025-02-21
57,Consulta,App,Blood left deal particularly night positive.,20,Stephanie Castillo,Alta,2024-06-21
58,Corte,App,How industry become month at hospital.,118,David Davis,Baja,2025-02-02
59,Consulta,App,What person put see.,11,Todd Houston,Baja,2024-07-03
60,Consulta,Web,Her market individual.,25,Peter Warren,Baja,2024-07-02
61,Corte,Teléfono,Five change customer participant hope likely.,90,Erin White,Baja,2024-08-16
62,Consulta,Web,State building reduce pass gun.,17,Mr. Nathan Jacobs MD,Baja,2025-01-11
63,Consulta,App,Buy adult enter need.,107,Cathy Valdez,Baja,2024-10-01
64,Consulta,Web,Buy seven west beyond toward.,93,Claudia Watkins,Alta,2024-09-20
65,Reclamo,Teléfono,Support doctor above national experience soon.,45,Rachel Jennings,Baja,2024-05-20
66,Reclamo,Teléfono,Work buy college next son.,68,Tara Copeland,Media,2024-06-20
67,Consulta,Teléfono,Once impact agreement according mother.,62,Daniel Vasquez,Media,2024-12-21
68,Corte,Web,Pretty notice know star teach sing.,66,Annette Sims,Alta,2024-05-24
69,Corte,App,Different include forward.,56,Michelle Woods,Media,2024-05-21
70,Reclamo,Web,Economic never sort mind job this.,117,Patricia Smith,Baja,2024-04-20
71,Consulta,Teléfono,Room recognize present pattern.,63,Lisa James,Media,2024-10-21
72,Corte,Teléfono,Section reveal walk letter.,49,Joshua Taylor,Baja,2024-04-25
73,Corte,App,Side drive inside.,118,Daniel Jones,Alta,2024-08-27
74,Reclamo,Web,Defense ask action top identify close.,97,Grace Alvarez,Baja,2024-05-15
75,Consulta,Teléfono,Involve with piece particularly computer bank.,63,Monica Reeves,Baja,2024-12-30
76,Consulta,Web,Media network around.,83,Blake Stevens,Baja,2024-10-24
77,Reclamo,App,Order record type.,119,Jordan Smith,Baja,2025-03-26
78,Reclamo,Web,Affect pull thing consider region find phone.,40,Geoffrey Summers,Alta,2024-09-25
79,Consulta,Teléfono,Nor energy eye week clearly.,47,Tony Martin,Media,2024-06-27
80,Reclamo,Teléfono,Pressure him professional book forward.,40,Kaitlyn Lee,Baja,2024-12-11
81,Reclamo,Web,Feeling next show agreement book least.,26,Parker Miller,Baja,2024-12-04
82,Reclamo,Teléfono,Sometimes require finally war.,16,Jonathan Reyes,Alta,2024-09-08
83,Corte,Web,Imagine community value store suddenly major.,10,Michelle Martinez,Baja,2024-05-15
84,Corte,App,Federal only easy though meeting new.,102,Jennifer Thomas,Alta,2024-06-11
85,Reclamo,Teléfono,Support young compare kid.,47,David Ortega,Media,2024-12-04
86,Consulta,Web,Road person national talk gun.,51,Olivia Gray,Media,2025-01-27
87,Consulta,App,Old pick charge person rock.,48,Alicia Petersen,Alta,2024-09-03
88,Corte,Teléfono,Owner sell hotel.,96,Anthony Alexander,Baja,2024-10-10
89,Consulta,App,Key do may.,12,Phillip Hernandez MD,Alta,2025-03-25
90,Consulta,App,Him how ok produce again.,113,Melanie Schultz,Media,2025-01-05
91,Consulta,Web,Toward benefit key movement remember.,1,Ashley Salas,Alta,2024-06-16
92,Consulta,App,Report after build then hospital.,7,Jose Meyers,Baja,2025-01-29
93,Reclamo,Web,Various part kitchen.,10,Katelyn Allen,Baja,2024-07-21
94,Corte,Teléfono,Medical account note.,55,Carla Harris,Alta,2024-05-18
95,Consulta,App,Magazine speech music despite guess move.,4,Hannah Lopez,Alta,2024-12-10
96,Corte,App,Any energy her.,21,Lauren Brown,Baja,2025-03-28
97,Reclamo,Teléfono,Mission scene decision affect choose.,40,Hannah White,Baja,2024-11-03
98,Consulta,Web,Lot project hundred behind section.,82,Terrence Hester,Alta,2025-02-01
99,Reclamo,Web,Up people road.,115,Thomas Young,Media,2024-05-12
100,Corte,App,Director beyond situation cell edge.,4,Melissa Smith,Media,2024-06-11
101,Consulta,Teléfono,Growth activity door its light protect.,4,Karen Phillips,Alta,2024-12-30
102,Consulta,Teléfono,Animal task language at take.,3,William Williams,Media,2024-12-20
103,Corte,App,Red store carry conference read.,91,Michael Nelson,Media,2025-04-02
104,Reclamo,Teléfono,Without wonder teacher put believe.,65,Shaun Jones,Alta,2025-02-03
105,Reclamo,Web,Feeling inside decision term some.,33,Meagan Castaneda,Alta,2025-01-08
106,Consulta,Teléfono,Study share agree great.,59,Kenneth Gomez,Alta,2024-05-05
107,Reclamo,Teléfono,Truth could force subject enter.,100,Martin Harris,Baja,2024-05-09
108,Reclamo,Teléfono,Process experience artist.,91,Cody Pena,Alta,2024-05-03
109,Reclamo,Web,Anything executive there employee.,75,Mary Stephens,Baja,2024-04-13
110,Reclamo,Teléfono,On bar improve.,115,Bradley Owen,Alta,2024-10-07
111,Corte,Teléfono,Time option rich reflect onto of.,38,Mr. Jeffrey Johnson MD,Media,2024-11-05
112,Reclamo,Web,Plant sign citizen however professor down.,46,Charles Castillo,Alta,2024-09-06
113,Consulta,Teléfono,What unit visit pay.,18,Robert Holmes,Alta,2024-12-14
114,Reclamo,Teléfono,Off good much.,41,James Parker,Baja,2024-07-17
115,Corte,Web,Off plant commercial address artist strong.,12,Nicole Moore,Media,2024-11-12
116,Corte,App,I impact foreign election personal quality.,95,Theodore Houston,Alta,2025-01-05
117,Consulta,Teléfono,Write box history culture sometimes.,69,Crystal Little DDS,Media,2024-09-20
118,Corte,Web,Recognize accept purpose head medical.,56,Sharon Schroeder,Baja,2024-10-05
119,Corte,Teléfono,East chance religious most become husband.,48,Donna Andrews,Media,2024-12-09
120,Reclamo,App,Huge this many term.,5,Allen Gibson,Alta,2024-07-20
121,Reclamo,Teléfono,Shoulder every to worker treat station.,18,Dawn Jacobs,Baja,2024-04-24
122,Reclamo,App,Now indeed treat.,51,Scott Thompson,Baja,2024-05-27
123,Corte,App,Concern happen resource out.,120,Nicole Carpenter,Media,2024-10-05
124,Reclamo,App,Major good follow develop.,26,Daniel Roberts,Media,2024-09-15
125,Reclamo,App,Stay fall young tree yet option.,102,Amanda Peterson,Baja,2024-04-15
126,Reclamo,App,Assume foreign Mr minute although talk.,85,Derek Golden,Baja,2024-08-09
127,Reclamo,App,Idea safe model.,60,Denise Bryant,Alta,2024-07-16
128,Consulta,Web,Way process provide medical.,27,Jason Jenkins,Media,2024-06-03
129,Consulta,Teléfono,Maybe read model perhaps his.,105,James Avila,Alta,2024-10-04
130,Corte,App,Reduce area expert.,93,Hunter Stark,Baja,2024-08-31
131,Reclamo,Web,Left including box improve factor.,47,Mary Herrera,Alta,2024-12-20
132,Reclamo,Teléfono,Accept source site identify.,95,Paul Aguilar,Alta,2024-11-20
133,Reclamo,Web,Decision into fine if live newspaper.,18,Maria Kelley,Alta,2024-12-25
134,Reclamo,Web,Laugh doctor speech action cold.,5,Bobby Wood,Alta,2025-02-22
135,Corte,App,Perform much special modern major meet.,29,Amanda Grimes,Alta,2024-12-29
136,Reclamo,Teléfono,During behind senior rise direction he.,109,Christian Rocha DDS,Baja,2024-08-05
137,Consulta,App,System leader half find.,65,Joe Miller,Alta,2024-05-24
138,Reclamo,Teléfono,Bed few there.,58,Jeremiah Roberts,Media,2024-07-27
139,Corte,Teléfono,Explain book stop letter.,115,Melissa Stevenson,Media,2024-07-24
140,Consulta,Teléfono,Top north method position song.,33,Lisa Jones,Alta,2025-04-08
141,Reclamo,Teléfono,Particular building end return ever.,60,Nicole Rodriguez,Media,2024-08-10
142,Consulta,Teléfono,Beyond attention last simply dark life.,62,Leonard Rice,Media,2024-10-18
143,Consulta,Web,Significant card coach explain charge.,50,Jennifer Brandt PhD,Alta,2024-12-09
144,Consulta,Teléfono,Everyone represent tonight although middle hot.,53,Alexander Barrett,Media,2024-04-15
145,Consulta,App,Create themselves upon.,68,Heather Nguyen,Media,2024-10-09
146,Corte,App,Six event time you man.,120,Jared Cochran,Alta,2024-12-26
147,Reclamo,App,Officer consumer pattern above.,7,Oscar Wiggins,Baja,2024-06-28
148,Consulta,Teléfono,Week alone brother herself.,40,Sherry Cowan,Baja,2024-06-08
149,Reclamo,Teléfono,Simple cold someone boy.,47,Nicholas Glover PhD,Media,2024-09-08
150,Reclamo,App,Course subject case group.,50,Sandra Castaneda,Media,2025-01-07
151,Reclamo,App,Candidate officer rate detail voice enjoy.,111,Shawn Watts,Alta,2024-05-02
152,Consulta,Teléfono,Land firm tax win look near.,37,Todd Thomas,Baja,2024-09-22
153,Corte,Web,Some between animal raise.,24,Kathryn Davis,Baja,2024-08-05
154,Consulta,Teléfono,Move tonight skin.,35,Wyatt Miller,Baja,2025-01-21
155,Consulta,Teléfono,Answer occur ask.,16,Jessica Curtis,Media,2024-07-06
156,Corte,App,Look sister gas face offer.,65,Steven Walker,Baja,2024-04-28
157,Corte,App,Wide house water.,107,Tiffany Duran,Alta,2024-06-24
158,Corte,App,Perhaps data tend name effect lot.,9,Chloe Rodriguez,Media,2024-08-27
159,Consulta,Teléfono,Reality series treatment major contain.,17,Sharon Macdonald,Baja,2024-10-02
160,Consulta,App,Between why result imagine artist customer.,24,Donna Palmer,Alta,2024-06-05
161,Reclamo,Web,Important brother join positive least music.,120,Robert Farley,Alta,2024-12-07
162,Consulta,Teléfono,Oil adult size field.,13,Ana Jenkins,Baja,2024-12-24
163,Corte,Web,Would general wall about employee.,32,Terri Davis,Alta,2024-08-09
164,Consulta,App,Response young group carry.,120,Randy Hanson,Alta,2025-01-16
165,Corte,App,Able popular red arm unit.,86,Tammy Chavez,Media,2024-07-17
166,Reclamo,Web,Skin him way society.,97,Nicholas Watson,Media,2024-10-09
167,Corte,Teléfono,Keep choice truth pass painting from.,50,Michael Melendez,Media,2024-09-23
168,Consulta,App,Southern growth skill unit notice memory.,23,Matthew Sharp,Baja,2025-02-03
169,Consulta,App,Any through development decision.,86,Thomas Cole,Alta,2025-02-17
170,Reclamo,App,Sea teacher among garden once.,3,Tammy Jordan,Media,2025-01-06
171,Reclamo,App,Economy today few of recent.,17,Holly Williams,Baja,2025-01-27
172,Consulta,Teléfono,Month bit no person off tree.,85,William Bird,Baja,2024-08-28
173,Consulta,Web,Because conference street take.,75,Beth Taylor,Baja,2024-07-22
174,Reclamo,Web,Condition station theory stop cover.,120,Luis Fletcher,Media,2024-10-12
175,Reclamo,Teléfono,Say us level.,18,John Hampton,Alta,2024-11-21
176,Consulta,App,Modern thought common.,57,Sean Dean,Media,2025-01-16
177,Corte,Teléfono,Prepare player east including consumer your.,40,Miguel Jackson,Media,2025-01-12
178,Corte,App,Both necessary help six.,91,Jerry Conway,Baja,2024-12-24
179,Reclamo,App,Cost crime police.,61,Isabel Norman,Alta,2024-05-12
180,Corte,App,Machine affect message body perhaps only.,10,Jay Alvarado,Baja,2024-11-30
181,Corte,Teléfono,Pay back play language.,17,Sandra Gay,Baja,2024-12-22
182,Consulta,Teléfono,Analysis prepare institution place support.,64,Patrick Chan,Baja,2025-01-21
183,Consulta,Web,Tend loss term final.,7,Timothy Santiago,Media,2024-05-04
184,Consulta,Teléfono,Material week market moment nice industry.,61,Jack Reynolds,Baja,2024-12-28
185,Reclamo,Web,Partner vote out them.,37,Matthew King,Media,2024-12-27
186,Consulta,App,Affect wear anything admit.,97,Amanda Ford,Media,2024-04-20
187,Reclamo,Web,Personal fast answer.,102,Brandon Grimes,Baja,2025-02-19
188,Reclamo,Web,Meeting century lead there.,1,Lisa Flynn,Baja,2024-09-22
189,Reclamo,App,Stay fight easy rule government.,7,Mr. Timothy Anderson,Baja,2024-11-23
190,Corte,Teléfono,Peace long policy not style.,83,Shelby Burke,Alta,2025-04-06
191,Corte,App,American course response hotel PM.,67,Sarah Hudson,Baja,2025-03-01
192,Corte,Teléfono,If occur bit what provide training.,13,Wesley Frey,Media,2024-05-17
193,Consulta,Web,Pick become study.,90,Scott Matthews,Alta,2025-02-13
194,Consulta,Teléfono,Poor according paper discover.,70,Jay James,Alta,2024-09-02
195,Reclamo,Teléfono,Everybody and build grow coach method window.,27,Christopher Barnes,Alta,2024-11-10
196,Corte,Web,When find east east wrong.,10,Hannah King,Baja,2025-02-18
197,Consulta,App,Through both let save much force.,104,Brian Chapman,Baja,2024-08-22
198,Reclamo,Teléfono,Other alone learn size industry close.,86,Barbara Thompson,Baja,2024-12-29
199,Reclamo,Web,Skill bit friend thank four wide.,95,Billy Smith,Alta,2024-06-13
200,Consulta,Web,This skin reflect nation attack Mr.,87,Julie Daniel,Alta,2024-07-10
201,Consulta,Teléfono,Suffer rich seem.,16,Sarah Moore,Alta,2024-06-14
202,Reclamo,Web,Prepare evidence certain.,61,James Mccall,Alta,2024-06-03
203,Corte,App,Behavior will much address avoid.,44,Ryan Turner,Media,2024-05-06
204,Corte,App,Goal nation somebody.,7,Bryce Drake,Baja,2024-12-30
205,Corte,Teléfono,Relationship moment air director base.,88,Alexis Hammond,Baja,2024-08-30
206,Consulta,Web,What professional cover various second report certain.,58,Paige Nunez,Media,2025-03-16
207,Consulta,Web,Star large two leader foot.,108,Miranda Randolph,Media,2024-11-22
208,Reclamo,Web,Color executive model.,46,Olivia Freeman,Baja,2024-06-04
209,Corte,Teléfono,Peace chair gas participant.,42,Andrea Gutierrez,Baja,2024-07-15
210,Corte,Teléfono,Collection head when.,77,Sean Stevens,Media,2024-08-22
211,Reclamo,Teléfono,Oil happy thing.,15,Dominique Lee,Baja,2025-03-07
212,Consulta,App,Force group all lead hard poor.,107,Stephanie Kelley DVM,Media,2024-10-10
213,Corte,Web,Carry experience budget bit mention officer.,102,Scott Kim,Alta,2025-03-25
214,Consulta,Teléfono,Board reflect wear similar.,7,Joshua Hall,Alta,2024-12-24
215,Reclamo,Web,Plan where imagine various.,67,Austin Drake,Baja,2024-10-13
216,Reclamo,Web,Lay cup leg.,12,William Garcia,Baja,2025-01-28
217,Consulta,Teléfono,Carry writer hard.,111,Mr. Jonathan Green Jr.,Baja,2024-07-03
218,Consulta,Teléfono,Stop city mean simple focus.,24,Megan Rice,Media,2025-01-10
219,Reclamo,App,Several sing quality.,51,Mary Morgan,Baja,2024-05-30
220,Consulta,Teléfono,Say poor church positive air.,43,Michele Smith,Alta,2024-09-17
221,Consulta,Teléfono,Rich education I note.,15,Heather Smith,Media,2024-08-29
222,Corte,Web,Available public begin wear surface.,48,Lucas Richard,Baja,2025-03-12
223,Corte,Web,President energy raise when.,83,Nicholas Bowen,Alta,2025-02-17
224,Consulta,Teléfono,Two school structure human southern huge.,59,Matthew Jackson,Baja,2025-02-20
225,Corte,Teléfono,Size writer ago ask half however.,13,Kevin Bradford,Baja,2024-11-19
226,Corte,Web,Begin health dark.,80,Thomas Bailey,Baja,2025-01-03
227,Consulta,Teléfono,Head development manage available.,38,Robert Miller,Alta,2024-06-27
228,Consulta,Teléfono,Place history drop series middle.,29,Mark Nelson,Alta,2024-05-24
229,Corte,Teléfono,Investment partner kid network truth.,21,Dale Williams,Baja,2025-03-04
230,Corte,Web,Hand speech green camera authority.,105,Jacob Foster,Media,2025-01-21
231,Reclamo,Web,Bit apply modern go.,116,Paula Olson,Baja,2024-07-28
232,Corte,App,Inside mind especially against measure action.,32,Sarah Holmes,Media,2024-10-02
233,Consulta,Web,News detail run.,39,Whitney Bailey,Media,2025-03-05
234,Consulta,Teléfono,East suffer child four his.,62,Max Patterson,Baja,2024-08-18
235,Reclamo,Web,General site how key camera thing.,16,Sean Fernandez,Media,2024-06-12
236,Corte,App,Window picture order another significant.,105,Carolyn Whitehead,Media,2024-05-16
237,Reclamo,Teléfono,End too but out still.,70,Robert Garner,Baja,2024-08-02
238,Consulta,Web,Direction dream candidate recent professional professional.,117,Steven Welch,Media,2024-10-06
239,Reclamo,Teléfono,Anyone understand result need moment star.,96,Robert Randall,Baja,2024-06-10
240,Reclamo,Teléfono,Side than tonight dog beautiful.,94,Roger Wong,Baja,2024-11-19
241,Reclamo,Web,Party eat court strategy base.,113,Richard Austin,Media,2024-07-14
242,Corte,Teléfono,Area news floor.,22,Richard Perry,Media,2024-10-22
243,Consulta,Teléfono,Involve sell represent central feel right.,58,Paul Rogers,Media,2024-10-18
244,Consulta,Teléfono,Whom response character nature carry our.,26,Yolanda Lara,Baja,2024-10-24
245,Consulta,Teléfono,Public need media first seven.,85,Brian Santiago,Baja,2024-09-02
246,Reclamo,App,Sing officer trip last common.,63,Nicholas Arnold,Alta,2024-05-20
247,Reclamo,Teléfono,Onto board perhaps spend whom.,25,Manuel Dixon,Alta,2024-12-11
248,Consulta,Teléfono,Cultural day east.,94,Christine Perez,Alta,2024-10-04
249,Reclamo,Teléfono,Serious method contain direction set you.,97,Gregory Curry,Alta,2024-06-16
250,Consulta,App,Follow yet meeting outside cover.,92,Samantha Mullen,Baja,2024-10-02
251,Corte,App,Education policy shoulder research daughter.,46,Christie Yates,Media,2024-04-21
252,Consulta,App,Front which thing they it improve.,88,Christine Bishop,Baja,2024-10-07
253,Corte,Web,Consumer usually upon wish.,18,Joseph Rojas,Baja,2024-05-11
254,Corte,Web,Letter direction range.,82,Matthew Griffin,Alta,2024-12-27
255,Corte,App,Suggest federal day body customer significant.,52,Kenneth Robbins,Media,2025-01-20
256,Reclamo,Web,Play exactly those fear subject.,24,Mitchell Good,Media,2024-06-02
257,Corte,Teléfono,Memory what admit may instead late.,95,Keith Livingston,Alta,2025-04-10
258,Reclamo,Web,Method job small much public across.,20,Christina Rice,Media,2025-02-02
259,Reclamo,Teléfono,Friend pretty firm begin.,66,Carol Gaines,Baja,2024-06-10
260,Reclamo,Teléfono,Else glass city television.,81,Ashlee Patel,Alta,2024-05-26
261,Reclamo,Web,Direction thing suffer fact within matter.,32,Mr. Matthew Charles,Baja,2024-12-15
262,Reclamo,Web,Check religious teach free beyond.,76,Mary Moon,Media,2024-11-11
263,Reclamo,App,Service subject ahead federal receive easy.,66,Sophia Hill,Baja,2024-06-05
264,Corte,Web,Accept buy article social yourself over.,100,Pamela West,Media,2024-05-21
265,Reclamo,Web,Cause father vote writer.,24,Courtney Torres,Media,2025-03-30
266,Corte,Web,Perform girl front.,33,Charles Peterson Jr.,Alta,2025-02-07
267,Reclamo,Teléfono,While forget eight.,46,Mary Hill,Media,2024-09-07
268,Consulta,Teléfono,There wait may enter language black.,99,Christopher Phillips,Baja,2024-05-12
269,Consulta,App,Goal view few type feeling.,110,David Huff,Media,2025-04-08
270,Reclamo,App,Front you coach note and.,27,Cheryl Rodgers,Baja,2024-08-16
271,Corte,Teléfono,Individual decision yes.,98,Travis Miller,Baja,2024-10-30
272,Corte,App,Police walk close sister.,12,John Smith,Baja,2024-12-31
273,Corte,App,Firm indicate answer dinner.,2,Heather Fitzpatrick,Alta,2024-11-03
274,Consulta,Web,Similar full drug research system whatever.,108,Anthony Wilson,Alta,2024-05-25
275,Corte,Web,Whatever stay few heavy find bring.,86,Brandon Wilson,Alta,2024-09-01
276,Consulta,Web,Young interesting hot mean produce total those.,112,Elizabeth Lamb,Baja,2024-09-13
277,Corte,App,Class yet paper official.,3,Lori Martinez,Media,2025-01-11
278,Reclamo,Teléfono,Recent job rule protect lay style.,51,Denise Perez,Baja,2025-02-03
279,Corte,Teléfono,Drive within rock short hard would.,108,Rebecca Harmon,Alta,2025-02-05
280,Consulta,Web,Out wonder list bit.,103,Cheyenne Hernandez,Alta,2024-09-17
281,Corte,App,There woman tell music movie section.,74,Ashley Mason,Baja,2024-09-23
282,Consulta,Teléfono,Moment world hear.,6,Justin Clements,Baja,2024-12-21
283,Reclamo,Web,Moment north himself build town call.,110,Stephanie Sutton,Media,2024-06-08
284,Consulta,App,Drug know million region pay almost.,19,Brian Lloyd,Baja,2024-06-25
285,Consulta,App,Coach site in reality as.,43,Christopher Shannon,Baja,2024-08-21
286,Consulta,Teléfono,Certainly decision lay market.,80,Lacey Mercado,Media,2024-10-03
287,Corte,Web,American wrong president evening.,44,David Wilson,Media,2024-06-11
288,Corte,App,Any night raise those three military.,112,Joe Mendez,Media,2024-06-28
289,Consulta,Teléfono,Sport executive door.,99,Mary Kennedy,Baja,2025-02-17
290,Reclamo,App,Share great whole.,96,Tony Davis,Alta,2025-02-26
291,Consulta,App,Finally fact situation that practice.,66,Amy Peters,Baja,2024-12-15
292,Corte,App,Through ready across move ask head.,20,Melinda Moore,Alta,2025-03-01
293,Reclamo,Web,Support fall commercial.,100,David Haley,Media,2024-12-07
294,Consulta,App,Almost realize whom picture example.,24,Mary Clark,Baja,2024-10-09
295,Reclamo,App,Tv spend girl trade audience determine.,79,Lisa Brown,Alta,2025-02-19
296,Consulta,App,Myself street scientist window program case.,32,Christopher Bates,Alta,2025-04-01
297,Consulta,App,Hotel expert professional school culture.,25,Logan Watson,Media,2024-11-14
298,Corte,Teléfono,Clearly adult then.,111,Michael Anderson,Media,2024-05-06
299,Reclamo,Teléfono,Necessary practice to point threat.,100,Tanya Dixon,Alta,2025-04-02
300,Reclamo,Web,Blood yes report.,101,Nicholas Russell,Baja,2024-09-25
301,Corte,Teléfono,Build including other order.,18,Rachel Andersen,Alta,2024-11-09
302,Corte,Web,Service can treatment.,69,Richard Tanner,Alta,2024-04-11
303,Corte,Teléfono,Light nature writer later cause.,32,Nicholas Hays,Media,2024-07-09
304,Corte,App,Doctor mean activity team.,6,Samantha Joyce,Alta,2024-08-24
305,Consulta,Web,Common identify recently my.,15,Frank Jones,Baja,2024-09-12
306,Corte,App,Song away experience game give ball.,118,Blake Spencer,Media,2024-09-13
307,Reclamo,Web,Performance then way.,22,Jennifer Weaver,Baja,2024-07-10
308,Corte,Teléfono,Especially prevent tonight score but talk.,99,Brenda Hughes,Alta,2025-01-20
309,Corte,Teléfono,Along sure yet language red.,47,Joseph Gutierrez,Baja,2025-02-06
310,Consulta,App,Many shake collection begin out admit.,41,Sean Frederick,Alta,2024-09-25
311,Corte,Teléfono,Relationship she event majority painting.,5,Mr. Jonathan Watson,Alta,2024-07-25
312,Reclamo,Teléfono,Culture audience evidence sell society someone.,20,Joshua Maynard,Alta,2025-01-08
313,Consulta,App,Behavior particular loss case.,18,Ralph Harris,Media,2024-10-15
314,Consulta,App,Probably course catch degree body her.,69,Russell Klein,Media,2024-09-01
315,Reclamo,Teléfono,Line employee recognize.,107,Kimberly Evans,Baja,2024-06-20
316,Consulta,App,Deal cell show.,107,Karen Blevins,Baja,2024-04-20
317,Corte,Web,Production style policy fact matter.,108,Melissa Combs,Baja,2024-11-13
318,Corte,Teléfono,Draw upon figure thank bank.,51,Stephanie Combs,Media,2025-01-22
319,Consulta,Teléfono,Teach garden space.,95,Joseph Johnson,Media,2024-08-16
320,Reclamo,App,Suddenly wind suffer.,21,John Mcconnell,Alta,2024-08-26
321,Reclamo,App,Inside unit mention blue.,50,Anthony Johnston,Baja,2024-08-02
322,Consulta,Web,Class group not fill good put.,108,Joshua Meyers,Alta,2025-02-14
323,Consulta,Teléfono,Hope college executive.,59,Ronald Lambert,Media,2024-07-19
324,Reclamo,Web,Individual enjoy outside fall.,56,Mike French,Baja,2024-09-02
325,Corte,App,Subject space analysis.,5,Jessica Hawkins,Media,2025-02-09
326,Corte,Web,Ok senior idea my.,45,Ronald Logan,Baja,2024-07-30
327,Reclamo,App,Eye alone meeting.,56,Nathaniel Wilson,Baja,2024-05-11
328,Consulta,Teléfono,Tv try factor manager against may.,108,Kelly Padilla,Baja,2024-06-30
329,Reclamo,App,Sometimes perhaps anything majority.,93,Brandi Goodman,Media,2024-05-01
330,Corte,App,Teacher response actually marriage.,17,Jason Moore,Alta,2024-10-03
331,Consulta,App,Us gas know.,13,Jean Wade,Baja,2024-07-08
332,Corte,Teléfono,Brother strong star.,96,Thomas Carney,Media,2024-11-28
333,Consulta,Teléfono,Indeed top improve improve political guy to.,95,Stacy Gomez,Alta,2024-04-14
334,Consulta,App,Candidate certain fall.,8,Travis Johnson,Baja,2024-04-24
335,Consulta,App,Significant show use accept into notice.,60,Theodore Paul MD,Baja,2024-05-16
336,Corte,App,Daughter day nature example report.,56,Melissa Proctor,Baja,2025-01-18
337,Reclamo,Teléfono,Of behavior customer station officer.,2,Shelby Anderson,Alta,2024-12-30
338,Corte,Teléfono,Education spring remember try.,27,Patrick Watkins,Media,2024-09-21
339,Consulta,Teléfono,Nation happy sound no answer increase.,76,Russell Terry,Baja,2024-05-26
340,Reclamo,App,Apply fall seem lose action film.,73,Leslie Jackson,Alta,2024-07-16
341,Corte,Web,Baby door anything pattern wear fire.,101,Ashley Carter DDS,Alta,2024-08-17
342,Corte,Web,Heavy street large cell talk upon.,69,Paula Moss,Baja,2025-02-13
343,Corte,App,Air evening agent.,57,Brian Kennedy,Alta,2025-01-10
344,Reclamo,Teléfono,Grow tough call.,37,Michael Dodson,Alta,2025-01-05
345,Corte,App,Deal thing audience.,6,Jennifer Wagner,Alta,2024-08-11
346,Consulta,Web,Often reflect lead continue medical daughter.,100,Brandon Graham,Media,2024-12-30
347,Corte,Web,Notice key watch their money watch.,71,Gabrielle Knight,Media,2024-08-11
348,Consulta,App,Accept pull upon.,55,Jeffrey Jenkins,Media,2025-01-19
349,Reclamo,Web,Sing dream herself skin same almost continue.,58,Thomas Adams,Alta,2025-02-02
350,Reclamo,Teléfono,Those do lot sit whether.,83,Lisa Soto,Alta,2025-01-03
351,Reclamo,App,Within down rise former even century.,6,Donald Stewart,Alta,2024-11-02
352,Consulta,App,Up keep forget.,117,Javier Blankenship,Alta,2024-08-30
353,Consulta,App,Voice deal campaign.,103,Alex Glover,Media,2024-11-25
354,Consulta,App,Office you nearly visit site exist.,75,Samantha Fitzgerald,Baja,2024-12-21
355,Corte,App,Everybody effect pick system herself year.,58,Tiffany Weaver,Media,2025-04-06
356,Consulta,App,Fire yourself school true center.,112,Shawn Ward,Baja,2024-04-15
357,Corte,App,Each must of list.,54,Kari Moore,Media,2025-04-03
358,Consulta,Web,Before throughout agent financial.,92,Haley Williams,Alta,2025-03-21
359,Reclamo,App,Continue training site three.,77,Edward Mendez,Media,2024-08-29
360,Corte,Web,Thus health miss doctor job manage.,16,Wendy Gentry,Baja,2024-08-06
361,Reclamo,App,Account real physical development training guess.,5,Ronald Park,Baja,2025-01-24
362,Consulta,Web,Team likely sort.,59,John Cannon,Alta,2024-07-08
363,Reclamo,Teléfono,Either successful four develop.,119,Melanie Curry,Media,2025-01-28
364,Corte,App,Act often language.,47,Sarah Ruiz,Baja,2024-12-24
365,Consulta,App,Heart force west billion share.,67,Curtis Mitchell,Alta,2024-06-18
366,Corte,Web,Phone contain during as eight red.,52,Matthew Mcintyre,Baja,2024-05-30
367,Reclamo,App,Maybe exactly skin.,101,Suzanne Chen,Media,2024-04-12
368,Reclamo,Web,Pretty detail say protect senior program.,77,Kristi Miller,Media,2024-12-22
369,Reclamo,App,Performance reveal city.,40,Jessica Thornton DVM,Baja,2024-10-29
370,Consulta,Web,Before politics number none skill far.,110,Michael Hayes,Baja,2025-03-27
371,Corte,Teléfono,South will tend discover notice.,39,Kyle Arnold,Baja,2024-09-20
372,Reclamo,Web,Son stay the into.,13,Heather Shaw,Media,2025-02-13
373,Reclamo,App,Size economic on moment population hundred.,2,Sue Perkins,Baja,2024-11-06
374,Consulta,Teléfono,Place break back.,73,Crystal Walker,Alta,2025-02-17
375,Reclamo,App,Western join view conference bag.,73,Sean Robertson,Media,2024-09-25
376,Corte,Web,Form maintain thus.,46,Susan Johnson,Alta,2025-02-26
377,Corte,Teléfono,Never recognize between news mind.,22,Barbara Stewart,Baja,2024-10-28
378,Consulta,Web,Project enough realize camera impact.,63,William Williams,Media,2024-12-03
379,Corte,Web,Foreign former husband.,4,Lisa Goodman,Media,2024-10-26
380,Consulta,Web,The good watch.,61,James Le,Media,2025-03-06
381,Consulta,Web,Quickly along firm we room response.,25,Sean Vasquez,Alta,2024-05-30
382,Consulta,Web,Project how police they serve senior.,65,Katrina Porter,Alta,2025-02-27
383,Reclamo,Teléfono,Professional expert section weight.,26,Robin Watson,Alta,2024-05-31
384,Corte,Web,Allow her anyone sure type.,24,Megan Lopez MD,Media,2024-10-14
385,Reclamo,App,Sister less type decision.,34,Thomas Cox,Baja,2024-05-11
386,Consulta,App,Building sea ready cold ever.,68,William Lyons,Alta,2024-05-30
387,Consulta,App,Sense like morning talk night.,46,Jacob Wang,Media,2025-02-25
388,Consulta,Teléfono,Exactly cover local.,84,Johnny Rocha,Alta,2024-05-11
389,Reclamo,App,Field small training.,116,Benjamin Mcclain,Media,2024-12-13
390,Consulta,App,Heart make budget.,37,Tiffany Cox,Baja,2024-04-20
391,Reclamo,Web,Share fire believe man.,55,Daniel Bridges,Media,2024-06-03
392,Consulta,Teléfono,Surface impact against probably drug would.,118,Melissa Chaney,Media,2024-05-12
393,Corte,Teléfono,Series form sense continue foot loss.,90,Amy Jacobs,Alta,2024-04-11
394,Consulta,Teléfono,Friend specific various ready teach approach.,52,Joshua Walton,Media,2024-10-30
395,Corte,Teléfono,Show former administration.,56,Kristen White,Media,2024-09-15
396,Corte,Web,Property music reduce you military senior.,82,Jamie Ross,Media,2025-02-24
397,Consulta,Web,Author base international.,35,Anthony Boone,Media,2024-11-22
398,Reclamo,Teléfono,Your evening agent.,11,Grace Flores,Alta,2024-11-01
399,Consulta,Web,Amount forget thus phone.,104,Edgar Cowan,Media,2025-01-09
400,Corte,Teléfono,Particular still why performance way task.,114,Elizabeth Fields,Alta,2025-01-30
401,Consulta,Web,Weight moment many important.,47,Chad Wright,Baja,2025-03-26
402,Reclamo,App,Design until ground window organization such.,106,Jennifer Love,Baja,2025-03-01
403,Reclamo,Teléfono,Glass visit brother ago charge movement.,100,Gerald Gill,Alta,2024-09-12
404,Corte,App,Role hold personal large ago media.,75,Dylan Ray,Media,2024-10-04
405,Reclamo,App,Stand instead site.,8,Marissa Phillips,Baja,2024-10-22
406,Consulta,Web,Mother fill individual any report speak.,33,Daniel Montoya,Baja,2024-11-11
407,Reclamo,Teléfono,Threat majority such daughter.,36,Michele Duncan,Alta,2024-04-28
408,Consulta,App,Off analysis turn natural.,12,Joseph Harrison,Media,2025-03-30
409,Reclamo,App,Newspaper my pressure same near six.,1,Maria White,Baja,2024-12-29
410,Reclamo,Web,New public trip start describe human.,82,Julie Roberson,Baja,2024-12-21
411,Corte,App,Religious direction they write media.,93,Jennifer Johnson,Alta,2025-02-25
412,Reclamo,Teléfono,Significant return forward major.,115,Mitchell Quinn,Media,2024-11-25
413,Reclamo,Teléfono,While together church enough machine foot.,49,Kevin Strickland,Media,2024-06-03
414,Reclamo,Teléfono,Radio son girl real sense.,105,Elizabeth Jordan,Baja,2025-03-17
415,Reclamo,App,Foreign both material wrong camera.,80,Darren Maynard,Alta,2025-02-04
416,Consulta,Teléfono,Other field commercial say.,43,Melissa Erickson,Media,2024-05-06
417,Corte,App,Daughter story rich trouble.,2,Larry Hernandez,Alta,2024-07-06
418,Reclamo,Web,Also network security red himself job.,79,Matthew Poole,Media,2024-07-01
419,Reclamo,App,Land more sister inside.,5,Charles Graves,Baja,2025-01-12
420,Corte,Web,Hard mention explain purpose institution.,82,Maxwell Hubbard,Alta,2024-09-07
421,Consulta,Teléfono,Right start what.,44,Jorge Crosby,Alta,2025-04-05
422,Consulta,App,Child shake star soon whose business.,13,Jennifer Woodard,Alta,2024-12-26
423,Reclamo,App,Build with both black.,51,Joseph Williams,Baja,2024-07-29
424,Reclamo,Web,Drop born upon.,27,Luke Smith,Alta,2025-02-27
425,Reclamo,App,Course find peace.,120,Alexandria Tucker,Alta,2024-10-26
426,Consulta,Teléfono,Prove many company only environment culture.,85,Phillip Warren,Media,2024-07-02
427,Corte,App,Recent nor current great little.,99,Amanda Branch PhD,Alta,2024-06-08
428,Reclamo,Web,Alone create deep live sing.,39,Tiffany Thomas,Alta,2024-09-06
429,Corte,Teléfono,Thousand language agent.,57,Danielle Miller,Alta,2024-09-14
430,Consulta,App,Born deal yourself.,57,Rebecca Mcclain,Baja,2025-01-20
431,Corte,Web,Cell quite fall.,70,Rodney Jones,Baja,2024-12-25
432,Reclamo,Web,Also follow director there.,77,Diane Watson,Alta,2024-12-05
433,Consulta,Web,Son hospital reason six themselves move.,13,Jennifer Barry,Media,2024-12-28
434,Corte,Web,Budget other particular six.,71,Maurice Campbell,Media,2024-12-24
435,Consulta,Teléfono,Performance out grow score.,59,Edward Hicks,Baja,2024-09-05
436,Corte,App,Take guy school yeah religious.,94,Brooke Garner,Media,2024-06-15
437,Consulta,App,Show sometimes address character help.,61,Dylan Roberson,Baja,2024-08-21
438,Reclamo,Web,Gun exist national black surface.,118,Robert Lynn,Alta,2024-07-02
439,Reclamo,App,Seat movie part see serious.,105,Austin Bray,Alta,2024-08-11
440,Consulta,Teléfono,Go respond relationship open look.,48,Angela Weeks,Alta,2024-08-07
441,Consulta,App,War particular drive.,100,April Smith,Alta,2024-10-02
442,Consulta,Teléfono,Even answer up them listen anyone.,102,Carla Rogers,Baja,2024-09-27
443,Corte,App,Point certain turn budget action this.,40,Nathan Ellis,Alta,2025-02-25
444,Corte,Teléfono,Whose car mean form.,13,Laura Wright,Baja,2024-07-22
445,Corte,Web,Safe certainly significant fall former.,69,Thomas Murphy,Baja,2024-12-05
446,Reclamo,Web,Deep street give already would.,7,Olivia Mejia,Alta,2024-08-18
447,Consulta,App,Little number under avoid business energy.,41,Peter Mitchell,Baja,2025-01-29
448,Corte,Web,Easy particular interesting hair identify probably.,76,Joseph Brown,Baja,2025-03-30
449,Reclamo,Web,Amount forget might company.,104,Melissa Campos,Alta,2025-01-23
450,Consulta,App,Baby dog worker.,79,Melinda Ryan,Alta,2024-12-13
451,Reclamo,App,Season my like meeting government forward.,6,Nancy Simmons,Alta,2024-06-23
452,Consulta,App,Bed building thus wonder certainly.,21,Barbara Ramos,Baja,2024-10-20
453,Consulta,Web,Far because later that meeting member.,119,Gina Mccullough,Alta,2025-01-31
454,Consulta,Teléfono,Reach couple school.,34,James Maxwell,Media,2025-01-31
455,Corte,Teléfono,Person finally young.,79,Carlos Miller,Baja,2025-01-04
456,Corte,Teléfono,Yet lawyer performance still same degree.,118,Steven Smith,Media,2025-01-23
457,Reclamo,Teléfono,Over authority one discussion international deal.,85,Ryan Atkinson,Media,2024-08-30
458,Corte,Teléfono,Citizen group wrong.,40,Phillip Bowman,Baja,2024-12-06
459,Consulta,Web,Will technology yourself realize near.,35,Mark Parker,Media,2025-01-05
460,Consulta,Teléfono,Which should two.,108,David Quinn,Baja,2024-06-29
461,Reclamo,Web,Cost huge either people chance.,69,David Bryan,Alta,2024-06-15
462,Corte,Teléfono,Wall push employee fly out.,19,Donna Hill,Media,2024-08-19
463,Consulta,App,Responsibility party teach society.,99,Sarah Thomas,Baja,2025-02-27
464,Corte,Web,Could material such.,5,Taylor Reynolds,Baja,2025-03-14
465,Consulta,Teléfono,Machine the billion song television.,48,Helen Smith,Media,2024-04-21
466,Reclamo,Teléfono,Draw story some.,41,Tiffany Collins,Media,2024-04-16
467,Reclamo,App,Scientist theory account positive.,78,David Flynn,Baja,2024-10-15
468,Reclamo,Web,Actually whom clearly next.,6,Brandon Page,Baja,2024-05-18
469,Consulta,Teléfono,Attorney interesting throughout add imagine.,117,Megan Barrera,Alta,2025-02-20
470,Reclamo,Teléfono,Food from task interesting grow.,10,Tim Hunt,Baja,2024-10-19
471,Consulta,Web,Reason buy public nice but.,3,Kathy Lopez,Media,2024-07-11
472,Reclamo,Web,Which play down figure effect course.,99,Juan Miller,Media,2024-09-11
473,Reclamo,App,Case whether notice live figure nature.,79,Thomas Lawson,Baja,2025-03-04
474,Consulta,Teléfono,Billion feeling begin.,104,Michael Dunn,Alta,2025-01-05
475,Reclamo,Teléfono,Drug follow play process.,47,Chad Hunter,Baja,2024-05-16
476,Corte,App,Toward nothing space most.,119,Marissa Ray,Baja,2024-08-30
477,Corte,Teléfono,Late guess stand increase hold provide.,44,Stacie Summers,Baja,2024-09-16
478,Reclamo,Web,Sister through foot.,7,Michelle Johnson,Alta,2025-03-03
479,Consulta,App,Expert travel reality teacher administration run.,17,Holly Sparks,Alta,2025-02-15
480,Consulta,Web,Door forget quickly.,37,Brandon Duncan,Alta,2024-10-01
481,Reclamo,Web,Line able newspaper speak station.,88,Emma Martin,Media,2025-03-07
482,Corte,Teléfono,Successful necessary study.,108,Kevin Ford,Alta,2025-03-09
483,Corte,Teléfono,Wrong possible no.,92,Ryan Salazar,Baja,2024-05-04
484,Corte,Teléfono,Foreign dark enter politics evidence.,60,Kerri Lopez,Alta,2025-02-26
485,Reclamo,App,Point compare only coach.,86,Michele Ward DDS,Media,2024-09-22
486,Corte,Teléfono,Rich she TV consider.,28,Madeline West,Media,2024-11-01
487,Consulta,Teléfono,Life capital like mouth these.,91,Angela Phillips,Baja,2025-02-15
488,Reclamo,Web,At article through five.,81,Mr. Richard Henderson,Alta,2024-04-21
489,Reclamo,Teléfono,Discuss agreement reflect live political throughout.,120,Mr. Ryan Blackwell DDS,Alta,2024-09-16
490,Consulta,Web,Later general fact which who fall.,110,Ashlee Brown,Media,2024-05-19
491,Corte,Teléfono,Story parent one.,65,Isaac Perez,Alta,2024-09-02
492,Consulta,Web,Civil last collection other rest rule.,54,John Morrow,Alta,2024-09-30
493,Consulta,Teléfono,Company again serious then career production.,88,Ann Martin,Alta,2025-02-14
494,Consulta,Web,Least suddenly son these.,41,Ashley Coleman,Media,2024-06-04
495,Consulta,App,Artist occur forward decision break security.,26,Vincent Hinton,Media,2024-11-01
496,Consulta,Web,Challenge daughter car.,85,Joseph Ford,Baja,2024-07-11
497,Consulta,App,Onto adult image yourself hear parent.,41,Michael Adams,Media,2024-05-13
498,Reclamo,Web,Gas throw thought smile right security.,23,Chelsea Larsen,Alta,2024-12-07
499,Corte,App,Change finally fast yet.,63,Jeffrey Hunter,Media,2024-12-16
500,Reclamo,App,Agent usually important option perform usually.,20,Danielle Evans,Media,2024-10-31
501,Reclamo,Teléfono,Food treatment nature even.,112,Michele White,Media,2024-06-18
502,Reclamo,App,Behavior for when generation care entire.,1,Natasha Miller,Alta,2024-08-23
503,Reclamo,Teléfono,Unit smile talk somebody billion.,3,Victoria Armstrong,Alta,2024-11-29
504,Consulta,Web,Provide moment main.,61,Zachary Wiggins,Media,2024-06-24
505,Consulta,App,North big sign exactly guy.,78,Laura Wright,Baja,2024-04-24
506,Consulta,Web,Whatever record billion today receive family.,112,Elizabeth Jennings,Media,2024-11-22
507,Reclamo,App,Political treat respond.,114,Heather Baker,Media,2024-06-07
508,Consulta,Teléfono,Newspaper toward meet difficult leader happy.,71,William Martin,Baja,2025-02-03
509,Corte,Teléfono,Ago boy value night yet physical.,17,Sophia Gomez,Media,2024-10-06
510,Consulta,App,Identify man ability.,33,Michaela Ross,Media,2024-04-27
511,Reclamo,App,How test street official special senior.,36,John Hill,Baja,2024-10-02
512,Corte,App,Worry remember teacher site.,59,William Carroll,Baja,2024-06-18
513,Corte,Web,Position floor amount either sometimes sign.,86,Raymond Baxter,Alta,2025-01-03
514,Corte,Teléfono,Once history their.,114,Nicholas Mcpherson,Baja,2024-10-12
515,Consulta,App,Stay they reason.,77,Connor Schmidt,Media,2024-05-21
516,Reclamo,Web,Week seat hundred.,41,Suzanne Davis,Alta,2024-12-16
517,Consulta,Teléfono,Senior oil bar number.,45,Judy Brandt,Alta,2025-03-20
518,Consulta,App,Color perhaps much tough coach stop.,67,Monica Hill,Alta,2024-08-07
519,Reclamo,Web,Stay yourself specific.,54,Douglas Wise,Alta,2024-05-26
520,Consulta,App,Mouth onto generation small something.,33,Brittany Bonilla,Media,2025-02-04
521,Reclamo,App,Assume turn war son thus paper.,33,Anthony Davis,Alta,2025-03-12
522,Reclamo,App,Idea week cause hospital involve.,118,Brooke Barr,Baja,2024-06-08
523,Reclamo,Teléfono,Establish such upon far arm.,73,Joseph Hernandez,Alta,2024-12-17
524,Reclamo,Web,Few use fund store.,84,Toni Dixon,Alta,2024-06-10
525,Consulta,App,Chair wife nor instead.,68,Jonathan Davidson,Baja,2024-11-25
526,Reclamo,Teléfono,I remain enter.,43,James Deleon PhD,Baja,2024-08-23
527,Reclamo,App,Need floor life.,58,Elizabeth Branch,Alta,2025-01-29
528,Corte,Teléfono,Girl approach car.,102,Stephen Porter,Baja,2024-10-14
529,Consulta,Web,Stay big various follow.,46,Nathan Riley,Baja,2024-10-29
530,Reclamo,Web,Key forget century you opportunity.,4,Wesley Shaw,Alta,2025-04-03
531,Consulta,Teléfono,Professional apply culture imagine.,50,Amy Buckley,Baja,2024-12-19
532,Consulta,Web,Foreign leave before.,61,Jim Barber,Alta,2024-12-04
533,Reclamo,Web,Buy four occur certain at.,4,Jennifer Powers,Media,2025-02-05
534,Corte,App,Teacher exactly seven.,76,Tiffany Washington,Baja,2024-12-07
535,Reclamo,Web,According piece data.,113,Joseph Harrison,Baja,2025-01-23
536,Corte,Teléfono,Call ball art.,82,Jacob Bowers,Media,2024-10-10
537,Corte,Teléfono,Note action black throughout soldier bar.,66,James Joseph,Media,2024-11-26
538,Corte,Web,Yes rather physical the.,8,Mary Boyer,Baja,2024-09-13
539,Consulta,Teléfono,Successful young matter those tell.,30,Natalie Chase,Alta,2024-10-17
540,Reclamo,Web,Half little direction party defense very.,94,Julia Walters,Alta,2025-02-20
541,Consulta,App,Establish garden because turn.,75,Danielle Frey,Media,2024-10-06
542,Reclamo,App,City player somebody simple animal quite.,30,Haley Tanner,Alta,2024-11-02
543,Corte,App,Energy government could report.,10,Jessica Vargas,Alta,2024-05-30
544,Reclamo,Web,Bank off still second past candidate.,119,Joseph Carr,Media,2024-07-11
545,Consulta,App,May decision month.,42,Karen Frank,Media,2024-12-29
546,Reclamo,Teléfono,Who two art machine career race.,45,Joe Stevens,Alta,2025-02-20
547,Reclamo,Web,Big my away plan part.,16,Catherine Duran,Baja,2024-12-23
548,Consulta,App,Mind table discuss best.,103,Victoria Moon,Media,2024-06-02
549,Reclamo,Web,Then research film.,38,Michael Sullivan,Alta,2025-03-06
550,Consulta,Teléfono,Behind against someone structure employee.,1,Bradley Rivas,Alta,2025-04-02
551,Reclamo,Web,Own have bill song federal nothing.,71,Alec Petty,Baja,2024-12-19
552,Corte,App,Appear phone card film appear build.,84,Thomas Hull,Media,2024-08-20
553,Corte,Web,Popular care trouble kind.,103,Brett Campbell,Alta,2024-04-28
554,Reclamo,Teléfono,Build read area individual ever.,84,Lucas Frazier,Baja,2024-11-27
555,Consulta,Web,Else big morning next glass.,101,Martin Jones,Media,2024-06-09
556,Reclamo,Teléfono,Hit skill quite Democrat center.,16,Jacqueline Farmer,Media,2024-09-26
557,Consulta,Web,Lay level smile suffer some.,89,Molly Morris,Baja,2024-09-02
558,Consulta,App,Them standard sure campaign military.,114,Nicole Parker,Baja,2024-06-18
559,Reclamo,Web,Natural keep guy.,14,Luke Mercado,Media,2024-08-22
560,Corte,Web,Describe practice series figure fear.,3,Cindy Rice,Media,2024-08-04
561,Corte,Teléfono,Majority executive common.,91,Diana Glover,Alta,2024-06-04
562,Corte,Web,Whatever break card.,95,Autumn Singleton,Alta,2024-05-06
563,Consulta,App,Scientist challenge visit ahead same work.,49,Gregory Fernandez,Baja,2025-03-11
564,Consulta,Teléfono,Recently amount health.,68,Benjamin Brown,Baja,2024-11-11
565,Consulta,Teléfono,Seek environment hold.,3,Allison Russell,Baja,2025-01-29
566,Reclamo,Teléfono,Notice high there bag.,8,Olivia Nelson,Media,2025-04-02
567,Corte,Teléfono,Available yourself station soon.,75,Jacqueline Freeman,Baja,2025-04-07
568,Reclamo,Web,Employee magazine point break if foot.,115,Sarah Green,Baja,2024-12-23
569,Reclamo,Web,Current group he wear court.,80,Robert White,Alta,2025-03-21
570,Consulta,Web,Article arrive sort energy.,85,Joyce Richardson,Baja,2024-11-02
571,Consulta,Teléfono,Money individual house blue.,26,James Summers,Alta,2025-04-06
572,Reclamo,App,Modern show against power performance plan.,47,Kristopher Sanchez,Alta,2024-11-25
573,Consulta,Teléfono,Significant seat song.,114,Jennifer Lopez,Alta,2024-08-20
574,Consulta,App,Decision thus base remember do half.,102,Janet Howard,Alta,2024-10-04
575,Reclamo,Web,Reality technology thing technology.,100,David Mcclure,Baja,2025-02-24
576,Consulta,Web,Conference surface security own mean.,80,Charles Smith,Media,2025-01-16
577,Consulta,Web,Building push behind politics pull.,15,Jose Edwards,Media,2024-10-11
578,Reclamo,App,Enjoy church commercial down people.,97,Linda Jacobs,Alta,2025-03-20
579,Corte,App,Mouth religious work century general.,31,Ricardo Fields,Media,2025-03-21
580,Consulta,Teléfono,Great health report wife so country.,34,Laura Henderson,Baja,2024-12-31
581,Reclamo,Web,Report professional commercial center.,71,Alexander Wu,Media,2025-02-17
582,Corte,Web,Difference nearly attorney.,85,Dennis Mejia,Media,2024-07-21
583,Consulta,App,Little model several officer base.,40,Shelly Sullivan,Media,2024-05-27
584,Reclamo,Web,Into road pretty crime rest.,28,Alyssa Clark,Media,2025-03-31
585,Reclamo,Web,Small account number lawyer story think.,83,Lance West,Alta,2024-09-27
586,Reclamo,App,Him country worry their fire beyond.,25,Luke Faulkner,Media,2024-08-24
587,Consulta,App,Study company question half also.,24,Holly Hudson,Media,2024-11-09
588,Corte,Teléfono,Interview soldier down concern get serious.,52,Andrew Robinson,Baja,2025-03-18
589,Reclamo,Teléfono,Number of meet eat despite street.,70,Jeffrey Cain,Alta,2024-10-26
590,Consulta,Teléfono,Cup care house speak often site.,69,Joel Lambert,Alta,2024-11-02
591,Reclamo,Web,Member everyone change.,89,Katherine Forbes,Alta,2025-01-17
592,Consulta,Teléfono,Without knowledge believe attorney.,110,Felicia Best,Baja,2025-01-07
593,Consulta,Web,Bad year board director.,27,David Dillon,Media,2024-11-08
594,Consulta,Teléfono,Policy kitchen effort blood white.,64,Michael Barry,Baja,2024-11-28
595,Consulta,App,War real home.,9,David Rodriguez,Alta,2024-12-04
596,Consulta,Web,Guy newspaper sister.,104,Sheila Meyers,Media,2025-02-09
597,Corte,App,Exactly visit culture character place.,61,Richard Taylor,Media,2025-01-31
598,Reclamo,Teléfono,Feel mission involve now.,4,Mark Taylor,Baja,2025-02-06
599,Consulta,App,Feel modern growth work.,91,Ronald Roth,Media,2024-09-07
600,Corte,Web,Mention do international traditional owner even.,2,David Clark,Alta,2024-08-06
601,Consulta,Web,Power statement figure record.,38,Michael Bentley,Alta,2025-04-10
602,Reclamo,Web,Many economic skill whole raise.,30,Garrett Williams,Alta,2024-04-16
603,Reclamo,App,Information no amount range.,27,Jennifer Ford,Alta,2024-12-18
604,Reclamo,App,Adult growth within authority conference politics.,109,Benjamin Bishop,Baja,2025-01-26
605,Reclamo,Teléfono,Tell year everything mind short machine.,92,April Taylor,Alta,2025-03-19
606,Reclamo,Web,Shake skill source five.,38,Erika Prince,Media,2024-11-06
607,Reclamo,Teléfono,Address red this peace part.,87,Richard Harris,Media,2024-09-19
608,Reclamo,Web,Record page citizen own particularly throughout.,110,Larry Harrell,Media,2025-02-08
609,Reclamo,Teléfono,Because science need future.,65,Eric Higgins,Baja,2024-11-29
610,Reclamo,App,Open learn ago become source.,85,Hector Norton,Alta,2024-09-21
611,Consulta,App,Cup threat morning look.,81,Daniel Stephens,Baja,2024-12-07
612,Reclamo,Teléfono,Never measure fast rich itself our.,61,Kelly Richardson,Media,2024-10-12
613,Reclamo,Teléfono,Design require trip difference treat tax.,2,Gina Nelson,Alta,2024-06-28
614,Corte,Teléfono,Everybody play follow let check.,51,Sandra Pearson,Baja,2025-01-04
615,Consulta,Web,Save decade them do.,5,James Duke,Baja,2024-11-27
616,Corte,App,Mrs issue different lead.,97,Katherine Coleman,Alta,2025-03-20
617,Corte,App,Phone physical stage ahead.,77,David Wilson,Baja,2025-02-22
618,Consulta,Teléfono,Season set consumer.,77,Heather Cain,Baja,2024-08-30
619,Reclamo,App,Around green send image rate evidence.,49,Isaiah Pham,Alta,2024-05-19
620,Corte,Teléfono,Like just tell cover.,117,Scott Mayer,Baja,2025-02-08
621,Reclamo,Web,Miss myself policy person conference by.,14,Ashley Cunningham,Baja,2024-04-21
622,Consulta,Web,Oil line service window public.,40,Nathaniel Lopez,Alta,2024-12-19
623,Corte,Teléfono,Black exactly concern article admit meet.,33,Kathleen Cervantes,Baja,2024-06-16
624,Reclamo,App,Probably oil political think.,1,Kenneth Garcia,Baja,2024-05-27
625,Corte,Web,Free mouth the suffer bar.,109,Lisa Blake,Alta,2024-07-09
626,Corte,Web,Relate remember until rock.,47,Andrew Nelson,Baja,2025-01-11
627,Consulta,Teléfono,Put eat listen action fall class.,110,Kurt Guerra,Baja,2024-10-09
628,Consulta,App,Mouth wait black husband owner red.,3,Rebecca Herrera,Media,2025-02-22
629,Reclamo,App,Not finally always action budget.,108,Antonio Nichols,Baja,2024-09-20
630,Corte,Teléfono,Side today enjoy instead.,79,Michael Boyd,Media,2024-12-23
631,Reclamo,Web,About their month cup early.,78,Linda Ryan,Media,2025-01-01
632,Consulta,Web,Available idea anything.,79,Eric Fox,Baja,2024-06-12
633,Corte,Web,Experience high let fish.,12,Denise Stewart,Alta,2024-10-22
634,Corte,Web,Best ago heart.,97,Sarah Johnson,Alta,2025-03-07
635,Consulta,Teléfono,Production phone responsibility about field play.,34,Ray Fisher,Alta,2025-02-24
636,Consulta,Teléfono,Control business page modern Mrs.,30,Melissa Payne,Baja,2024-11-08
637,Reclamo,App,Father agency night involve place important.,65,Amanda Finley,Baja,2024-04-13
638,Consulta,Teléfono,History girl goal.,68,Craig Hernandez,Media,2025-02-07
639,Corte,App,Near month responsibility they.,52,Jasmine Torres,Baja,2024-04-29
640,Corte,App,Identify deep again.,99,Karen Bailey,Baja,2024-11-22
641,Corte,App,Table employee list suggest few.,30,Kevin Barron,Baja,2024-06-26
642,Reclamo,Teléfono,Common civil notice theory.,68,Daniel Mercado,Alta,2024-10-07
643,Reclamo,Web,Town than director top last.,4,Jacob Ford,Media,2024-06-22
644,Reclamo,App,Piece off rest.,82,Charles Hernandez,Baja,2025-04-10
645,Reclamo,App,Return interest wind law there treatment.,118,Tamara Smith,Media,2024-04-23
646,Consulta,Teléfono,These finish yes open.,70,Amy Jensen,Media,2025-02-15
647,Corte,Web,Their dog institution arm catch wrong.,6,Jennifer Chandler,Baja,2025-04-05
648,Corte,App,If little speak.,87,Bryan Rojas,Alta,2024-11-20
649,Corte,Teléfono,Increase response wife skill particular word.,83,Michael Quinn,Alta,2024-11-12
650,Consulta,Teléfono,Tell power letter in.,28,Nicholas Yu,Alta,2024-12-22
651,Reclamo,Web,Plan billion agreement more language.,33,Bryce Lee,Baja,2024-04-20
652,Reclamo,Teléfono,Begin career still.,53,Martha Brown,Baja,2024-06-03
653,Corte,App,Attention entire example exactly man system.,78,Tammy Thomas,Baja,2024-04-22
654,Corte,App,Heart group game message hotel.,8,Sean Ferguson,Alta,2024-05-05
655,Corte,Teléfono,Light short fish assume attention physical.,70,Victoria Howard,Baja,2025-03-06
656,Reclamo,App,Seem evidence commercial cultural response.,87,Emma Neal,Baja,2024-04-27
657,Reclamo,Teléfono,Baby well parent here address.,110,Gary Dawson,Baja,2024-07-13
658,Reclamo,Teléfono,Close way usually several real.,56,Michael Williams,Alta,2024-08-19
659,Consulta,Web,Social guess open take over bar.,45,Tanya Hawkins,Media,2024-06-05
660,Reclamo,App,Part us will money.,83,Aaron Barnett,Alta,2024-08-17
661,Reclamo,App,Coach possible us.,45,Brent Williams,Media,2024-09-27
662,Reclamo,Teléfono,Feel benefit for thousand.,10,Dominic Hines,Alta,2024-04-29
663,Reclamo,Teléfono,Amount section husband than.,46,Tamara Silva,Alta,2024-07-19
664,Corte,Web,Between heart often station blue.,4,Kyle Welch,Alta,2024-12-19
665,Reclamo,App,Painting learn shoulder green itself particular.,80,Monica Guerrero,Alta,2024-12-02
666,Consulta,Teléfono,Message animal affect her.,107,Haley Davila,Alta,2024-07-30
667,Consulta,Web,Suddenly kind chance these.,34,Stephanie Warren,Alta,2024-06-04
668,Reclamo,App,Follow fight test administration discover method.,39,Frank Sanders,Media,2025-03-27
669,Reclamo,Teléfono,Article blue everything level against.,26,Andrew Cochran,Alta,2024-06-25
670,Consulta,Teléfono,Room free foreign beat.,99,Louis Brown,Media,2024-07-13
671,Reclamo,App,True read fire.,71,Brett Evans,Baja,2024-06-20
672,Corte,Teléfono,Inside firm sea.,117,Debra Perez,Baja,2024-11-30
673,Reclamo,Teléfono,Check travel spring he culture.,80,Erica Brown,Alta,2025-01-13
674,Reclamo,App,Hospital window range forget sit save.,81,John Castro,Media,2024-10-28
675,Reclamo,App,Management financial white dream project floor.,87,Jermaine Knight,Baja,2024-07-01
676,Consulta,Web,Down body return.,97,Vanessa Kelly,Media,2025-04-08
677,Consulta,Teléfono,Message action force official onto understand.,1,Thomas Oneill,Baja,2024-04-30
678,Reclamo,App,Market practice one move.,27,Gina Rodriguez,Alta,2024-10-13
679,Consulta,Teléfono,Speech middle response already.,11,James White,Baja,2024-08-21
680,Corte,Web,As strong city picture.,10,Sheila Wise,Baja,2025-04-10
681,Corte,Teléfono,No board whether.,53,Lisa Perry,Baja,2024-09-07
682,Reclamo,App,Yeah she fear speech cut but.,101,Crystal Smith,Media,2025-03-11
683,Reclamo,Teléfono,Begin partner tend important civil.,10,Daryl Casey,Alta,2024-12-20
684,Corte,Web,Message several natural really.,116,Anthony Hatfield,Alta,2024-07-16
685,Consulta,App,Consider song glass.,27,Lauren Perez,Media,2024-08-10
686,Reclamo,Teléfono,Open room really floor want wear.,58,Paula Thompson,Media,2024-05-12
687,Reclamo,Web,Many laugh attack cause.,99,Keith Heath,Media,2024-09-18
688,Reclamo,App,Dog most over.,86,Lucas Butler,Media,2024-12-24
689,Reclamo,Teléfono,Before happy than.,24,Alec Graves,Alta,2024-11-07
690,Corte,App,Participant prevent year recent too response.,68,Kristy Young,Media,2024-07-05
691,Consulta,Teléfono,Laugh decision management space less.,40,Tara Wells,Media,2024-12-19
692,Corte,Teléfono,Hope develop somebody.,101,Anna Roberts,Alta,2024-05-30
693,Reclamo,Web,Collection her green expect black everyone.,117,Jennifer Jones,Media,2024-10-06
694,Consulta,App,Hand good let easy commercial.,114,Pamela Mason,Media,2025-01-13
695,Reclamo,Web,Away form thousand Mrs.,9,Allison Wright,Baja,2024-12-02
696,Consulta,Teléfono,Everybody check off.,46,Michael Simmons,Media,2024-05-16
697,Corte,Web,Clear easy until score.,41,Carrie Alexander,Media,2025-02-28
698,Consulta,Teléfono,Billion friend across worry.,73,Scott Pierce PhD,Media,2024-05-08
699,Consulta,Web,Front play understand another available result.,35,Karen Welch,Baja,2024-10-14
700,Corte,Web,Anyone fish task vote approach.,18,Ashley Knapp,Alta,2024-08-28
701,Reclamo,App,Dream home under guess necessary.,92,Melissa Hopkins,Baja,2024-07-19
702,Consulta,Teléfono,Stuff significant record assume kitchen audience.,43,Mark Houston,Baja,2025-03-17
703,Reclamo,Web,Lead dog say inside science hundred.,36,Kenneth Webb,Baja,2024-09-13
704,Reclamo,Web,By for order suddenly.,91,Molly Manning,Baja,2024-10-21
705,Reclamo,Teléfono,Late other door person join lead husband.,65,William Hall,Media,2024-10-09
706,Reclamo,Teléfono,Lose environmental different contain.,29,Tonya Daniel,Baja,2024-06-19
707,Corte,Web,Child pressure information country kitchen.,45,Rachel Miller,Media,2025-04-06
708,Corte,App,Long reduce sense president decade.,108,Cheryl Campbell,Baja,2024-09-12
709,Consulta,Teléfono,Fill city result.,47,Raymond Johnson,Alta,2025-03-23
710,Corte,App,Check lot goal within measure car.,10,Jennifer Williams,Alta,2024-10-07
711,Reclamo,Web,With a social.,35,Michael Jones,Baja,2024-06-01
712,Consulta,Web,Only push item.,43,Kenneth Williams,Alta,2024-09-11
713,Consulta,App,Ask politics assume check prepare race.,6,Cassandra Hill,Media,2024-10-05
714,Consulta,Web,Imagine investment these.,69,Karen Clark,Alta,2024-07-07
715,Reclamo,Teléfono,Poor despite poor change strong dream.,70,Scott Maxwell,Baja,2025-01-30
716,Reclamo,Teléfono,Agency organization four few.,50,Brittany Curtis,Media,2025-03-28
717,Corte,Web,Once form marriage before among send.,89,Angela Schaefer,Alta,2024-08-02
718,Consulta,App,Sister describe key nice agent sign.,43,Gregory Simpson,Media,2025-02-10
719,Reclamo,Web,Computer break last attorney.,50,Tyler Anderson,Alta,2024-05-25
720,Corte,Teléfono,Fill sit rock.,62,Cynthia Martinez,Alta,2025-04-01
721,Reclamo,Web,Pass TV analysis response.,41,John Ramirez,Alta,2025-01-11
722,Reclamo,App,Two data early.,61,Rachel Butler,Baja,2025-01-28
723,Corte,Teléfono,Author modern road sit able establish.,32,Ann Spencer,Media,2025-02-23
724,Corte,Web,Record two few three.,67,Cole Phillips,Media,2024-08-21
725,Corte,App,Her large rate school end.,60,Wendy Butler,Media,2024-12-19
726,Corte,Teléfono,Old last respond.,97,Jessica Lin,Baja,2024-11-10
727,Corte,Teléfono,Lawyer produce draw happy wide town.,52,Chad Rodgers,Baja,2024-06-14
728,Corte,Web,Risk bank and decision.,47,John Larson,Media,2024-10-24
729,Consulta,App,Senior many ball add.,33,Betty Moody,Baja,2024-09-11
730,Consulta,Web,Capital reduce society.,66,Dr. Diana Young,Alta,2025-04-04
731,Reclamo,Web,So bank board practice official pull rock.,87,Dan Nunez,Media,2024-08-21
732,Corte,Web,National present raise.,73,Lawrence Bartlett,Alta,2024-07-15
733,Corte,Teléfono,Size century executive there.,58,Wendy Smith,Baja,2024-08-08
734,Consulta,App,Beat instead relationship me imagine.,3,Tyrone Garcia,Media,2024-12-09
735,Reclamo,Web,Dinner force he must.,75,Breanna Nelson,Media,2024-10-27
736,Consulta,Teléfono,Fund forget about deep.,57,Tim White,Baja,2024-06-05
737,Reclamo,App,Newspaper maybe quickly thousand have result.,96,Gary Wood,Media,2024-04-24
738,Consulta,Web,She enough back expect by treat.,92,Lisa Ramirez,Baja,2025-02-14
739,Consulta,Web,That international run.,26,Donna Carter,Media,2025-02-07
740,Corte,Teléfono,Reality forward local.,115,Maureen Cummings,Media,2024-04-15
741,Reclamo,Web,Conference notice resource she.,55,Leah Flowers,Alta,2024-10-25
742,Consulta,Teléfono,Head attention create.,112,Ronald Medina,Baja,2024-08-20
743,Consulta,App,Find politics blue result spend clear.,74,Raymond Foster,Media,2024-06-15
744,Consulta,Teléfono,Team other physical.,92,Taylor Orozco,Media,2025-02-09
745,Reclamo,App,Enough expect our.,55,Elizabeth Martinez,Baja,2024-05-30
746,Reclamo,Web,Republican industry toward seek how.,104,Dana Lee,Alta,2024-05-14
747,Reclamo,Web,Bed some perhaps sport.,13,Jennifer Lawrence,Baja,2025-01-26
748,Consulta,Teléfono,Hope effect walk.,17,Jennifer Bonilla,Baja,2025-02-14
749,Reclamo,Teléfono,Little collection follow Democrat senior.,102,Sabrina Reed,Media,2024-08-23
750,Reclamo,Teléfono,Near ago note true stuff.,4,Charles Snyder,Alta,2024-04-23
751,Consulta,Web,Democrat artist speak listen.,107,Timothy Lee,Alta,2024-12-13
752,Reclamo,Web,What usually want market.,4,Carrie Marsh,Media,2024-08-01
753,Corte,Web,Collection modern step.,31,Rachel Bishop,Baja,2025-02-09
754,Corte,App,Side story price reveal give.,101,Michael Kelley,Baja,2024-04-13
755,Corte,Teléfono,Her east light other.,72,Tracey Rogers,Media,2024-09-23
756,Reclamo,Teléfono,Mother trouble region him.,78,Ann Logan,Baja,2024-12-19
757,Consulta,Teléfono,Beautiful address thing.,69,Brittany Potts,Media,2025-03-25
758,Corte,App,Rate perhaps fight onto door one.,17,Paul Foster,Media,2025-03-29
759,Consulta,Teléfono,At program whole family stop.,91,Amber Howard,Alta,2024-08-24
760,Consulta,Teléfono,Woman board so trade.,44,Jeffrey Crawford,Baja,2024-11-11
761,Consulta,Teléfono,Reduce worry resource sign Congress exactly.,57,Krista Bradshaw,Alta,2024-11-10
762,Corte,Web,Four other opportunity challenge matter.,82,Jack Palmer,Alta,2025-01-07
763,Reclamo,Web,Recognize sense rise strategy.,105,David Durham,Baja,2025-01-20
764,Corte,Teléfono,When better choice how fine represent.,47,Charles Warren,Media,2025-02-13
765,Reclamo,App,Small about city.,69,Christina Medina,Baja,2024-04-30
766,Corte,Teléfono,Gas especially second huge north recent.,27,Jordan Fox,Baja,2024-04-10
767,Consulta,App,Situation live civil lay.,21,Jeffrey Beltran,Baja,2024-12-24
768,Corte,App,Determine despite computer sing accept discover.,101,Jacob Howell,Baja,2024-11-13
769,Consulta,Web,Necessary cost already up.,76,Crystal Torres,Media,2025-04-08
770,Consulta,App,Probably push state.,14,Crystal Morgan,Baja,2024-08-15
771,Consulta,App,Rest involve control explain hope old.,20,Tina Savage,Baja,2024-05-02
772,Consulta,Teléfono,Laugh war from high son hard.,108,Christopher Morales,Alta,2025-01-17
773,Reclamo,App,No staff know news rock everyone.,42,Bernard Novak,Alta,2024-04-11
774,Consulta,App,Catch goal popular.,22,Danielle Jackson,Media,2024-07-16
775,Corte,Teléfono,Trip system hospital control.,57,Nicholas Mitchell,Alta,2024-05-01
776,Consulta,App,You everything technology really pass.,17,Ashley Tucker,Media,2024-05-21
777,Corte,Teléfono,Class few PM leader political system.,18,Tiffany Ward,Alta,2024-11-10
778,Consulta,Teléfono,Court season standard heavy science.,39,Cameron Parker,Baja,2024-05-29
779,Consulta,Teléfono,As down recognize.,36,Zachary Martin,Alta,2024-06-25
780,Corte,App,Laugh morning how ball.,41,Dylan Mccoy,Baja,2025-03-10
781,Corte,App,Charge true stand as.,109,Catherine Thomas,Alta,2024-10-09
782,Corte,App,Commercial beyond technology system television everyone.,111,Ashley Hall,Alta,2025-02-17
783,Reclamo,Web,Environmental weight increase college.,31,Edward Ferrell,Alta,2025-01-20
784,Reclamo,Web,Explain enjoy deep almost.,14,Robert Berger,Alta,2024-06-27
785,Consulta,Web,Respond better toward think whose whether.,88,Kimberly Jones,Media,2025-04-02
786,Reclamo,Teléfono,Police business language out myself.,48,Tony Anderson,Baja,2024-09-19
787,Reclamo,Teléfono,Product strong discover trip material.,101,Dr. Richard Green,Baja,2024-09-15
788,Consulta,App,Visit couple why.,84,Mrs. Kristen Park,Alta,2025-01-07
789,Consulta,App,Information get shoulder better.,32,Joseph Johnson,Media,2025-02-13
790,Corte,App,Often vote then firm write far.,48,Nicole Parker,Media,2024-04-21
791,Reclamo,Teléfono,Successful perhaps less.,45,Casey Lopez,Baja,2024-11-02
792,Reclamo,Web,Office thing they.,78,James Schwartz,Alta,2024-10-06
793,Reclamo,Teléfono,And each ever main drop somebody.,15,Melissa Diaz DDS,Alta,2024-10-21
794,Consulta,Web,Box like hold reduce.,120,James Johnson,Baja,2024-12-07
795,Consulta,Web,Official fact area.,33,Monica Clay,Media,2024-05-20
796,Corte,App,Expect offer ok five.,81,Joseph Anderson,Media,2024-07-14
797,Reclamo,Web,Large indeed week bad.,24,Beth Harris,Media,2024-12-16
798,Reclamo,Web,Appear drug pattern heart.,54,Amy Rogers,Media,2025-01-06
799,Corte,Web,Wife gun reason against author.,25,Andrew Nelson,Baja,2024-09-17
800,Corte,App,Argue heavy simple assume strategy.,105,Jeanette Cole,Media,2025-03-08
801,Consulta,Teléfono,Push month ability anyone staff.,100,Natasha Cruz,Media,2024-12-18
802,Consulta,App,Exactly different line front tough.,32,Lindsey Smith,Media,2024-07-23
803,Reclamo,App,Trade research stand attack total.,9,Samantha Jones,Baja,2025-03-20
804,Consulta,Teléfono,Their control thousand suffer know court recent.,113,Sarah Miller,Baja,2024-08-18
805,Corte,App,Threat general traditional yourself mouth prove.,84,Michael Lowe,Media,2024-06-22
806,Reclamo,Teléfono,Nation force marriage natural all.,82,Dustin Phillips,Alta,2024-10-23
807,Reclamo,App,Happy building without road participant vote.,40,Jasmine Cruz,Media,2024-12-13
808,Reclamo,Web,Dinner morning mind.,77,Victoria Bond,Baja,2025-02-22
809,Consulta,Web,Less prepare big speak why blue.,9,Miguel Gray,Media,2024-06-27
810,Corte,App,Else face whose surface around friend.,54,Zachary Alexander,Alta,2024-08-01
811,Reclamo,Web,North building front return draw hundred.,50,Colton Welch,Baja,2024-07-17
812,Reclamo,App,Treatment go able.,111,Scott Sutton,Media,2025-04-09
813,Corte,Teléfono,Tv all weight each agreement day.,112,Michael Mason,Alta,2025-01-01
814,Corte,App,Another game figure.,62,Jesse Cunningham,Media,2024-11-21
815,Reclamo,Teléfono,Home against resource.,34,Devin Montoya,Baja,2024-07-19
816,Consulta,Teléfono,From sign expect strong per.,28,Jeremy Fox,Baja,2024-11-09
817,Consulta,Web,But speech particular pull simply.,50,Jessica Farrell,Alta,2024-10-02
818,Consulta,Web,Strategy task look subject.,107,Mark Stanton MD,Media,2024-10-31
819,Consulta,Teléfono,Happy detail drive ago concern pattern.,111,Katherine Wagner,Alta,2024-10-31
820,Corte,Web,Mean since matter.,95,Tommy Houston,Alta,2024-08-30
821,Reclamo,App,Thousand moment government read party.,76,Heather Gardner,Alta,2025-01-03
822,Consulta,Web,Guy when none.,24,Melody Martinez,Alta,2024-08-05
823,Consulta,App,Minute decision front.,100,Billy Everett,Media,2025-01-20
824,Consulta,Teléfono,Become tough then great.,77,Shelly Cantrell,Alta,2024-06-17
825,Reclamo,Teléfono,Want indeed article decade.,34,David Rodriguez,Media,2024-11-03
826,Consulta,Teléfono,Early common training.,16,Melissa Romero,Baja,2024-05-21
827,Consulta,Teléfono,Great analysis ok seat media environment.,10,Samantha Smith,Media,2024-11-15
828,Corte,Web,Seem fly somebody pretty security may.,3,Deborah Blackwell,Baja,2024-11-14
829,Consulta,Teléfono,About sense day after control fight.,114,Evelyn Wilson,Media,2024-12-31
830,Corte,Web,Woman indicate leg beautiful.,114,William Morgan,Baja,2024-11-14
831,Consulta,Web,Upon community late should first writer.,20,Christina White,Media,2024-05-25
832,Corte,Web,Drug his while remain health stuff.,85,John Clark,Baja,2025-03-31
833,Corte,Web,Result month writer.,13,Ryan Gillespie,Baja,2024-09-25
834,Reclamo,Web,War suffer far no much find.,66,Sandra Kennedy,Alta,2024-08-12
835,Reclamo,Teléfono,General firm agent sport.,57,Tammy Hughes,Alta,2024-07-22
836,Consulta,Teléfono,Me debate foot marriage often.,63,Rachel Phillips,Baja,2025-01-29
837,Corte,Web,Former term couple answer let hit.,25,Desiree Perry,Media,2024-09-22
838,Corte,App,Those big contain effect close.,56,David Schmitt,Alta,2024-11-26
839,Consulta,Web,Act international nearly build happen sound.,17,Wesley Thompson,Alta,2024-10-10
840,Reclamo,Teléfono,Assume us box.,23,Stephen Moody,Alta,2024-09-16
841,Reclamo,Teléfono,Board such sing law indeed data.,83,Dr. Angela Cruz DVM,Baja,2024-08-11
842,Consulta,Web,National anyone concern everybody alone.,114,Joan Roberts,Media,2024-04-19
843,Reclamo,Teléfono,Life rich take.,85,Steven Potter,Baja,2025-02-06
844,Reclamo,Teléfono,Sometimes many minute face any your.,52,Cameron Cunningham,Alta,2025-03-22
845,Corte,App,Establish gun rule we law support.,32,Penny Malone,Alta,2024-08-29
846,Consulta,App,Already base project may contain tell.,116,Audrey Jacobs,Alta,2024-10-17
847,Reclamo,Teléfono,Ball oil maybe.,52,Christopher Taylor,Media,2025-02-04
848,Reclamo,Teléfono,Computer food others show draw be.,72,Carolyn Jordan,Media,2025-03-13
849,Corte,Web,Candidate goal just gun agency.,102,Philip Flowers,Alta,2025-01-01
850,Reclamo,Teléfono,Another read dream.,64,Cody Smith,Alta,2025-02-21
851,Consulta,Web,Commercial civil by.,23,Randy Allen,Baja,2025-03-24
852,Consulta,App,Thank hold deal size sister media.,77,Pamela Munoz,Alta,2024-07-31
853,Reclamo,Teléfono,Well news instead evidence.,78,Briana Richards,Alta,2024-09-02
854,Corte,Teléfono,Yet meeting do.,46,Sharon Jones,Alta,2024-11-30
855,Reclamo,Teléfono,Plant moment turn know record determine.,65,Michelle Wilson,Alta,2025-01-09
856,Reclamo,App,Save other property.,55,Thomas Nelson,Baja,2025-03-01
857,Reclamo,Teléfono,In produce them less strong nothing citizen.,31,John Harrell,Media,2025-03-28
858,Consulta,Web,Bar four west hold dream economic job.,75,Jessica Preston,Media,2024-12-28
859,Corte,Teléfono,Realize here pass.,42,Rebecca Brown,Baja,2024-09-09
860,Reclamo,Teléfono,Class important condition defense church old.,58,Stephanie Lara,Media,2025-02-27
861,Corte,App,Check join not.,43,Richard Williams,Baja,2024-08-19
862,Corte,Teléfono,Buy politics management police.,4,Paige Howard,Alta,2024-10-02
863,Consulta,Teléfono,Bill agree tough which tonight song.,10,Jacqueline Mcbride,Baja,2024-11-01
864,Corte,Web,Land option within by operation.,30,Andrea Torres,Alta,2024-06-15
865,Reclamo,Web,Quite thus can particularly.,12,John Long,Alta,2024-08-09
866,Consulta,Web,Senior responsibility culture worry myself any.,98,Raymond Lucas,Alta,2024-05-12
867,Consulta,App,Fight range call human nice stand.,16,Melissa Nelson,Alta,2024-08-30
868,Corte,Web,Long base start bad goal.,85,Sabrina Harris,Alta,2025-03-14
869,Reclamo,App,Apply produce next could thank.,114,Jennifer Thompson,Media,2025-01-22
870,Consulta,App,Window recent drug.,103,Joshua Goodman,Baja,2024-06-08
871,Reclamo,Web,Interesting pass offer.,64,Tracy Fischer,Media,2025-01-22
872,Corte,Teléfono,We total pull health.,20,David West,Alta,2024-12-14
873,Consulta,Web,That morning reflect at we.,79,Roger Richardson,Baja,2025-01-04
874,Reclamo,Web,Box responsibility identify.,78,Casey Pearson,Alta,2024-08-16
875,Reclamo,App,More order possible none peace chair.,35,Zachary Ellis,Media,2025-02-06
876,Consulta,Web,Decade trade development subject fight.,70,Maurice Brewer,Media,2024-11-27
877,Consulta,Teléfono,Organization nature according point girl officer.,39,James Burton Jr.,Media,2024-05-22
878,Consulta,App,People could third same example.,42,Marie White,Baja,2024-10-02
879,Reclamo,Teléfono,Top scientist particular stand.,6,Amber Martin,Baja,2024-12-16
880,Consulta,Teléfono,Poor avoid start difficult record share.,68,Kathleen Kelley,Baja,2024-07-21
881,Reclamo,Teléfono,Reduce citizen no.,98,Jodi Hill,Alta,2024-12-25
882,Consulta,Web,Congress include majority particularly face.,110,Brian Woods,Media,2024-06-30
883,Reclamo,Teléfono,Work every finish such.,44,Sara Ryan,Media,2024-08-01
884,Corte,Web,Simple management board describe fill financial.,67,Patricia Leach,Baja,2024-05-20
885,Corte,Teléfono,Us may also trade.,58,Andrea Mitchell,Media,2025-03-01
886,Corte,Teléfono,Hit writer your suggest.,98,Kimberly Bailey,Alta,2024-11-04
887,Corte,Web,Science your wear.,96,Catherine Kane,Baja,2024-05-07
888,Reclamo,Teléfono,May attack movie.,45,Andrea Hill,Media,2024-08-02
889,Reclamo,Web,Safe real everyone.,14,Michael Pitts,Baja,2025-03-02
890,Consulta,Web,Field building walk.,35,John Robinson,Media,2025-02-05
891,Corte,Teléfono,Citizen dog understand.,36,Jo Turner,Alta,2025-03-17
892,Reclamo,Teléfono,Skill say people air.,57,Alexander Dean,Baja,2025-02-18
893,Reclamo,Teléfono,Say machine size dog together.,43,Cynthia Davis,Media,2025-01-06
894,Reclamo,Web,Marriage member action agent near easy.,58,Phillip Gross,Baja,2024-09-03
895,Reclamo,App,Though simply season course.,63,Christopher Charles,Baja,2025-03-22
896,Corte,Teléfono,Hard financial throughout street.,25,Alfred Smith,Baja,2025-01-29
897,Reclamo,Web,Sister across school.,84,Jonathan Duncan,Baja,2024-04-16
898,Consulta,Teléfono,Support success prevent war outside.,12,Heather Fleming,Baja,2025-01-26
899,Consulta,Teléfono,Color music coach television safe avoid.,58,Maria Rodriguez,Alta,2024-09-22
900,Reclamo,App,Present source station here church thing.,26,Terri Edwards,Media,2025-03-22
901,Corte,App,Run worry answer other.,30,Samantha Campbell,Baja,2024-11-25
902,Reclamo,Web,Begin heart hot least thing international.,99,Stephen Spencer,Baja,2025-01-11
903,Corte,Web,Again body it.,112,Melanie Alvarez,Alta,2025-01-05
904,Corte,Web,Rather along billion product join Republican.,114,Linda Davis,Baja,2025-03-19
905,Consulta,Teléfono,Leader together sure how health answer.,46,Nicholas Mccullough,Media,2024-10-19
906,Reclamo,Teléfono,Create challenge evening wind.,45,Douglas Rasmussen,Alta,2024-06-21
907,Consulta,App,Nothing will approach.,14,Michael Thompson,Media,2024-05-01
908,Corte,Teléfono,Air home just.,39,Sherri Huff,Alta,2024-07-30
909,Consulta,Web,Hotel something for ever word.,103,Katherine Wilson,Media,2025-02-08
910,Reclamo,Web,Every defense natural dark.,24,Eric Carr,Media,2025-02-07
911,Reclamo,Teléfono,Born discussion result plan.,35,Paul Gould,Media,2024-09-21
912,Reclamo,Teléfono,Still finish hospital.,44,Tiffany Taylor DVM,Alta,2025-02-12
913,Reclamo,App,Strategy executive ahead offer.,36,Veronica Snyder,Media,2024-07-05
914,Reclamo,App,Speak a international main.,70,Taylor Gomez,Alta,2024-10-17
915,Corte,App,Focus purpose talk religious response two.,116,Michael Martin,Baja,2024-11-25
916,Corte,Teléfono,Animal trouble instead degree within recently.,92,Melissa Andrews,Media,2025-03-30
917,Corte,App,Family mean sort dark identify.,17,Danielle Green,Media,2024-09-06
918,Corte,Web,Share mean certain office college.,109,Mindy Martin,Media,2024-04-25
919,Consulta,Web,Huge mind owner.,78,Amanda Stephens,Alta,2024-07-05
920,Corte,Web,Piece company can information want share.,65,Elizabeth Ewing,Baja,2024-08-07
921,Corte,App,Recently whose area inside.,23,Mackenzie Zuniga,Alta,2024-04-29
922,Corte,Web,First road significant loss development shoulder.,74,James Chapman,Baja,2024-07-03
923,Consulta,App,Know how court letter herself.,95,Donald Williams,Alta,2024-10-07
924,Reclamo,Web,Support walk more himself.,23,Jeffrey Hunter,Baja,2024-04-23
925,Reclamo,Teléfono,Offer interest why traditional near.,90,Joe Dean,Baja,2024-04-27
926,Corte,App,Herself mean suggest.,31,Veronica Burke,Alta,2024-11-06
927,Corte,Teléfono,Hotel before woman.,50,Devon Mejia,Baja,2024-10-07
928,Corte,Teléfono,Professional several mouth.,67,Peggy Davis,Alta,2024-06-25
929,Consulta,Web,Real good law.,69,Amber Anderson,Alta,2024-08-25
930,Corte,Web,Hope friend performance school arm.,38,Laura Lamb,Alta,2024-07-25
931,Corte,Web,Become than common himself.,69,James Crane,Media,2024-12-29
932,Consulta,Web,Alone bit this may.,72,Elizabeth Lewis,Baja,2024-11-17
933,Reclamo,Teléfono,Relationship since thank.,54,Calvin Barr,Baja,2024-07-18
934,Consulta,App,Exist enough get simple.,47,Stephen Lyons,Alta,2025-02-11
935,Corte,App,Better number Democrat every.,49,Claudia Perez,Alta,2025-02-11
936,Corte,Web,Hard high over today cause rather.,32,Taylor Austin,Media,2024-05-23
937,Reclamo,Teléfono,General sure position.,16,Ms. Lori King,Alta,2024-12-08
938,Consulta,Web,Hope themselves different performance.,85,Crystal Hall,Media,2024-05-25
939,Consulta,Teléfono,Draw black office.,14,Judith Blackburn,Alta,2025-03-16
940,Corte,App,Understand next cut center.,119,Glenn Roth,Alta,2025-01-19
941,Corte,Teléfono,Play nearly Democrat.,62,Katrina Wells,Alta,2024-04-22
942,Corte,App,Sing individual allow contain some.,66,Micheal Lane,Alta,2024-12-05
943,Reclamo,App,East popular prove huge theory.,62,Ashley Evans,Media,2024-10-28
944,Consulta,Teléfono,Surface rich outside like.,70,Becky Green,Baja,2025-04-02
945,Reclamo,Web,Cover factor really agency arrive size dog.,118,Kayla Cook,Baja,2024-12-05
946,Corte,App,Provide above team.,93,Angela Patel,Media,2024-09-02
947,Corte,App,Would best over.,118,Samuel Becker,Media,2024-05-08
948,Corte,Teléfono,Term evening decade mean so.,12,Karen Davis,Media,2024-11-07
949,Corte,Teléfono,Explain town school.,114,Veronica Garcia,Media,2024-09-14
950,Corte,App,Evidence stay account whatever skill method.,71,Karen Johnson,Baja,2025-03-13
951,Reclamo,App,How movement pick card surface.,103,Anna Perez,Baja,2025-03-20
952,Consulta,Teléfono,Agent instead consumer.,51,Todd Jones,Media,2024-11-12
953,Reclamo,Teléfono,Perform everything accept yourself conference.,8,Paul Johnson,Baja,2025-01-23
954,Corte,Teléfono,Military carry what.,44,Julie Smith,Baja,2024-12-31
955,Consulta,Teléfono,Where exactly five political.,6,Douglas Liu,Baja,2025-01-23
956,Consulta,App,Look nation lead.,41,Philip Peters,Baja,2024-10-08
957,Reclamo,Web,Environment tough think art green manage.,21,Sandra Ramos,Media,2024-12-02
958,Consulta,Teléfono,Everyone door whom audience message but.,41,Elizabeth Villanueva,Alta,2024-04-14
959,Corte,Web,Allow it every game whole away.,24,Natalie Richardson,Baja,2025-01-07
960,Reclamo,Teléfono,Little structure event young will word.,63,Mrs. Kathleen Beasley,Media,2024-07-25
961,Corte,Teléfono,Me decision forget design physical when.,65,Dr. Matthew Eaton,Media,2024-10-31
962,Reclamo,App,Window result letter.,98,Clifford Blair,Media,2025-03-08
963,Corte,App,Your western want recent ready continue.,24,Tabitha Adams,Alta,2024-06-30
964,Reclamo,App,Executive but catch field.,13,Joseph Brown,Baja,2025-03-19
965,Corte,Teléfono,Beautiful hotel because common management.,112,Bradley Jackson,Baja,2025-04-10
966,Consulta,App,System notice fire maintain worry statement.,46,Frederick Pearson,Media,2024-06-14
967,Consulta,App,Process truth campaign newspaper personal really.,38,Rachel Jenkins,Alta,2025-01-31
968,Reclamo,Teléfono,Physical rule difficult very school talk.,12,Linda Mcbride,Media,2024-04-28
969,Reclamo,Teléfono,Long national for name reduce ability.,38,Ashley Davis,Alta,2025-01-20
970,Corte,App,Send both administration state.,115,Edward Allison,Alta,2024-10-09
971,Corte,App,Old special walk near.,34,Brian Brown,Alta,2024-05-04
972,Consulta,App,We win official anything chance picture.,87,William Daniel,Baja,2024-07-05
973,Consulta,Web,Soon four well once.,55,Catherine Pope,Alta,2024-09-03
974,Corte,Teléfono,Show toward staff water watch.,112,David Flores,Baja,2024-12-05
975,Corte,Teléfono,Feel hundred join.,74,Yvette Pierce,Alta,2025-01-07
976,Consulta,Web,Be end usually voice far create.,86,Andres Woodard,Alta,2025-01-03
977,Consulta,Web,Across director toward figure including hundred.,107,Mrs. Kelly Randolph,Alta,2024-09-02
978,Reclamo,App,Nice pretty serious well operation.,72,Michael Hayes,Alta,2024-09-30
979,Reclamo,Web,Full good after.,77,Jessica Lewis,Baja,2024-09-13
980,Reclamo,Teléfono,May may cultural but drive you.,30,Jasmine Long,Alta,2024-11-17
981,Consulta,Teléfono,Heart play dog out four political.,66,Diamond Scott,Media,2025-03-10
982,Reclamo,App,Maintain blood goal strong citizen international.,46,Jose Nelson,Alta,2024-05-22
983,Reclamo,Web,Suffer despite later on.,27,Mrs. Debra Coleman,Media,2024-09-02
984,Consulta,Web,Fine final career themselves either.,42,Sarah Powers,Alta,2025-03-25
985,Reclamo,Teléfono,Against much middle that land.,62,Jordan Simpson,Baja,2024-05-13
986,Consulta,App,Long have carry identify medical themselves.,39,Lisa Cunningham,Baja,2024-08-29
987,Consulta,Web,Include special that type.,27,Anita Buchanan,Alta,2024-07-04
988,Reclamo,Teléfono,Concern form lawyer memory she.,93,Bailey Williams,Alta,2024-10-30
989,Consulta,Web,Class real another.,27,Elizabeth Marsh,Baja,2024-12-02
990,Reclamo,App,Through wall bit measure senior.,33,Eric Brown,Alta,2024-05-02
991,Reclamo,Teléfono,Decade parent guy follow.,66,Laura Gray,Media,2024-09-04
992,Reclamo,Web,Father everyone now hard.,109,Carly Zimmerman,Alta,2024-09-08
993,Consulta,Teléfono,Place summer position wear treatment long.,108,Mrs. Angela Hawkins MD,Media,2024-09-13
994,Corte,Web,Push policy growth shoulder family identify.,55,Tracy Woods,Alta,2024-11-18
995,Corte,App,Will place my.,86,Paul Mitchell,Alta,2024-10-31
996,Reclamo,Teléfono,Citizen however wish behind either move.,3,Matthew Wagner,Alta,2024-06-16
997,Reclamo,App,Miss fund to cover.,18,Michael Villarreal,Baja,2024-12-24
998,Consulta,Teléfono,Standard staff former bar.,24,Scott Coleman,Alta,2025-02-11
999,Corte,App,Friend nice easy still pull continue.,77,Daniel Hutchinson,Alta,2025-02-04
1000,Consulta,Web,Compare offer daughter drive choice.,2,Melanie Jackson,Baja,2024-08-28
