id_dispositivo,marca,modelo,tipo_dispositivo,sistema_operativo,almacenamiento,pantalla,a√±o_lanzamiento
1,Apple,tonight,Router,Android,128GB,"5""",2024
2,Motorola,source,Router,HarmonyOS,64GB,"5""",2024
3,Apple,sing,Router,HarmonyOS,256GB,"6.5""",2023
4,Apple,manage,Tablet,HarmonyOS,256GB,"7.2""",2017
5,Motorola,up,Router,iOS,128GB,"7.2""",2019
6,Apple,size,Smartphone,HarmonyOS,128GB,"7.2""",2024
7,Apple,serious,Router,Android,256GB,"6.5""",2024
8,Apple,well,Smartphone,iOS,128GB,"7.2""",2022
9,Xiaomi,environment,Smartphone,iOS,128GB,"5""",2020
10,Motorola,guy,Router,Android,64GB,"6.5""",2020
11,Xiaomi,explain,Tablet,Android,256GB,"5""",2022
12,Apple,stand,Router,Android,64GB,"6.5""",2018
13,Xiaomi,common,Tablet,Android,256GB,"7.2""",2020
14,Motorola,cultural,Tablet,HarmonyOS,64GB,"6.5""",2020
15,Apple,until,Router,Android,128GB,"5""",2021
16,Motorola,doctor,Router,HarmonyOS,64GB,"5""",2024
17,Apple,we,Smartphone,HarmonyOS,64GB,"6.5""",2015
18,Samsung,maintain,Tablet,HarmonyOS,128GB,"7.2""",2017
19,Xiaomi,game,Tablet,iOS,256GB,"7.2""",2021
20,Samsung,question,Tablet,HarmonyOS,64GB,"6.5""",2022
21,Motorola,agency,Tablet,iOS,128GB,"6.5""",2020
22,Motorola,hotel,Router,iOS,256GB,"7.2""",2022
23,Apple,matter,Tablet,iOS,128GB,"6.5""",2019
24,Motorola,pretty,Smartphone,Android,256GB,"5""",2016
25,Samsung,story,Tablet,Android,128GB,"7.2""",2023
26,Samsung,year,Router,HarmonyOS,128GB,"6.5""",2016
27,Motorola,scientist,Tablet,iOS,256GB,"7.2""",2020
28,Apple,few,Smartphone,iOS,128GB,"5""",2017
29,Apple,Republican,Tablet,iOS,64GB,"6.5""",2023
30,Apple,end,Tablet,HarmonyOS,256GB,"5""",2024
31,Motorola,against,Tablet,iOS,256GB,"5""",2015
32,Samsung,blue,Tablet,HarmonyOS,256GB,"6.5""",2020
33,Apple,machine,Tablet,iOS,256GB,"5""",2021
34,Motorola,shoulder,Router,HarmonyOS,256GB,"7.2""",2020
35,Apple,nation,Router,Android,64GB,"6.5""",2017
36,Motorola,tell,Tablet,iOS,256GB,"6.5""",2018
37,Xiaomi,wear,Smartphone,iOS,64GB,"5""",2015
38,Motorola,court,Router,HarmonyOS,256GB,"5""",2024
39,Samsung,decade,Tablet,iOS,64GB,"7.2""",2023
40,Samsung,team,Tablet,HarmonyOS,256GB,"6.5""",2022
41,Motorola,improve,Tablet,HarmonyOS,128GB,"6.5""",2017
42,Apple,scene,Smartphone,iOS,64GB,"5""",2024
43,Samsung,play,Smartphone,HarmonyOS,128GB,"6.5""",2021
44,Apple,glass,Router,HarmonyOS,256GB,"7.2""",2018
45,Motorola,ok,Router,iOS,64GB,"7.2""",2023
46,Apple,cell,Tablet,Android,64GB,"7.2""",2024
47,Xiaomi,alone,Smartphone,HarmonyOS,256GB,"5""",2019
48,Samsung,million,Tablet,Android,128GB,"6.5""",2017
49,Samsung,job,Smartphone,HarmonyOS,128GB,"5""",2015
50,Xiaomi,wait,Router,Android,64GB,"6.5""",2024
51,Samsung,manage,Smartphone,iOS,128GB,"5""",2023
52,Xiaomi,structure,Tablet,Android,64GB,"7.2""",2022
53,Apple,understand,Smartphone,Android,64GB,"5""",2022
54,Samsung,let,Smartphone,Android,128GB,"5""",2015
55,Xiaomi,hold,Router,Android,256GB,"6.5""",2024
56,Motorola,actually,Smartphone,iOS,64GB,"6.5""",2021
57,Motorola,decade,Tablet,HarmonyOS,256GB,"5""",2017
58,Xiaomi,our,Tablet,Android,256GB,"6.5""",2023
59,Samsung,Democrat,Router,iOS,64GB,"6.5""",2021
60,Samsung,author,Router,Android,128GB,"7.2""",2016
61,Motorola,military,Tablet,Android,128GB,"5""",2015
62,Xiaomi,catch,Smartphone,iOS,64GB,"5""",2015
63,Apple,receive,Router,iOS,64GB,"5""",2016
64,Samsung,begin,Tablet,iOS,256GB,"5""",2018
65,Samsung,serve,Smartphone,Android,64GB,"5""",2017
66,Motorola,natural,Router,HarmonyOS,256GB,"7.2""",2024
67,Apple,rule,Smartphone,HarmonyOS,256GB,"6.5""",2023
68,Xiaomi,remain,Router,iOS,256GB,"7.2""",2020
69,Motorola,yeah,Tablet,HarmonyOS,128GB,"5""",2019
70,Motorola,once,Tablet,Android,64GB,"5""",2022
71,Xiaomi,interview,Router,HarmonyOS,256GB,"7.2""",2017
72,Xiaomi,positive,Router,Android,128GB,"6.5""",2019
73,Motorola,family,Tablet,Android,128GB,"6.5""",2020
74,Motorola,despite,Smartphone,HarmonyOS,256GB,"6.5""",2020
75,Samsung,bar,Tablet,Android,256GB,"7.2""",2018
76,Motorola,later,Tablet,Android,256GB,"6.5""",2019
77,Xiaomi,agency,Smartphone,Android,256GB,"5""",2020
78,Apple,off,Router,HarmonyOS,128GB,"6.5""",2016
79,Apple,me,Smartphone,iOS,128GB,"5""",2015
80,Apple,series,Tablet,HarmonyOS,256GB,"6.5""",2021
81,Apple,six,Smartphone,Android,256GB,"5""",2023
82,Xiaomi,guess,Router,Android,64GB,"5""",2023
83,Motorola,single,Smartphone,iOS,64GB,"5""",2022
84,Xiaomi,who,Router,Android,128GB,"6.5""",2022
85,Motorola,able,Tablet,HarmonyOS,128GB,"6.5""",2024
86,Xiaomi,decade,Smartphone,HarmonyOS,128GB,"5""",2018
87,Xiaomi,practice,Tablet,iOS,128GB,"5""",2024
88,Samsung,find,Tablet,HarmonyOS,64GB,"7.2""",2016
89,Motorola,theory,Router,HarmonyOS,128GB,"5""",2022
90,Xiaomi,south,Smartphone,HarmonyOS,256GB,"5""",2016
91,Xiaomi,trial,Router,HarmonyOS,64GB,"6.5""",2019
92,Apple,very,Smartphone,Android,64GB,"6.5""",2022
93,Xiaomi,speech,Router,iOS,128GB,"6.5""",2024
94,Samsung,suffer,Router,HarmonyOS,256GB,"5""",2018
95,Apple,kid,Smartphone,Android,256GB,"7.2""",2024
96,Apple,list,Tablet,HarmonyOS,128GB,"6.5""",2021
97,Samsung,score,Router,HarmonyOS,128GB,"5""",2023
98,Xiaomi,my,Tablet,iOS,256GB,"5""",2020
99,Motorola,science,Smartphone,HarmonyOS,256GB,"7.2""",2021
100,Apple,federal,Tablet,HarmonyOS,128GB,"7.2""",2024
101,Apple,attack,Tablet,iOS,128GB,"5""",2023
102,Samsung,American,Smartphone,HarmonyOS,256GB,"5""",2019
103,Motorola,before,Tablet,iOS,256GB,"6.5""",2015
104,Xiaomi,half,Smartphone,Android,256GB,"5""",2016
105,Xiaomi,hundred,Tablet,iOS,64GB,"7.2""",2020
106,Xiaomi,question,Tablet,Android,256GB,"7.2""",2017
107,Apple,itself,Router,iOS,256GB,"6.5""",2023
108,Motorola,I,Tablet,Android,128GB,"6.5""",2017
109,Samsung,station,Smartphone,HarmonyOS,64GB,"5""",2015
110,Apple,quite,Tablet,iOS,128GB,"7.2""",2016
111,Samsung,safe,Smartphone,HarmonyOS,256GB,"5""",2018
112,Samsung,sort,Tablet,Android,64GB,"6.5""",2018
113,Motorola,push,Router,iOS,128GB,"5""",2023
114,Samsung,spend,Tablet,HarmonyOS,256GB,"6.5""",2023
115,Apple,each,Smartphone,HarmonyOS,64GB,"6.5""",2023
116,Apple,fear,Smartphone,iOS,256GB,"7.2""",2022
117,Motorola,memory,Smartphone,Android,128GB,"5""",2022
118,Xiaomi,institution,Tablet,iOS,64GB,"6.5""",2023
119,Xiaomi,once,Smartphone,iOS,64GB,"7.2""",2016
120,Motorola,a,Tablet,Android,128GB,"6.5""",2020
121,Xiaomi,product,Router,iOS,64GB,"5""",2016
122,Xiaomi,learn,Tablet,iOS,128GB,"7.2""",2020
123,Apple,prove,Tablet,HarmonyOS,256GB,"7.2""",2018
124,Samsung,fight,Router,HarmonyOS,64GB,"6.5""",2022
125,Xiaomi,report,Tablet,HarmonyOS,64GB,"5""",2016
126,Xiaomi,memory,Router,Android,128GB,"5""",2016
127,Apple,class,Tablet,Android,64GB,"5""",2016
128,Samsung,inside,Tablet,Android,64GB,"6.5""",2022
129,Apple,represent,Smartphone,Android,128GB,"5""",2017
130,Xiaomi,thank,Tablet,iOS,256GB,"6.5""",2022
131,Xiaomi,lawyer,Tablet,Android,256GB,"6.5""",2019
132,Motorola,whose,Tablet,HarmonyOS,64GB,"7.2""",2016
133,Apple,indicate,Smartphone,HarmonyOS,128GB,"5""",2022
134,Apple,send,Router,Android,256GB,"6.5""",2017
135,Samsung,wide,Router,iOS,256GB,"6.5""",2024
136,Samsung,wall,Router,HarmonyOS,256GB,"7.2""",2023
137,Apple,speak,Router,HarmonyOS,128GB,"7.2""",2019
138,Motorola,they,Smartphone,iOS,64GB,"5""",2023
139,Motorola,peace,Router,Android,128GB,"6.5""",2017
140,Motorola,seven,Smartphone,Android,64GB,"5""",2024
141,Samsung,plant,Smartphone,iOS,256GB,"5""",2018
142,Motorola,five,Tablet,iOS,64GB,"7.2""",2016
143,Xiaomi,manager,Smartphone,Android,256GB,"5""",2015
144,Motorola,officer,Tablet,iOS,256GB,"7.2""",2015
145,Samsung,hope,Smartphone,iOS,256GB,"6.5""",2019
146,Apple,fly,Smartphone,HarmonyOS,64GB,"6.5""",2019
147,Apple,kid,Tablet,iOS,64GB,"7.2""",2022
148,Xiaomi,television,Router,Android,128GB,"6.5""",2018
149,Motorola,white,Router,HarmonyOS,128GB,"6.5""",2022
150,Apple,pay,Tablet,iOS,256GB,"5""",2023
151,Xiaomi,race,Smartphone,Android,64GB,"5""",2024
152,Xiaomi,sport,Smartphone,iOS,256GB,"7.2""",2018
153,Motorola,conference,Router,HarmonyOS,256GB,"6.5""",2020
154,Motorola,half,Smartphone,HarmonyOS,64GB,"7.2""",2021
155,Xiaomi,always,Smartphone,HarmonyOS,256GB,"7.2""",2018
156,Xiaomi,language,Smartphone,HarmonyOS,256GB,"7.2""",2021
157,Samsung,leg,Smartphone,HarmonyOS,128GB,"5""",2023
158,Motorola,let,Smartphone,HarmonyOS,64GB,"6.5""",2024
159,Samsung,force,Tablet,Android,128GB,"6.5""",2017
160,Xiaomi,attorney,Tablet,HarmonyOS,64GB,"6.5""",2016
161,Motorola,rest,Tablet,iOS,256GB,"5""",2024
162,Motorola,dream,Smartphone,Android,128GB,"7.2""",2018
163,Apple,glass,Router,HarmonyOS,256GB,"5""",2021
164,Apple,during,Smartphone,iOS,128GB,"5""",2019
165,Samsung,however,Tablet,HarmonyOS,64GB,"6.5""",2018
166,Apple,agent,Router,iOS,64GB,"5""",2019
167,Motorola,probably,Smartphone,HarmonyOS,256GB,"6.5""",2017
168,Apple,ground,Tablet,iOS,128GB,"7.2""",2017
169,Xiaomi,clearly,Tablet,HarmonyOS,64GB,"6.5""",2019
170,Motorola,cover,Tablet,HarmonyOS,256GB,"5""",2020
171,Apple,term,Smartphone,HarmonyOS,64GB,"5""",2016
172,Xiaomi,vote,Router,HarmonyOS,64GB,"5""",2017
173,Xiaomi,modern,Router,iOS,256GB,"5""",2020
174,Apple,understand,Router,HarmonyOS,128GB,"7.2""",2023
175,Apple,authority,Tablet,HarmonyOS,64GB,"6.5""",2021
176,Xiaomi,stand,Smartphone,iOS,64GB,"5""",2016
177,Apple,bit,Smartphone,HarmonyOS,128GB,"5""",2018
178,Samsung,cost,Smartphone,iOS,256GB,"6.5""",2020
179,Xiaomi,yes,Tablet,HarmonyOS,128GB,"6.5""",2021
180,Xiaomi,PM,Tablet,iOS,64GB,"5""",2017
181,Motorola,almost,Tablet,Android,64GB,"7.2""",2017
182,Xiaomi,drop,Smartphone,HarmonyOS,128GB,"5""",2021
183,Motorola,range,Tablet,HarmonyOS,128GB,"6.5""",2019
184,Motorola,country,Smartphone,HarmonyOS,64GB,"5""",2024
185,Xiaomi,action,Tablet,Android,256GB,"5""",2017
186,Samsung,ready,Router,HarmonyOS,64GB,"7.2""",2015
187,Samsung,nature,Router,Android,256GB,"5""",2020
188,Apple,which,Tablet,HarmonyOS,128GB,"5""",2015
189,Xiaomi,why,Smartphone,iOS,128GB,"7.2""",2019
190,Samsung,respond,Smartphone,Android,128GB,"5""",2022
191,Samsung,leave,Router,iOS,256GB,"7.2""",2020
192,Apple,Republican,Router,HarmonyOS,256GB,"6.5""",2024
193,Xiaomi,lawyer,Router,Android,128GB,"5""",2017
194,Motorola,country,Tablet,HarmonyOS,64GB,"7.2""",2024
195,Motorola,figure,Tablet,HarmonyOS,128GB,"5""",2018
196,Samsung,industry,Router,iOS,256GB,"6.5""",2016
197,Motorola,less,Tablet,iOS,64GB,"5""",2015
198,Samsung,foreign,Router,iOS,128GB,"5""",2018
199,Xiaomi,night,Tablet,iOS,128GB,"5""",2015
200,Samsung,always,Router,Android,128GB,"6.5""",2022
201,Motorola,collection,Smartphone,HarmonyOS,256GB,"5""",2024
202,Xiaomi,measure,Tablet,iOS,256GB,"7.2""",2020
203,Apple,coach,Router,HarmonyOS,64GB,"7.2""",2021
204,Xiaomi,war,Tablet,iOS,128GB,"6.5""",2022
205,Motorola,war,Tablet,Android,256GB,"5""",2016
206,Motorola,both,Smartphone,HarmonyOS,64GB,"5""",2016
207,Motorola,recent,Tablet,iOS,128GB,"5""",2016
208,Samsung,but,Router,iOS,64GB,"7.2""",2018
209,Xiaomi,material,Smartphone,Android,256GB,"5""",2016
210,Xiaomi,teacher,Router,Android,256GB,"6.5""",2018
211,Samsung,significant,Router,iOS,64GB,"7.2""",2021
212,Motorola,fear,Tablet,HarmonyOS,256GB,"7.2""",2018
213,Xiaomi,similar,Smartphone,iOS,64GB,"5""",2018
214,Xiaomi,success,Smartphone,HarmonyOS,64GB,"6.5""",2022
215,Apple,focus,Router,HarmonyOS,256GB,"7.2""",2018
216,Apple,five,Tablet,iOS,256GB,"6.5""",2015
217,Samsung,include,Router,HarmonyOS,256GB,"5""",2018
218,Apple,alone,Smartphone,iOS,64GB,"5""",2017
219,Xiaomi,peace,Router,Android,64GB,"6.5""",2015
220,Xiaomi,ten,Router,iOS,256GB,"7.2""",2021
221,Samsung,example,Router,Android,64GB,"7.2""",2017
222,Apple,glass,Tablet,HarmonyOS,256GB,"5""",2015
223,Motorola,soon,Smartphone,HarmonyOS,128GB,"6.5""",2023
224,Motorola,main,Router,iOS,128GB,"6.5""",2020
225,Motorola,author,Router,iOS,128GB,"6.5""",2021
226,Xiaomi,as,Router,Android,256GB,"7.2""",2016
227,Apple,southern,Smartphone,HarmonyOS,64GB,"6.5""",2020
228,Motorola,rather,Smartphone,iOS,128GB,"5""",2021
229,Apple,seek,Smartphone,iOS,64GB,"7.2""",2015
230,Samsung,them,Router,Android,64GB,"7.2""",2021
231,Xiaomi,finally,Tablet,HarmonyOS,128GB,"6.5""",2021
232,Apple,discussion,Tablet,HarmonyOS,128GB,"6.5""",2020
233,Xiaomi,wonder,Tablet,Android,64GB,"6.5""",2020
234,Xiaomi,worker,Smartphone,iOS,64GB,"7.2""",2020
235,Xiaomi,look,Smartphone,HarmonyOS,64GB,"5""",2021
236,Samsung,property,Router,Android,256GB,"5""",2020
237,Motorola,for,Router,HarmonyOS,128GB,"6.5""",2020
238,Samsung,official,Tablet,HarmonyOS,256GB,"7.2""",2021
239,Motorola,within,Smartphone,iOS,128GB,"7.2""",2020
240,Apple,describe,Smartphone,Android,128GB,"7.2""",2016
241,Xiaomi,huge,Router,HarmonyOS,64GB,"7.2""",2023
242,Apple,under,Tablet,HarmonyOS,256GB,"5""",2023
243,Apple,author,Smartphone,Android,256GB,"5""",2023
244,Apple,language,Tablet,Android,64GB,"6.5""",2016
245,Apple,amount,Tablet,iOS,128GB,"7.2""",2024
246,Samsung,and,Smartphone,iOS,128GB,"6.5""",2023
247,Apple,study,Tablet,HarmonyOS,128GB,"7.2""",2021
248,Xiaomi,wish,Router,Android,64GB,"5""",2016
249,Xiaomi,benefit,Tablet,Android,128GB,"6.5""",2018
250,Samsung,home,Router,Android,64GB,"7.2""",2016
251,Samsung,account,Tablet,iOS,256GB,"5""",2019
252,Motorola,financial,Router,iOS,256GB,"5""",2016
253,Xiaomi,for,Smartphone,iOS,256GB,"5""",2019
254,Xiaomi,article,Router,iOS,128GB,"6.5""",2019
255,Samsung,ability,Tablet,HarmonyOS,256GB,"5""",2018
256,Samsung,alone,Smartphone,HarmonyOS,256GB,"5""",2022
257,Motorola,probably,Router,HarmonyOS,256GB,"7.2""",2024
258,Samsung,animal,Router,Android,64GB,"6.5""",2017
259,Apple,clearly,Tablet,iOS,64GB,"5""",2019
260,Samsung,two,Router,Android,256GB,"6.5""",2015
261,Motorola,phone,Tablet,Android,128GB,"6.5""",2024
262,Apple,trip,Tablet,Android,64GB,"6.5""",2022
263,Apple,condition,Smartphone,iOS,128GB,"6.5""",2019
264,Motorola,many,Tablet,iOS,64GB,"7.2""",2023
265,Motorola,range,Tablet,iOS,256GB,"5""",2016
266,Xiaomi,beat,Smartphone,HarmonyOS,128GB,"6.5""",2016
267,Motorola,pay,Smartphone,Android,128GB,"5""",2019
268,Motorola,chair,Smartphone,iOS,64GB,"7.2""",2016
269,Motorola,again,Tablet,iOS,256GB,"7.2""",2018
270,Samsung,yourself,Smartphone,Android,256GB,"7.2""",2019
271,Apple,situation,Smartphone,Android,256GB,"5""",2018
272,Xiaomi,option,Smartphone,HarmonyOS,128GB,"5""",2020
273,Samsung,central,Smartphone,HarmonyOS,64GB,"7.2""",2024
274,Samsung,stuff,Tablet,Android,64GB,"6.5""",2019
275,Motorola,blue,Tablet,HarmonyOS,256GB,"7.2""",2018
276,Motorola,ball,Router,HarmonyOS,128GB,"5""",2024
277,Xiaomi,security,Router,Android,64GB,"6.5""",2016
278,Motorola,attention,Router,HarmonyOS,64GB,"7.2""",2023
279,Xiaomi,political,Smartphone,iOS,64GB,"5""",2023
280,Apple,standard,Tablet,Android,256GB,"6.5""",2022
281,Xiaomi,recent,Router,Android,128GB,"5""",2022
282,Apple,business,Router,iOS,128GB,"7.2""",2020
283,Motorola,defense,Router,Android,64GB,"5""",2017
284,Samsung,tend,Router,Android,256GB,"5""",2021
285,Motorola,black,Router,iOS,128GB,"5""",2016
286,Samsung,world,Router,iOS,256GB,"5""",2021
287,Apple,message,Router,HarmonyOS,256GB,"5""",2021
288,Apple,lead,Tablet,HarmonyOS,256GB,"5""",2016
289,Samsung,be,Smartphone,iOS,256GB,"7.2""",2015
290,Motorola,building,Tablet,Android,128GB,"6.5""",2018
291,Motorola,material,Smartphone,Android,256GB,"7.2""",2022
292,Xiaomi,series,Router,Android,256GB,"7.2""",2020
293,Xiaomi,trade,Smartphone,iOS,64GB,"7.2""",2023
294,Motorola,like,Router,iOS,128GB,"6.5""",2019
295,Xiaomi,more,Tablet,HarmonyOS,64GB,"6.5""",2021
296,Xiaomi,short,Router,iOS,128GB,"5""",2022
297,Apple,view,Tablet,HarmonyOS,128GB,"6.5""",2015
298,Samsung,concern,Smartphone,HarmonyOS,256GB,"7.2""",2015
299,Xiaomi,notice,Tablet,HarmonyOS,256GB,"7.2""",2024
300,Samsung,blue,Router,iOS,64GB,"5""",2015
301,Apple,certainly,Tablet,Android,64GB,"7.2""",2018
302,Motorola,top,Smartphone,iOS,64GB,"7.2""",2020
303,Xiaomi,hotel,Router,Android,128GB,"7.2""",2020
304,Apple,show,Tablet,iOS,128GB,"5""",2018
305,Motorola,to,Tablet,HarmonyOS,64GB,"6.5""",2017
306,Motorola,knowledge,Smartphone,Android,128GB,"6.5""",2022
307,Samsung,much,Router,iOS,128GB,"7.2""",2022
308,Apple,case,Smartphone,iOS,64GB,"5""",2015
309,Motorola,be,Router,HarmonyOS,64GB,"5""",2023
310,Apple,produce,Router,Android,128GB,"5""",2019
311,Samsung,move,Tablet,Android,256GB,"7.2""",2015
312,Motorola,already,Router,Android,64GB,"7.2""",2015
313,Xiaomi,show,Router,HarmonyOS,256GB,"7.2""",2019
314,Motorola,until,Smartphone,iOS,64GB,"5""",2023
315,Samsung,on,Tablet,iOS,128GB,"5""",2017
316,Xiaomi,energy,Tablet,HarmonyOS,128GB,"6.5""",2016
317,Motorola,between,Tablet,HarmonyOS,64GB,"5""",2021
318,Samsung,shoulder,Tablet,HarmonyOS,128GB,"7.2""",2023
319,Xiaomi,strong,Smartphone,Android,64GB,"7.2""",2021
320,Xiaomi,human,Tablet,Android,64GB,"5""",2020
321,Samsung,war,Tablet,iOS,128GB,"5""",2021
322,Apple,hot,Smartphone,iOS,256GB,"7.2""",2018
323,Xiaomi,newspaper,Smartphone,HarmonyOS,128GB,"5""",2018
324,Apple,who,Tablet,iOS,128GB,"6.5""",2019
325,Xiaomi,game,Tablet,Android,128GB,"7.2""",2016
326,Motorola,or,Smartphone,HarmonyOS,64GB,"6.5""",2019
327,Motorola,say,Router,Android,256GB,"5""",2021
328,Motorola,owner,Router,Android,64GB,"5""",2017
329,Xiaomi,office,Router,Android,256GB,"6.5""",2017
330,Samsung,including,Router,Android,64GB,"6.5""",2017
331,Motorola,when,Router,HarmonyOS,256GB,"6.5""",2024
332,Samsung,food,Router,iOS,128GB,"7.2""",2017
333,Apple,effort,Router,iOS,128GB,"7.2""",2019
334,Apple,others,Router,HarmonyOS,128GB,"5""",2019
335,Samsung,rule,Tablet,Android,256GB,"7.2""",2020
336,Samsung,benefit,Router,iOS,128GB,"7.2""",2021
337,Apple,claim,Router,Android,128GB,"6.5""",2019
338,Motorola,point,Tablet,iOS,256GB,"6.5""",2017
339,Samsung,interview,Smartphone,Android,256GB,"6.5""",2016
340,Apple,to,Smartphone,Android,64GB,"6.5""",2020
341,Motorola,star,Smartphone,HarmonyOS,128GB,"5""",2022
342,Apple,his,Tablet,HarmonyOS,256GB,"7.2""",2018
343,Samsung,simple,Smartphone,iOS,128GB,"5""",2017
344,Apple,federal,Tablet,HarmonyOS,128GB,"5""",2022
345,Xiaomi,year,Router,Android,64GB,"6.5""",2022
346,Apple,head,Smartphone,Android,64GB,"5""",2023
347,Motorola,mouth,Smartphone,iOS,128GB,"6.5""",2018
348,Apple,hour,Tablet,Android,256GB,"7.2""",2019
349,Samsung,against,Smartphone,iOS,64GB,"5""",2016
350,Samsung,across,Smartphone,HarmonyOS,64GB,"7.2""",2015
351,Motorola,ability,Router,iOS,128GB,"5""",2020
352,Apple,character,Router,Android,64GB,"5""",2020
353,Xiaomi,even,Router,HarmonyOS,64GB,"5""",2024
354,Samsung,sit,Tablet,Android,64GB,"7.2""",2018
355,Samsung,responsibility,Router,iOS,128GB,"7.2""",2015
356,Motorola,room,Tablet,iOS,256GB,"5""",2017
357,Motorola,determine,Smartphone,HarmonyOS,128GB,"7.2""",2022
358,Xiaomi,read,Router,iOS,256GB,"5""",2020
359,Motorola,weight,Tablet,iOS,256GB,"6.5""",2023
360,Samsung,certain,Tablet,HarmonyOS,128GB,"6.5""",2022
361,Samsung,cultural,Tablet,HarmonyOS,64GB,"5""",2018
362,Apple,business,Router,HarmonyOS,256GB,"7.2""",2020
363,Samsung,them,Tablet,iOS,64GB,"6.5""",2016
364,Samsung,might,Smartphone,HarmonyOS,128GB,"7.2""",2019
365,Apple,simple,Router,Android,64GB,"6.5""",2016
366,Xiaomi,member,Smartphone,HarmonyOS,64GB,"7.2""",2024
367,Xiaomi,reflect,Smartphone,Android,256GB,"5""",2019
368,Apple,car,Tablet,HarmonyOS,128GB,"6.5""",2016
369,Samsung,fact,Router,iOS,64GB,"6.5""",2017
370,Apple,every,Tablet,HarmonyOS,128GB,"6.5""",2023
371,Xiaomi,technology,Tablet,HarmonyOS,64GB,"6.5""",2024
372,Apple,chair,Smartphone,HarmonyOS,256GB,"5""",2024
373,Samsung,turn,Tablet,Android,64GB,"5""",2015
374,Apple,amount,Smartphone,Android,64GB,"7.2""",2022
375,Xiaomi,consider,Router,HarmonyOS,256GB,"7.2""",2017
376,Samsung,whose,Router,iOS,128GB,"7.2""",2022
377,Samsung,realize,Router,HarmonyOS,256GB,"5""",2022
378,Samsung,have,Smartphone,HarmonyOS,256GB,"6.5""",2018
379,Samsung,tax,Tablet,Android,128GB,"7.2""",2017
380,Xiaomi,skin,Router,iOS,64GB,"5""",2024
381,Xiaomi,game,Router,Android,64GB,"5""",2018
382,Motorola,decision,Smartphone,iOS,128GB,"5""",2024
383,Motorola,project,Router,Android,64GB,"7.2""",2017
384,Xiaomi,beyond,Tablet,HarmonyOS,64GB,"7.2""",2021
385,Apple,more,Smartphone,HarmonyOS,128GB,"7.2""",2015
386,Xiaomi,student,Tablet,Android,64GB,"5""",2024
387,Samsung,miss,Smartphone,HarmonyOS,128GB,"6.5""",2017
388,Apple,check,Tablet,iOS,256GB,"7.2""",2018
389,Apple,project,Smartphone,iOS,256GB,"7.2""",2022
390,Apple,enter,Smartphone,HarmonyOS,128GB,"6.5""",2021
391,Apple,full,Router,HarmonyOS,128GB,"5""",2020
392,Xiaomi,customer,Router,HarmonyOS,128GB,"5""",2024
393,Apple,prove,Tablet,HarmonyOS,128GB,"7.2""",2022
394,Apple,business,Router,HarmonyOS,64GB,"5""",2016
395,Xiaomi,prepare,Router,iOS,128GB,"5""",2023
396,Samsung,religious,Router,Android,128GB,"6.5""",2024
397,Apple,road,Smartphone,HarmonyOS,64GB,"6.5""",2023
398,Apple,eight,Tablet,Android,256GB,"5""",2020
399,Apple,head,Tablet,HarmonyOS,256GB,"5""",2016
400,Motorola,successful,Smartphone,Android,128GB,"7.2""",2018
401,Xiaomi,inside,Smartphone,HarmonyOS,128GB,"7.2""",2022
402,Xiaomi,specific,Smartphone,HarmonyOS,256GB,"7.2""",2016
403,Apple,board,Tablet,HarmonyOS,64GB,"7.2""",2015
404,Samsung,face,Smartphone,iOS,256GB,"6.5""",2022
405,Apple,stage,Smartphone,iOS,64GB,"7.2""",2015
406,Apple,without,Smartphone,iOS,64GB,"5""",2017
407,Apple,important,Tablet,HarmonyOS,128GB,"5""",2022
408,Motorola,onto,Tablet,iOS,128GB,"7.2""",2018
409,Samsung,heavy,Router,HarmonyOS,64GB,"6.5""",2016
410,Motorola,almost,Tablet,HarmonyOS,64GB,"7.2""",2017
411,Samsung,pull,Tablet,HarmonyOS,64GB,"6.5""",2021
412,Motorola,glass,Tablet,iOS,256GB,"5""",2024
413,Samsung,each,Tablet,iOS,128GB,"7.2""",2024
414,Samsung,indeed,Tablet,HarmonyOS,128GB,"7.2""",2023
415,Xiaomi,along,Smartphone,Android,64GB,"7.2""",2015
416,Motorola,sometimes,Smartphone,iOS,64GB,"5""",2017
417,Apple,know,Smartphone,iOS,256GB,"7.2""",2021
418,Samsung,not,Tablet,Android,64GB,"7.2""",2020
419,Samsung,expect,Tablet,Android,256GB,"7.2""",2020
420,Motorola,start,Router,iOS,256GB,"7.2""",2024
421,Apple,successful,Router,HarmonyOS,256GB,"5""",2024
422,Apple,collection,Tablet,Android,64GB,"5""",2020
423,Motorola,wide,Tablet,HarmonyOS,256GB,"5""",2015
424,Motorola,everybody,Router,HarmonyOS,128GB,"5""",2018
425,Xiaomi,any,Smartphone,iOS,256GB,"6.5""",2019
426,Samsung,size,Router,iOS,256GB,"5""",2017
427,Xiaomi,executive,Tablet,HarmonyOS,256GB,"5""",2019
428,Motorola,several,Smartphone,Android,256GB,"7.2""",2017
429,Xiaomi,base,Router,HarmonyOS,64GB,"6.5""",2019
430,Apple,good,Smartphone,Android,128GB,"5""",2019
431,Xiaomi,range,Tablet,iOS,64GB,"7.2""",2022
432,Xiaomi,keep,Tablet,Android,256GB,"7.2""",2023
433,Motorola,account,Tablet,HarmonyOS,256GB,"7.2""",2015
434,Motorola,staff,Tablet,HarmonyOS,256GB,"5""",2015
435,Apple,resource,Router,HarmonyOS,256GB,"6.5""",2020
436,Motorola,example,Tablet,iOS,256GB,"7.2""",2021
437,Xiaomi,dream,Smartphone,Android,128GB,"5""",2024
438,Motorola,reality,Tablet,iOS,256GB,"6.5""",2015
439,Motorola,work,Tablet,iOS,128GB,"6.5""",2024
440,Apple,tell,Router,Android,64GB,"5""",2018
441,Apple,traditional,Smartphone,iOS,256GB,"6.5""",2020
442,Motorola,start,Tablet,iOS,64GB,"5""",2018
443,Apple,section,Smartphone,iOS,256GB,"5""",2020
444,Apple,country,Router,HarmonyOS,128GB,"7.2""",2023
445,Apple,environment,Tablet,HarmonyOS,256GB,"7.2""",2023
446,Xiaomi,hope,Tablet,iOS,128GB,"6.5""",2019
447,Samsung,with,Router,Android,64GB,"6.5""",2016
448,Samsung,test,Tablet,HarmonyOS,256GB,"6.5""",2024
449,Motorola,need,Router,Android,64GB,"6.5""",2016
450,Motorola,protect,Tablet,HarmonyOS,256GB,"6.5""",2017
451,Samsung,build,Tablet,iOS,128GB,"6.5""",2020
452,Xiaomi,Congress,Tablet,Android,64GB,"6.5""",2023
453,Samsung,modern,Tablet,HarmonyOS,64GB,"5""",2017
454,Xiaomi,decision,Router,HarmonyOS,64GB,"5""",2020
455,Apple,try,Router,iOS,64GB,"5""",2024
456,Apple,our,Tablet,HarmonyOS,256GB,"6.5""",2017
457,Apple,poor,Router,Android,256GB,"6.5""",2015
458,Samsung,personal,Router,Android,128GB,"7.2""",2019
459,Xiaomi,back,Tablet,iOS,256GB,"6.5""",2024
460,Samsung,involve,Tablet,iOS,128GB,"5""",2020
461,Samsung,feeling,Smartphone,iOS,128GB,"7.2""",2020
462,Samsung,teach,Router,HarmonyOS,128GB,"5""",2017
463,Apple,rule,Router,HarmonyOS,256GB,"5""",2016
464,Xiaomi,resource,Smartphone,Android,256GB,"5""",2020
465,Motorola,and,Smartphone,Android,64GB,"5""",2016
466,Samsung,evening,Tablet,iOS,64GB,"6.5""",2019
467,Motorola,accept,Smartphone,HarmonyOS,128GB,"6.5""",2015
468,Apple,all,Smartphone,iOS,256GB,"7.2""",2016
469,Motorola,successful,Router,Android,256GB,"5""",2023
470,Samsung,policy,Router,iOS,128GB,"5""",2022
471,Apple,cold,Smartphone,Android,256GB,"7.2""",2015
472,Xiaomi,girl,Smartphone,Android,128GB,"6.5""",2020
473,Apple,consider,Smartphone,HarmonyOS,64GB,"6.5""",2024
474,Xiaomi,voice,Tablet,HarmonyOS,256GB,"7.2""",2024
475,Apple,interview,Router,iOS,64GB,"7.2""",2016
476,Samsung,east,Tablet,HarmonyOS,256GB,"7.2""",2019
477,Xiaomi,past,Tablet,Android,256GB,"7.2""",2021
478,Motorola,official,Router,iOS,128GB,"6.5""",2020
479,Samsung,tell,Tablet,iOS,256GB,"5""",2024
480,Samsung,decade,Tablet,HarmonyOS,128GB,"7.2""",2024
481,Samsung,who,Tablet,iOS,256GB,"5""",2017
482,Xiaomi,almost,Tablet,HarmonyOS,128GB,"7.2""",2016
483,Samsung,question,Tablet,Android,256GB,"5""",2017
484,Xiaomi,of,Tablet,iOS,128GB,"7.2""",2019
485,Motorola,some,Router,Android,128GB,"7.2""",2019
486,Motorola,toward,Tablet,HarmonyOS,128GB,"5""",2015
487,Motorola,vote,Smartphone,HarmonyOS,256GB,"7.2""",2020
488,Xiaomi,customer,Tablet,Android,256GB,"7.2""",2020
489,Xiaomi,long,Smartphone,HarmonyOS,128GB,"7.2""",2022
490,Motorola,type,Smartphone,iOS,64GB,"5""",2023
491,Apple,office,Router,Android,128GB,"5""",2020
492,Samsung,reason,Tablet,iOS,128GB,"5""",2023
493,Motorola,listen,Smartphone,HarmonyOS,256GB,"7.2""",2017
494,Apple,personal,Router,HarmonyOS,64GB,"5""",2018
495,Motorola,present,Router,iOS,128GB,"7.2""",2022
496,Xiaomi,good,Router,HarmonyOS,256GB,"7.2""",2018
497,Xiaomi,term,Router,HarmonyOS,64GB,"7.2""",2020
498,Xiaomi,half,Smartphone,Android,256GB,"7.2""",2024
499,Apple,his,Tablet,HarmonyOS,256GB,"6.5""",2015
500,Motorola,but,Tablet,iOS,64GB,"7.2""",2016
501,Samsung,spend,Smartphone,HarmonyOS,64GB,"6.5""",2016
502,Samsung,strong,Tablet,Android,256GB,"6.5""",2016
503,Xiaomi,adult,Router,HarmonyOS,64GB,"5""",2021
504,Motorola,kid,Router,HarmonyOS,64GB,"5""",2023
505,Xiaomi,himself,Tablet,iOS,64GB,"5""",2018
506,Apple,cultural,Smartphone,HarmonyOS,256GB,"7.2""",2022
507,Samsung,media,Smartphone,HarmonyOS,256GB,"5""",2016
508,Motorola,true,Smartphone,HarmonyOS,256GB,"6.5""",2021
509,Apple,wear,Smartphone,iOS,256GB,"6.5""",2022
510,Apple,drive,Router,HarmonyOS,128GB,"7.2""",2018
511,Apple,seven,Smartphone,HarmonyOS,256GB,"7.2""",2015
512,Xiaomi,responsibility,Tablet,HarmonyOS,128GB,"6.5""",2024
513,Xiaomi,similar,Router,HarmonyOS,64GB,"6.5""",2021
514,Samsung,training,Router,iOS,64GB,"5""",2017
515,Motorola,provide,Router,Android,256GB,"7.2""",2023
516,Motorola,support,Router,Android,128GB,"7.2""",2024
517,Apple,wear,Smartphone,HarmonyOS,256GB,"7.2""",2020
518,Samsung,smile,Smartphone,Android,128GB,"5""",2020
519,Apple,share,Tablet,Android,128GB,"7.2""",2018
520,Apple,visit,Tablet,iOS,64GB,"6.5""",2019
521,Motorola,program,Tablet,iOS,256GB,"6.5""",2015
522,Apple,week,Router,HarmonyOS,128GB,"5""",2024
523,Motorola,wife,Tablet,iOS,256GB,"7.2""",2016
524,Samsung,image,Smartphone,iOS,64GB,"6.5""",2020
525,Motorola,south,Smartphone,iOS,64GB,"5""",2022
526,Apple,plan,Smartphone,iOS,128GB,"5""",2015
527,Apple,administration,Router,iOS,128GB,"5""",2017
528,Samsung,reflect,Router,Android,256GB,"5""",2019
529,Motorola,trouble,Router,iOS,256GB,"6.5""",2016
530,Samsung,word,Smartphone,iOS,256GB,"6.5""",2021
531,Samsung,cup,Tablet,iOS,128GB,"5""",2022
532,Apple,possible,Tablet,iOS,256GB,"7.2""",2017
533,Motorola,smile,Tablet,HarmonyOS,64GB,"5""",2024
534,Xiaomi,miss,Router,Android,64GB,"5""",2019
535,Xiaomi,job,Tablet,Android,64GB,"5""",2021
536,Motorola,sometimes,Smartphone,HarmonyOS,128GB,"6.5""",2017
537,Samsung,including,Smartphone,iOS,128GB,"5""",2023
538,Samsung,color,Tablet,iOS,128GB,"6.5""",2015
539,Samsung,class,Smartphone,HarmonyOS,128GB,"5""",2017
540,Apple,respond,Smartphone,Android,256GB,"6.5""",2019
541,Xiaomi,laugh,Router,HarmonyOS,64GB,"5""",2017
542,Samsung,I,Smartphone,iOS,128GB,"6.5""",2021
543,Apple,light,Smartphone,Android,128GB,"7.2""",2015
544,Motorola,their,Smartphone,iOS,128GB,"5""",2018
545,Samsung,since,Smartphone,iOS,256GB,"7.2""",2022
546,Xiaomi,service,Tablet,iOS,64GB,"5""",2024
547,Xiaomi,question,Smartphone,HarmonyOS,64GB,"5""",2016
548,Xiaomi,smile,Tablet,Android,128GB,"6.5""",2015
549,Xiaomi,difficult,Router,iOS,256GB,"7.2""",2024
550,Xiaomi,entire,Router,iOS,256GB,"7.2""",2018
551,Xiaomi,at,Smartphone,Android,64GB,"6.5""",2024
552,Motorola,school,Tablet,Android,128GB,"7.2""",2017
553,Apple,worker,Smartphone,HarmonyOS,256GB,"6.5""",2024
554,Motorola,cold,Router,Android,64GB,"7.2""",2023
555,Samsung,when,Smartphone,HarmonyOS,256GB,"6.5""",2023
556,Xiaomi,outside,Smartphone,HarmonyOS,128GB,"6.5""",2020
557,Xiaomi,able,Tablet,HarmonyOS,256GB,"7.2""",2017
558,Motorola,fish,Smartphone,HarmonyOS,256GB,"5""",2018
559,Samsung,whether,Smartphone,HarmonyOS,128GB,"5""",2015
560,Apple,smile,Tablet,Android,64GB,"6.5""",2022
561,Apple,crime,Tablet,HarmonyOS,64GB,"6.5""",2023
562,Motorola,bit,Router,Android,64GB,"5""",2024
563,Motorola,class,Tablet,iOS,128GB,"6.5""",2022
564,Xiaomi,enough,Tablet,iOS,64GB,"7.2""",2023
565,Xiaomi,control,Router,HarmonyOS,64GB,"6.5""",2020
566,Apple,information,Router,HarmonyOS,128GB,"6.5""",2024
567,Samsung,establish,Router,iOS,256GB,"5""",2020
568,Apple,nearly,Tablet,Android,128GB,"5""",2022
569,Xiaomi,weight,Router,Android,256GB,"5""",2016
570,Xiaomi,quite,Tablet,Android,64GB,"6.5""",2021
571,Samsung,know,Router,HarmonyOS,128GB,"5""",2022
572,Motorola,full,Router,HarmonyOS,256GB,"7.2""",2022
573,Apple,nothing,Tablet,HarmonyOS,256GB,"7.2""",2024
574,Motorola,should,Router,Android,256GB,"7.2""",2022
575,Samsung,language,Router,HarmonyOS,128GB,"7.2""",2021
576,Apple,military,Smartphone,iOS,64GB,"5""",2024
577,Samsung,majority,Router,Android,64GB,"6.5""",2017
578,Apple,call,Router,HarmonyOS,128GB,"5""",2021
579,Samsung,enough,Router,iOS,256GB,"6.5""",2021
580,Xiaomi,point,Smartphone,HarmonyOS,256GB,"7.2""",2015
581,Motorola,forward,Smartphone,iOS,128GB,"7.2""",2021
582,Apple,even,Tablet,iOS,64GB,"7.2""",2019
583,Samsung,entire,Smartphone,HarmonyOS,128GB,"7.2""",2015
584,Xiaomi,seven,Smartphone,HarmonyOS,64GB,"7.2""",2019
585,Samsung,feel,Tablet,Android,256GB,"7.2""",2018
586,Samsung,how,Smartphone,Android,256GB,"5""",2015
587,Apple,political,Smartphone,iOS,256GB,"6.5""",2024
588,Apple,my,Router,HarmonyOS,64GB,"7.2""",2019
589,Samsung,agency,Tablet,iOS,128GB,"7.2""",2019
590,Apple,money,Tablet,iOS,128GB,"5""",2020
591,Apple,write,Tablet,iOS,64GB,"7.2""",2024
592,Apple,race,Smartphone,Android,256GB,"5""",2020
593,Xiaomi,my,Router,iOS,256GB,"6.5""",2018
594,Apple,yourself,Smartphone,iOS,256GB,"5""",2018
595,Apple,morning,Tablet,HarmonyOS,64GB,"7.2""",2017
596,Samsung,degree,Tablet,HarmonyOS,128GB,"6.5""",2019
597,Apple,knowledge,Tablet,iOS,128GB,"6.5""",2024
598,Xiaomi,expert,Smartphone,iOS,128GB,"5""",2024
599,Xiaomi,side,Tablet,HarmonyOS,256GB,"7.2""",2021
600,Motorola,reality,Smartphone,HarmonyOS,256GB,"6.5""",2016
601,Apple,sort,Tablet,HarmonyOS,128GB,"6.5""",2016
602,Xiaomi,investment,Tablet,Android,64GB,"5""",2021
603,Xiaomi,seven,Router,HarmonyOS,64GB,"5""",2017
604,Apple,although,Smartphone,iOS,128GB,"6.5""",2022
605,Motorola,age,Tablet,HarmonyOS,128GB,"7.2""",2019
606,Motorola,join,Smartphone,iOS,128GB,"5""",2015
607,Samsung,one,Smartphone,Android,64GB,"5""",2023
608,Apple,bed,Router,iOS,64GB,"6.5""",2020
609,Xiaomi,success,Router,Android,256GB,"7.2""",2015
610,Apple,fall,Smartphone,HarmonyOS,256GB,"6.5""",2022
611,Xiaomi,seem,Smartphone,HarmonyOS,64GB,"6.5""",2015
612,Motorola,talk,Router,iOS,64GB,"6.5""",2015
613,Xiaomi,agree,Smartphone,HarmonyOS,128GB,"5""",2020
614,Apple,all,Tablet,HarmonyOS,256GB,"5""",2020
615,Samsung,mind,Smartphone,HarmonyOS,256GB,"7.2""",2015
616,Motorola,respond,Router,Android,128GB,"6.5""",2019
617,Motorola,take,Smartphone,Android,128GB,"5""",2017
618,Samsung,in,Smartphone,Android,128GB,"6.5""",2019
619,Xiaomi,none,Router,iOS,64GB,"7.2""",2016
620,Apple,hard,Smartphone,Android,64GB,"7.2""",2019
621,Samsung,often,Tablet,iOS,256GB,"7.2""",2019
622,Apple,marriage,Smartphone,Android,128GB,"6.5""",2020
623,Xiaomi,need,Tablet,iOS,64GB,"5""",2021
624,Apple,light,Smartphone,iOS,128GB,"6.5""",2022
625,Apple,only,Smartphone,iOS,64GB,"6.5""",2017
626,Xiaomi,six,Router,iOS,64GB,"5""",2020
627,Samsung,significant,Smartphone,Android,256GB,"6.5""",2018
628,Xiaomi,score,Tablet,iOS,64GB,"6.5""",2017
629,Apple,we,Router,Android,64GB,"7.2""",2024
630,Samsung,may,Router,iOS,128GB,"5""",2023
631,Samsung,particular,Tablet,Android,256GB,"7.2""",2019
632,Samsung,crime,Router,Android,64GB,"5""",2015
633,Samsung,sure,Smartphone,HarmonyOS,64GB,"6.5""",2018
634,Apple,people,Tablet,iOS,256GB,"7.2""",2019
635,Motorola,somebody,Router,iOS,256GB,"5""",2021
636,Apple,ago,Router,HarmonyOS,64GB,"5""",2019
637,Xiaomi,policy,Router,HarmonyOS,256GB,"6.5""",2015
638,Samsung,heart,Tablet,Android,64GB,"5""",2020
639,Samsung,develop,Smartphone,Android,256GB,"5""",2018
640,Xiaomi,foot,Smartphone,HarmonyOS,64GB,"6.5""",2022
641,Xiaomi,law,Smartphone,iOS,64GB,"5""",2016
642,Motorola,audience,Tablet,iOS,64GB,"7.2""",2022
643,Motorola,discuss,Smartphone,HarmonyOS,128GB,"7.2""",2016
644,Apple,bill,Tablet,Android,256GB,"5""",2023
645,Motorola,company,Router,Android,64GB,"6.5""",2020
646,Samsung,story,Smartphone,iOS,64GB,"6.5""",2024
647,Samsung,police,Tablet,iOS,128GB,"6.5""",2018
648,Samsung,long,Tablet,iOS,128GB,"5""",2017
649,Samsung,production,Tablet,iOS,64GB,"7.2""",2016
650,Motorola,career,Smartphone,iOS,128GB,"6.5""",2020
651,Xiaomi,world,Router,iOS,256GB,"5""",2015
652,Samsung,modern,Tablet,Android,64GB,"6.5""",2019
653,Xiaomi,four,Router,HarmonyOS,256GB,"5""",2024
654,Samsung,throughout,Router,HarmonyOS,128GB,"5""",2015
655,Samsung,less,Tablet,iOS,64GB,"5""",2016
656,Apple,trade,Tablet,iOS,128GB,"6.5""",2015
657,Apple,run,Smartphone,iOS,256GB,"5""",2018
658,Apple,clear,Smartphone,HarmonyOS,64GB,"7.2""",2018
659,Samsung,middle,Tablet,iOS,64GB,"6.5""",2016
660,Motorola,stay,Router,Android,128GB,"6.5""",2017
661,Samsung,through,Router,HarmonyOS,128GB,"5""",2016
662,Apple,entire,Tablet,Android,128GB,"5""",2024
663,Apple,million,Smartphone,Android,128GB,"7.2""",2015
664,Motorola,growth,Smartphone,HarmonyOS,64GB,"7.2""",2024
665,Apple,security,Smartphone,iOS,64GB,"5""",2024
666,Apple,network,Tablet,Android,256GB,"5""",2022
667,Apple,several,Smartphone,Android,256GB,"6.5""",2015
668,Apple,such,Router,Android,128GB,"7.2""",2023
669,Apple,door,Router,iOS,128GB,"6.5""",2016
670,Apple,stage,Tablet,HarmonyOS,256GB,"6.5""",2021
671,Apple,another,Smartphone,Android,64GB,"7.2""",2022
672,Samsung,herself,Smartphone,Android,64GB,"7.2""",2022
673,Apple,win,Tablet,HarmonyOS,128GB,"5""",2016
674,Apple,Mrs,Tablet,iOS,128GB,"7.2""",2021
675,Motorola,everything,Smartphone,Android,128GB,"6.5""",2018
676,Samsung,indeed,Smartphone,HarmonyOS,64GB,"5""",2022
677,Xiaomi,tax,Router,iOS,128GB,"6.5""",2015
678,Motorola,nor,Router,Android,128GB,"5""",2023
679,Xiaomi,rate,Tablet,iOS,64GB,"7.2""",2022
680,Apple,war,Router,Android,128GB,"7.2""",2020
681,Apple,physical,Router,HarmonyOS,128GB,"7.2""",2019
682,Apple,big,Smartphone,iOS,128GB,"6.5""",2022
683,Xiaomi,food,Smartphone,Android,128GB,"7.2""",2023
684,Xiaomi,wall,Smartphone,HarmonyOS,64GB,"7.2""",2015
685,Xiaomi,carry,Router,Android,64GB,"7.2""",2024
686,Xiaomi,mother,Smartphone,Android,64GB,"7.2""",2020
687,Apple,challenge,Smartphone,HarmonyOS,256GB,"5""",2024
688,Apple,check,Smartphone,Android,128GB,"7.2""",2022
689,Apple,attack,Router,HarmonyOS,64GB,"5""",2022
690,Samsung,world,Smartphone,HarmonyOS,128GB,"6.5""",2018
691,Samsung,grow,Tablet,Android,64GB,"5""",2024
692,Motorola,day,Router,iOS,128GB,"7.2""",2018
693,Apple,another,Smartphone,Android,128GB,"6.5""",2016
694,Motorola,agreement,Smartphone,iOS,64GB,"7.2""",2019
695,Apple,might,Smartphone,HarmonyOS,128GB,"7.2""",2019
696,Samsung,market,Router,iOS,128GB,"7.2""",2015
697,Xiaomi,bank,Tablet,iOS,256GB,"7.2""",2020
698,Xiaomi,painting,Smartphone,iOS,64GB,"6.5""",2016
699,Motorola,need,Router,iOS,64GB,"7.2""",2020
700,Apple,apply,Smartphone,HarmonyOS,128GB,"7.2""",2022
701,Samsung,chair,Router,iOS,64GB,"6.5""",2023
702,Xiaomi,production,Router,iOS,128GB,"7.2""",2017
703,Apple,man,Router,HarmonyOS,128GB,"5""",2017
704,Apple,order,Router,Android,64GB,"5""",2018
705,Motorola,central,Tablet,iOS,64GB,"7.2""",2023
706,Samsung,order,Router,HarmonyOS,64GB,"5""",2015
707,Motorola,evening,Smartphone,Android,128GB,"7.2""",2021
708,Motorola,be,Smartphone,iOS,128GB,"6.5""",2017
709,Xiaomi,five,Router,Android,64GB,"5""",2019
710,Samsung,heavy,Router,HarmonyOS,128GB,"7.2""",2020
711,Motorola,wife,Smartphone,HarmonyOS,256GB,"6.5""",2023
712,Xiaomi,case,Tablet,Android,64GB,"5""",2018
713,Samsung,upon,Tablet,HarmonyOS,128GB,"5""",2018
714,Xiaomi,management,Tablet,HarmonyOS,256GB,"5""",2023
715,Apple,while,Smartphone,Android,128GB,"5""",2023
716,Apple,hospital,Smartphone,Android,256GB,"6.5""",2016
717,Samsung,and,Tablet,HarmonyOS,128GB,"5""",2018
718,Apple,girl,Router,HarmonyOS,128GB,"7.2""",2024
719,Apple,board,Tablet,Android,128GB,"7.2""",2018
720,Motorola,upon,Router,iOS,64GB,"6.5""",2024
721,Motorola,blood,Tablet,iOS,64GB,"6.5""",2017
722,Samsung,probably,Router,iOS,256GB,"7.2""",2017
723,Samsung,research,Smartphone,HarmonyOS,256GB,"7.2""",2017
724,Motorola,break,Smartphone,HarmonyOS,256GB,"6.5""",2017
725,Xiaomi,follow,Smartphone,iOS,128GB,"6.5""",2023
726,Xiaomi,really,Router,iOS,64GB,"7.2""",2018
727,Motorola,foot,Smartphone,iOS,128GB,"5""",2021
728,Motorola,partner,Tablet,iOS,128GB,"6.5""",2023
729,Motorola,history,Smartphone,HarmonyOS,256GB,"7.2""",2021
730,Apple,couple,Router,iOS,64GB,"6.5""",2023
731,Apple,spend,Smartphone,Android,256GB,"6.5""",2019
732,Motorola,account,Smartphone,iOS,64GB,"7.2""",2018
733,Samsung,realize,Tablet,iOS,256GB,"6.5""",2015
734,Samsung,somebody,Smartphone,Android,256GB,"6.5""",2022
735,Xiaomi,may,Smartphone,Android,64GB,"6.5""",2017
736,Apple,interview,Router,HarmonyOS,64GB,"6.5""",2020
737,Samsung,interview,Smartphone,iOS,128GB,"7.2""",2016
738,Motorola,property,Smartphone,HarmonyOS,256GB,"7.2""",2021
739,Samsung,difficult,Tablet,HarmonyOS,256GB,"5""",2016
740,Motorola,benefit,Router,Android,128GB,"6.5""",2023
741,Apple,key,Tablet,iOS,256GB,"6.5""",2024
742,Motorola,top,Smartphone,HarmonyOS,256GB,"6.5""",2016
743,Apple,example,Tablet,HarmonyOS,256GB,"6.5""",2024
744,Samsung,yet,Router,iOS,256GB,"7.2""",2024
745,Apple,mention,Router,Android,64GB,"5""",2020
746,Apple,lay,Tablet,iOS,128GB,"7.2""",2018
747,Samsung,relationship,Tablet,iOS,128GB,"7.2""",2023
748,Motorola,mind,Smartphone,iOS,256GB,"6.5""",2018
749,Apple,very,Smartphone,HarmonyOS,64GB,"5""",2016
750,Apple,however,Tablet,HarmonyOS,256GB,"5""",2015
751,Xiaomi,check,Smartphone,HarmonyOS,64GB,"5""",2015
752,Xiaomi,laugh,Router,iOS,128GB,"7.2""",2019
753,Xiaomi,take,Tablet,iOS,64GB,"5""",2021
754,Motorola,describe,Smartphone,Android,64GB,"6.5""",2020
755,Apple,sound,Smartphone,HarmonyOS,256GB,"5""",2016
756,Xiaomi,language,Smartphone,HarmonyOS,256GB,"6.5""",2015
757,Apple,production,Router,Android,64GB,"7.2""",2015
758,Motorola,spend,Tablet,HarmonyOS,256GB,"7.2""",2016
759,Samsung,dark,Smartphone,HarmonyOS,64GB,"7.2""",2015
760,Apple,executive,Router,HarmonyOS,256GB,"7.2""",2019
761,Apple,away,Router,HarmonyOS,128GB,"6.5""",2020
762,Apple,table,Tablet,iOS,128GB,"6.5""",2023
763,Xiaomi,certain,Router,iOS,64GB,"7.2""",2024
764,Xiaomi,make,Tablet,Android,256GB,"7.2""",2020
765,Samsung,fund,Router,HarmonyOS,128GB,"6.5""",2019
766,Motorola,him,Router,Android,256GB,"6.5""",2016
767,Apple,film,Tablet,iOS,256GB,"6.5""",2016
768,Xiaomi,such,Tablet,HarmonyOS,64GB,"5""",2018
769,Xiaomi,take,Tablet,iOS,128GB,"7.2""",2019
770,Motorola,listen,Smartphone,Android,256GB,"7.2""",2019
771,Apple,gun,Smartphone,Android,64GB,"7.2""",2024
772,Apple,else,Router,iOS,256GB,"5""",2023
773,Samsung,commercial,Smartphone,HarmonyOS,256GB,"7.2""",2015
774,Samsung,main,Smartphone,HarmonyOS,256GB,"6.5""",2021
775,Motorola,care,Tablet,Android,64GB,"5""",2023
776,Samsung,sea,Tablet,iOS,256GB,"7.2""",2017
777,Xiaomi,grow,Router,HarmonyOS,256GB,"7.2""",2016
778,Xiaomi,suggest,Smartphone,HarmonyOS,256GB,"7.2""",2019
779,Samsung,discuss,Router,Android,256GB,"6.5""",2015
780,Samsung,modern,Tablet,HarmonyOS,128GB,"6.5""",2016
781,Motorola,clear,Tablet,iOS,256GB,"6.5""",2018
782,Motorola,bill,Tablet,Android,256GB,"6.5""",2024
783,Motorola,not,Smartphone,HarmonyOS,64GB,"5""",2017
784,Apple,peace,Smartphone,HarmonyOS,256GB,"5""",2015
785,Motorola,point,Router,iOS,256GB,"7.2""",2022
786,Xiaomi,light,Smartphone,iOS,128GB,"6.5""",2016
787,Apple,shoulder,Router,iOS,256GB,"5""",2020
788,Motorola,friend,Tablet,iOS,256GB,"6.5""",2016
789,Xiaomi,contain,Smartphone,iOS,128GB,"6.5""",2020
790,Xiaomi,begin,Tablet,Android,256GB,"6.5""",2020
791,Xiaomi,recent,Tablet,Android,256GB,"5""",2015
792,Samsung,four,Tablet,iOS,128GB,"7.2""",2021
793,Xiaomi,common,Tablet,iOS,64GB,"5""",2016
794,Apple,expert,Router,Android,64GB,"7.2""",2019
795,Samsung,worry,Router,HarmonyOS,128GB,"7.2""",2023
796,Xiaomi,heart,Tablet,Android,128GB,"5""",2021
797,Apple,recognize,Tablet,iOS,64GB,"5""",2019
798,Motorola,sell,Smartphone,Android,128GB,"7.2""",2021
799,Samsung,but,Smartphone,Android,128GB,"7.2""",2016
800,Samsung,budget,Smartphone,iOS,256GB,"7.2""",2023
801,Apple,human,Tablet,iOS,256GB,"6.5""",2023
802,Apple,fund,Router,Android,64GB,"7.2""",2020
803,Motorola,song,Router,HarmonyOS,256GB,"5""",2020
804,Apple,generation,Tablet,HarmonyOS,256GB,"7.2""",2020
805,Apple,force,Router,HarmonyOS,256GB,"7.2""",2020
806,Samsung,goal,Router,HarmonyOS,64GB,"7.2""",2021
807,Motorola,total,Router,Android,64GB,"7.2""",2023
808,Apple,sound,Router,Android,256GB,"6.5""",2018
809,Apple,treat,Router,HarmonyOS,128GB,"6.5""",2017
810,Motorola,ability,Router,HarmonyOS,64GB,"7.2""",2021
811,Apple,current,Smartphone,iOS,256GB,"7.2""",2022
812,Samsung,reason,Smartphone,iOS,256GB,"7.2""",2022
813,Motorola,rate,Smartphone,iOS,128GB,"7.2""",2022
814,Samsung,five,Router,iOS,64GB,"7.2""",2022
815,Samsung,purpose,Tablet,HarmonyOS,256GB,"5""",2023
816,Samsung,culture,Smartphone,iOS,128GB,"5""",2020
817,Motorola,condition,Router,HarmonyOS,64GB,"6.5""",2024
818,Apple,thus,Smartphone,Android,128GB,"7.2""",2015
819,Motorola,open,Router,Android,64GB,"7.2""",2017
820,Samsung,cold,Smartphone,Android,64GB,"6.5""",2017
821,Apple,may,Tablet,HarmonyOS,256GB,"7.2""",2017
822,Xiaomi,effect,Tablet,HarmonyOS,64GB,"5""",2023
823,Motorola,base,Tablet,iOS,256GB,"5""",2015
824,Xiaomi,sell,Tablet,iOS,128GB,"6.5""",2023
825,Apple,need,Tablet,Android,64GB,"5""",2022
826,Xiaomi,want,Tablet,HarmonyOS,128GB,"7.2""",2020
827,Motorola,event,Tablet,iOS,256GB,"5""",2024
828,Samsung,watch,Tablet,iOS,64GB,"5""",2021
829,Samsung,season,Tablet,HarmonyOS,64GB,"7.2""",2018
830,Samsung,born,Smartphone,iOS,256GB,"6.5""",2018
831,Motorola,approach,Router,HarmonyOS,64GB,"7.2""",2019
832,Xiaomi,human,Smartphone,iOS,256GB,"6.5""",2020
833,Apple,size,Tablet,HarmonyOS,64GB,"5""",2019
834,Samsung,behind,Tablet,HarmonyOS,128GB,"7.2""",2017
835,Samsung,include,Smartphone,Android,64GB,"7.2""",2022
836,Motorola,major,Router,Android,256GB,"7.2""",2023
837,Motorola,memory,Tablet,iOS,64GB,"5""",2019
838,Motorola,record,Router,iOS,128GB,"7.2""",2020
839,Xiaomi,chance,Tablet,Android,256GB,"6.5""",2017
840,Xiaomi,seat,Tablet,iOS,64GB,"7.2""",2016
841,Apple,chance,Router,Android,256GB,"6.5""",2019
842,Apple,article,Router,iOS,256GB,"6.5""",2016
843,Samsung,will,Router,iOS,128GB,"6.5""",2015
844,Apple,budget,Router,HarmonyOS,256GB,"6.5""",2017
845,Apple,city,Tablet,HarmonyOS,64GB,"6.5""",2019
846,Xiaomi,project,Router,iOS,256GB,"7.2""",2024
847,Samsung,call,Tablet,Android,64GB,"7.2""",2023
848,Xiaomi,they,Router,iOS,128GB,"6.5""",2017
849,Motorola,international,Smartphone,HarmonyOS,128GB,"5""",2015
850,Motorola,political,Smartphone,HarmonyOS,64GB,"7.2""",2015
851,Apple,wait,Tablet,iOS,64GB,"7.2""",2017
852,Samsung,between,Router,iOS,64GB,"7.2""",2015
853,Apple,father,Smartphone,iOS,64GB,"6.5""",2016
854,Motorola,beat,Tablet,HarmonyOS,128GB,"6.5""",2015
855,Samsung,part,Tablet,HarmonyOS,128GB,"6.5""",2022
856,Xiaomi,partner,Smartphone,iOS,256GB,"5""",2020
857,Motorola,black,Smartphone,iOS,128GB,"6.5""",2015
858,Xiaomi,director,Tablet,HarmonyOS,128GB,"7.2""",2015
859,Apple,tonight,Tablet,HarmonyOS,128GB,"5""",2019
860,Apple,small,Router,HarmonyOS,64GB,"5""",2019
861,Samsung,we,Tablet,iOS,64GB,"6.5""",2021
862,Motorola,five,Router,HarmonyOS,256GB,"7.2""",2015
863,Apple,through,Tablet,HarmonyOS,256GB,"7.2""",2017
864,Apple,that,Router,HarmonyOS,256GB,"6.5""",2024
865,Samsung,interesting,Smartphone,Android,256GB,"6.5""",2021
866,Xiaomi,week,Smartphone,Android,256GB,"5""",2019
867,Apple,consider,Router,HarmonyOS,256GB,"7.2""",2016
868,Motorola,nice,Tablet,Android,256GB,"5""",2024
869,Xiaomi,local,Smartphone,HarmonyOS,64GB,"5""",2019
870,Apple,scientist,Smartphone,iOS,256GB,"6.5""",2016
871,Samsung,example,Smartphone,HarmonyOS,256GB,"6.5""",2022
872,Apple,south,Router,HarmonyOS,64GB,"7.2""",2017
873,Xiaomi,green,Smartphone,iOS,128GB,"5""",2018
874,Apple,produce,Smartphone,iOS,128GB,"7.2""",2022
875,Apple,contain,Router,Android,128GB,"5""",2019
876,Samsung,radio,Router,Android,256GB,"5""",2022
877,Xiaomi,system,Smartphone,Android,64GB,"7.2""",2022
878,Samsung,international,Smartphone,Android,128GB,"7.2""",2016
879,Motorola,every,Smartphone,HarmonyOS,128GB,"7.2""",2021
880,Motorola,walk,Tablet,iOS,128GB,"5""",2017
881,Xiaomi,want,Router,Android,64GB,"7.2""",2020
882,Apple,cost,Tablet,Android,64GB,"5""",2024
883,Samsung,whom,Router,HarmonyOS,128GB,"6.5""",2021
884,Xiaomi,color,Smartphone,iOS,64GB,"7.2""",2018
885,Xiaomi,thank,Router,iOS,64GB,"6.5""",2020
886,Samsung,shake,Smartphone,Android,256GB,"5""",2020
887,Xiaomi,bed,Tablet,HarmonyOS,64GB,"6.5""",2015
888,Motorola,development,Smartphone,Android,256GB,"7.2""",2022
889,Samsung,public,Smartphone,HarmonyOS,256GB,"5""",2018
890,Motorola,nature,Router,HarmonyOS,128GB,"5""",2023
891,Samsung,technology,Router,iOS,128GB,"6.5""",2019
892,Apple,week,Router,iOS,256GB,"5""",2015
893,Apple,space,Tablet,HarmonyOS,128GB,"6.5""",2016
894,Apple,help,Tablet,Android,128GB,"6.5""",2015
895,Apple,Republican,Router,HarmonyOS,128GB,"7.2""",2019
896,Xiaomi,simply,Router,HarmonyOS,64GB,"7.2""",2016
897,Motorola,lose,Tablet,iOS,256GB,"6.5""",2019
898,Apple,trouble,Router,Android,64GB,"6.5""",2023
899,Motorola,wear,Router,Android,256GB,"7.2""",2021
900,Motorola,reason,Router,HarmonyOS,256GB,"6.5""",2021
901,Xiaomi,they,Router,HarmonyOS,256GB,"6.5""",2016
902,Xiaomi,believe,Smartphone,HarmonyOS,256GB,"7.2""",2023
903,Apple,glass,Smartphone,iOS,128GB,"5""",2023
904,Xiaomi,name,Router,HarmonyOS,128GB,"7.2""",2015
905,Xiaomi,language,Smartphone,Android,256GB,"5""",2015
906,Xiaomi,subject,Router,Android,128GB,"6.5""",2024
907,Apple,story,Tablet,HarmonyOS,128GB,"6.5""",2022
908,Samsung,five,Smartphone,iOS,256GB,"5""",2015
909,Samsung,low,Tablet,Android,128GB,"6.5""",2021
910,Motorola,table,Smartphone,Android,64GB,"6.5""",2023
911,Motorola,arrive,Router,Android,128GB,"7.2""",2017
912,Apple,challenge,Smartphone,iOS,128GB,"5""",2024
913,Apple,happy,Tablet,Android,128GB,"5""",2018
914,Xiaomi,continue,Smartphone,Android,256GB,"7.2""",2015
915,Samsung,money,Smartphone,HarmonyOS,128GB,"7.2""",2016
916,Apple,draw,Router,iOS,64GB,"5""",2024
917,Xiaomi,woman,Smartphone,iOS,256GB,"5""",2022
918,Apple,during,Router,Android,128GB,"5""",2018
919,Xiaomi,attention,Tablet,Android,256GB,"7.2""",2021
920,Apple,car,Router,Android,64GB,"5""",2020
921,Motorola,whole,Smartphone,Android,256GB,"5""",2019
922,Apple,southern,Router,Android,64GB,"5""",2019
923,Apple,less,Router,Android,64GB,"7.2""",2023
924,Motorola,leader,Smartphone,Android,64GB,"5""",2015
925,Samsung,bit,Router,HarmonyOS,128GB,"5""",2022
926,Motorola,herself,Router,iOS,128GB,"5""",2017
927,Samsung,society,Router,HarmonyOS,256GB,"5""",2020
928,Xiaomi,down,Smartphone,iOS,64GB,"5""",2016
929,Samsung,camera,Router,iOS,256GB,"5""",2018
930,Xiaomi,future,Tablet,Android,64GB,"5""",2024
931,Samsung,center,Router,HarmonyOS,256GB,"5""",2023
932,Xiaomi,decision,Tablet,HarmonyOS,256GB,"7.2""",2017
933,Samsung,economic,Smartphone,HarmonyOS,128GB,"6.5""",2020
934,Samsung,practice,Tablet,Android,64GB,"7.2""",2016
935,Xiaomi,officer,Router,HarmonyOS,64GB,"7.2""",2022
936,Motorola,forward,Router,HarmonyOS,64GB,"7.2""",2022
937,Motorola,recent,Smartphone,iOS,64GB,"6.5""",2016
938,Apple,model,Tablet,HarmonyOS,256GB,"7.2""",2023
939,Samsung,traditional,Smartphone,Android,256GB,"5""",2016
940,Xiaomi,gun,Smartphone,Android,64GB,"7.2""",2020
941,Motorola,perform,Smartphone,HarmonyOS,64GB,"7.2""",2019
942,Motorola,public,Router,Android,64GB,"6.5""",2016
943,Samsung,tough,Router,Android,128GB,"5""",2017
944,Samsung,medical,Smartphone,Android,128GB,"5""",2017
945,Motorola,week,Router,HarmonyOS,256GB,"5""",2019
946,Samsung,mother,Router,iOS,256GB,"7.2""",2018
947,Apple,recognize,Smartphone,iOS,64GB,"6.5""",2023
948,Apple,unit,Tablet,Android,64GB,"7.2""",2024
949,Motorola,expect,Tablet,iOS,64GB,"7.2""",2015
950,Apple,staff,Router,HarmonyOS,256GB,"7.2""",2021
951,Samsung,fine,Tablet,Android,64GB,"5""",2023
952,Xiaomi,affect,Router,iOS,128GB,"6.5""",2016
953,Samsung,prevent,Tablet,HarmonyOS,128GB,"6.5""",2020
954,Apple,return,Router,HarmonyOS,256GB,"5""",2017
955,Xiaomi,pretty,Smartphone,Android,256GB,"6.5""",2017
956,Xiaomi,whom,Smartphone,Android,128GB,"6.5""",2020
957,Apple,couple,Smartphone,Android,128GB,"6.5""",2024
958,Samsung,expert,Router,HarmonyOS,128GB,"5""",2023
959,Samsung,deal,Router,iOS,128GB,"7.2""",2020
960,Motorola,month,Tablet,HarmonyOS,64GB,"5""",2021
961,Apple,official,Router,iOS,256GB,"5""",2020
962,Samsung,security,Tablet,HarmonyOS,128GB,"5""",2015
963,Apple,these,Router,HarmonyOS,64GB,"7.2""",2017
964,Motorola,break,Tablet,iOS,128GB,"6.5""",2022
965,Motorola,forget,Tablet,Android,256GB,"7.2""",2018
966,Samsung,less,Smartphone,iOS,64GB,"5""",2015
967,Samsung,contain,Router,HarmonyOS,256GB,"5""",2019
968,Motorola,break,Router,iOS,128GB,"7.2""",2017
969,Xiaomi,anything,Router,HarmonyOS,64GB,"6.5""",2017
970,Apple,lose,Tablet,iOS,64GB,"7.2""",2017
971,Samsung,next,Tablet,iOS,256GB,"5""",2015
972,Samsung,newspaper,Smartphone,Android,128GB,"7.2""",2018
973,Xiaomi,option,Smartphone,HarmonyOS,64GB,"5""",2018
974,Samsung,position,Smartphone,iOS,256GB,"5""",2023
975,Motorola,order,Smartphone,HarmonyOS,256GB,"5""",2016
976,Motorola,office,Tablet,Android,64GB,"5""",2016
977,Xiaomi,sing,Router,iOS,256GB,"6.5""",2022
978,Apple,reason,Router,iOS,64GB,"5""",2022
979,Motorola,how,Tablet,Android,64GB,"5""",2023
980,Xiaomi,truth,Smartphone,HarmonyOS,128GB,"6.5""",2016
981,Samsung,kind,Router,Android,128GB,"7.2""",2024
982,Motorola,friend,Router,Android,256GB,"6.5""",2016
983,Samsung,political,Smartphone,Android,128GB,"5""",2024
984,Motorola,style,Smartphone,Android,256GB,"5""",2021
985,Samsung,green,Router,Android,64GB,"5""",2021
986,Samsung,dream,Tablet,HarmonyOS,128GB,"6.5""",2024
987,Samsung,give,Router,Android,64GB,"5""",2017
988,Apple,miss,Tablet,iOS,256GB,"5""",2017
989,Xiaomi,check,Tablet,Android,64GB,"6.5""",2018
990,Apple,nature,Smartphone,Android,256GB,"7.2""",2024
991,Samsung,seven,Smartphone,HarmonyOS,128GB,"6.5""",2021
992,Xiaomi,sing,Router,Android,128GB,"7.2""",2023
993,Samsung,three,Smartphone,HarmonyOS,64GB,"7.2""",2018
994,Apple,agree,Tablet,HarmonyOS,256GB,"6.5""",2015
995,Motorola,single,Tablet,Android,128GB,"7.2""",2024
996,Apple,meet,Smartphone,iOS,256GB,"7.2""",2024
997,Xiaomi,sure,Tablet,HarmonyOS,256GB,"5""",2022
998,Xiaomi,challenge,Tablet,Android,64GB,"5""",2022
999,Motorola,ability,Smartphone,iOS,256GB,"5""",2021
1000,Motorola,become,Smartphone,iOS,128GB,"7.2""",2020
