id_plan,nombre_plan,tipo_plan,velocidad_internet,minutos_incluidos,datos_incluidos,precio_mensual,roaming
1,Plan 1,Prepago,1Gbps,890,96.62,68.25,1
2,Plan 2,Prepago,100Mbps,926,35.21,72.98,0
3,Plan 3,Postpago,10Mbps,792,59.56,97.28,0
4,Plan 4,Postpago,50Mbps,974,46.24,86.04,1
5,Plan 5,Prepago,10Mbps,521,42.06,40.75,0
6,Plan 6,Postpago,50Mbps,927,23.87,51.35,0
7,Plan 7,Postpago,10Mbps,648,37.99,87.94,0
8,Plan 8,Postpago,100Mbps,601,83.15,90.35,0
9,Plan 9,Prepago,50Mbps,206,45.94,58.5,0
10,Plan 10,Postpago,50Mbps,370,99.66,59.11,1
11,Plan 11,Prepago,1Gbps,532,95.4,17.5,1
12,Plan 12,Postpago,1Gbps,465,26.69,29.15,0
13,Plan 13,Prepago,1Gbps,908,13.86,20.65,0
14,Plan 14,Postpago,50Mbps,973,70.93,39.28,1
15,Plan 15,Postpago,1Gbps,475,4.58,11.43,0
16,Plan 16,Prepago,100Mbps,962,20.35,55.7,1
17,Plan 17,Postpago,50Mbps,886,29.95,10.05,1
18,Plan 18,Prepago,10Mbps,508,24.55,42.37,1
19,Plan 19,Postpago,100Mbps,464,46.42,19.19,1
20,Plan 20,Prepago,100Mbps,937,95.28,31.88,0
21,Plan 21,Postpago,100Mbps,877,49.22,69.77,0
22,Plan 22,Postpago,100Mbps,521,32.78,33.8,0
23,Plan 23,Prepago,50Mbps,787,18.84,10.52,1
24,Plan 24,Postpago,1Gbps,367,50.83,84.3,1
25,Plan 25,Prepago,10Mbps,107,1.33,58.51,0
26,Plan 26,Prepago,10Mbps,313,22.87,89.43,0
27,Plan 27,Postpago,10Mbps,568,54.27,34.17,0
28,Plan 28,Postpago,50Mbps,475,86.72,38.78,0
29,Plan 29,Prepago,100Mbps,319,37.93,12.78,1
30,Plan 30,Prepago,50Mbps,194,33.94,55.68,1
31,Plan 31,Postpago,10Mbps,424,31.69,90.53,1
32,Plan 32,Prepago,10Mbps,112,86.5,10.16,1
33,Plan 33,Prepago,50Mbps,484,51.89,61.98,0
34,Plan 34,Postpago,50Mbps,981,90.0,31.63,0
35,Plan 35,Postpago,10Mbps,528,67.73,71.82,1
36,Plan 36,Prepago,50Mbps,308,26.41,93.29,1
37,Plan 37,Postpago,50Mbps,700,39.35,53.59,1
38,Plan 38,Prepago,50Mbps,535,9.34,88.91,0
39,Plan 39,Prepago,1Gbps,354,6.71,44.71,1
40,Plan 40,Prepago,1Gbps,766,93.0,29.59,0
41,Plan 41,Postpago,10Mbps,744,58.98,48.04,0
42,Plan 42,Prepago,100Mbps,849,82.34,69.27,0
43,Plan 43,Postpago,100Mbps,812,23.55,82.21,0
44,Plan 44,Prepago,100Mbps,758,56.48,70.93,1
45,Plan 45,Prepago,10Mbps,782,54.39,16.47,0
46,Plan 46,Prepago,50Mbps,529,13.62,81.59,0
47,Plan 47,Prepago,10Mbps,425,81.49,21.93,1
48,Plan 48,Postpago,100Mbps,218,94.1,20.36,0
49,Plan 49,Postpago,100Mbps,117,92.24,29.11,1
50,Plan 50,Postpago,100Mbps,312,18.07,25.68,0
51,Plan 51,Postpago,10Mbps,750,58.83,27.38,0
52,Plan 52,Postpago,100Mbps,405,94.03,28.05,0
53,Plan 53,Prepago,100Mbps,176,99.05,58.18,1
54,Plan 54,Prepago,10Mbps,319,50.19,87.43,0
55,Plan 55,Postpago,1Gbps,409,88.72,57.29,0
56,Plan 56,Postpago,50Mbps,187,86.31,69.17,0
57,Plan 57,Prepago,100Mbps,309,87.96,80.41,0
58,Plan 58,Postpago,100Mbps,263,68.19,99.11,0
59,Plan 59,Prepago,50Mbps,341,93.8,34.69,0
60,Plan 60,Postpago,50Mbps,689,68.41,94.78,0
61,Plan 61,Prepago,50Mbps,812,12.86,27.6,0
62,Plan 62,Prepago,50Mbps,892,21.8,27.35,1
63,Plan 63,Postpago,10Mbps,544,22.84,81.63,1
64,Plan 64,Postpago,100Mbps,752,16.34,17.11,1
65,Plan 65,Postpago,10Mbps,433,52.07,91.11,1
66,Plan 66,Prepago,50Mbps,400,31.3,91.28,0
67,Plan 67,Prepago,100Mbps,934,30.21,73.19,1
68,Plan 68,Postpago,100Mbps,260,34.98,72.7,1
69,Plan 69,Postpago,1Gbps,346,14.37,53.16,1
70,Plan 70,Postpago,100Mbps,764,48.34,16.37,1
71,Plan 71,Prepago,1Gbps,633,88.94,41.12,1
72,Plan 72,Postpago,50Mbps,605,51.69,78.47,1
73,Plan 73,Prepago,1Gbps,107,76.52,62.89,0
74,Plan 74,Prepago,1Gbps,869,39.53,37.53,0
75,Plan 75,Prepago,100Mbps,234,99.14,25.5,0
76,Plan 76,Postpago,10Mbps,597,35.47,28.96,0
77,Plan 77,Prepago,100Mbps,756,31.39,58.08,1
78,Plan 78,Prepago,50Mbps,736,68.17,73.0,1
79,Plan 79,Prepago,100Mbps,167,70.25,94.99,0
80,Plan 80,Postpago,50Mbps,103,38.3,80.26,1
81,Plan 81,Prepago,100Mbps,415,41.48,73.55,1
82,Plan 82,Postpago,1Gbps,963,21.89,66.95,0
83,Plan 83,Postpago,10Mbps,553,61.89,99.82,1
84,Plan 84,Postpago,100Mbps,842,26.3,64.85,1
85,Plan 85,Postpago,100Mbps,374,52.69,80.35,0
86,Plan 86,Postpago,100Mbps,302,5.97,46.19,0
87,Plan 87,Postpago,100Mbps,627,48.68,22.54,1
88,Plan 88,Postpago,50Mbps,656,86.63,43.05,1
89,Plan 89,Prepago,1Gbps,243,41.84,81.31,0
90,Plan 90,Postpago,50Mbps,743,60.14,55.73,0
91,Plan 91,Postpago,50Mbps,968,18.24,54.6,0
92,Plan 92,Postpago,50Mbps,956,2.51,28.72,1
93,Plan 93,Postpago,1Gbps,802,25.95,42.62,1
94,Plan 94,Postpago,1Gbps,448,18.42,77.45,1
95,Plan 95,Postpago,50Mbps,412,82.0,47.55,1
96,Plan 96,Prepago,10Mbps,239,28.0,25.81,0
97,Plan 97,Postpago,100Mbps,289,96.66,96.29,0
98,Plan 98,Prepago,50Mbps,892,71.14,93.98,0
99,Plan 99,Postpago,10Mbps,431,84.88,87.45,1
100,Plan 100,Postpago,1Gbps,513,11.16,54.03,0
101,Plan 101,Postpago,1Gbps,825,41.28,98.8,1
102,Plan 102,Prepago,10Mbps,402,33.74,16.42,0
103,Plan 103,Prepago,10Mbps,458,21.35,68.94,1
104,Plan 104,Postpago,1Gbps,561,92.2,12.89,0
105,Plan 105,Prepago,100Mbps,593,78.55,41.0,0
106,Plan 106,Postpago,50Mbps,971,17.26,60.39,1
107,Plan 107,Prepago,1Gbps,524,60.66,53.47,1
108,Plan 108,Prepago,10Mbps,281,82.52,49.28,1
109,Plan 109,Postpago,50Mbps,708,39.09,94.36,1
110,Plan 110,Postpago,1Gbps,564,82.57,89.5,1
111,Plan 111,Postpago,1Gbps,314,53.95,90.16,1
112,Plan 112,Postpago,1Gbps,370,73.95,80.21,0
113,Plan 113,Postpago,1Gbps,882,81.45,28.14,1
114,Plan 114,Postpago,1Gbps,529,10.66,69.51,0
115,Plan 115,Prepago,1Gbps,767,78.02,43.3,0
116,Plan 116,Prepago,10Mbps,932,45.81,90.0,1
117,Plan 117,Postpago,100Mbps,547,84.6,41.0,1
118,Plan 118,Prepago,50Mbps,602,14.52,63.71,0
119,Plan 119,Postpago,50Mbps,163,31.07,84.43,0
120,Plan 120,Postpago,100Mbps,450,53.94,39.6,1
121,Plan 121,Prepago,10Mbps,910,65.65,20.92,0
122,Plan 122,Prepago,1Gbps,977,34.75,42.12,1
123,Plan 123,Prepago,50Mbps,603,68.25,34.34,1
124,Plan 124,Prepago,1Gbps,451,93.2,41.59,0
125,Plan 125,Postpago,50Mbps,740,34.2,97.91,0
126,Plan 126,Prepago,50Mbps,150,7.69,87.35,1
127,Plan 127,Postpago,100Mbps,431,36.96,62.61,0
128,Plan 128,Postpago,10Mbps,606,2.44,85.59,1
129,Plan 129,Postpago,1Gbps,473,15.58,55.49,1
130,Plan 130,Prepago,100Mbps,756,66.79,93.81,1
131,Plan 131,Postpago,1Gbps,747,28.37,32.79,0
132,Plan 132,Postpago,100Mbps,549,13.58,91.08,0
133,Plan 133,Postpago,50Mbps,168,91.3,60.77,0
134,Plan 134,Postpago,100Mbps,195,17.02,19.98,0
135,Plan 135,Prepago,10Mbps,951,34.77,52.59,0
136,Plan 136,Prepago,1Gbps,866,50.63,38.29,0
137,Plan 137,Postpago,50Mbps,979,86.4,29.93,0
138,Plan 138,Postpago,100Mbps,647,75.78,80.82,0
139,Plan 139,Postpago,50Mbps,390,59.41,25.15,1
140,Plan 140,Prepago,100Mbps,765,97.89,66.28,0
141,Plan 141,Postpago,10Mbps,1000,51.93,59.82,0
142,Plan 142,Prepago,100Mbps,402,20.3,59.32,0
143,Plan 143,Prepago,1Gbps,738,49.38,26.84,0
144,Plan 144,Prepago,50Mbps,546,37.92,73.11,1
145,Plan 145,Prepago,10Mbps,964,40.07,52.59,0
146,Plan 146,Postpago,50Mbps,449,50.06,60.23,1
147,Plan 147,Prepago,1Gbps,770,82.32,93.55,1
148,Plan 148,Prepago,50Mbps,762,55.09,99.43,1
149,Plan 149,Prepago,100Mbps,566,70.57,64.87,0
150,Plan 150,Postpago,50Mbps,214,94.01,55.21,0
151,Plan 151,Postpago,50Mbps,454,12.97,98.0,1
152,Plan 152,Prepago,1Gbps,795,73.05,12.98,0
153,Plan 153,Prepago,1Gbps,557,79.34,24.8,1
154,Plan 154,Prepago,100Mbps,761,62.49,73.44,0
155,Plan 155,Postpago,1Gbps,522,73.51,38.29,1
156,Plan 156,Prepago,50Mbps,659,32.29,54.8,1
157,Plan 157,Postpago,10Mbps,133,10.66,66.06,1
158,Plan 158,Prepago,1Gbps,507,15.9,46.29,1
159,Plan 159,Postpago,1Gbps,654,83.64,63.2,0
160,Plan 160,Postpago,100Mbps,459,50.0,38.6,0
161,Plan 161,Prepago,100Mbps,752,18.81,24.38,1
162,Plan 162,Postpago,50Mbps,106,46.51,67.42,0
163,Plan 163,Postpago,100Mbps,462,53.1,24.67,1
164,Plan 164,Prepago,1Gbps,892,48.59,25.19,1
165,Plan 165,Postpago,100Mbps,123,3.57,86.49,0
166,Plan 166,Prepago,1Gbps,706,19.49,79.79,0
167,Plan 167,Prepago,50Mbps,581,60.43,18.99,1
168,Plan 168,Prepago,1Gbps,616,34.71,76.28,0
169,Plan 169,Postpago,50Mbps,727,77.87,84.08,0
170,Plan 170,Postpago,50Mbps,535,31.66,84.3,0
171,Plan 171,Postpago,1Gbps,325,79.06,66.07,1
172,Plan 172,Prepago,1Gbps,800,56.93,58.42,1
173,Plan 173,Prepago,10Mbps,834,32.98,64.87,0
174,Plan 174,Postpago,1Gbps,160,30.95,38.83,0
175,Plan 175,Postpago,50Mbps,412,41.09,62.21,1
176,Plan 176,Postpago,100Mbps,627,8.31,81.07,0
177,Plan 177,Prepago,1Gbps,919,78.26,50.01,0
178,Plan 178,Prepago,10Mbps,649,91.91,19.77,1
179,Plan 179,Postpago,100Mbps,299,64.35,85.5,0
180,Plan 180,Postpago,100Mbps,719,59.32,36.32,0
181,Plan 181,Postpago,50Mbps,651,78.75,49.77,0
182,Plan 182,Postpago,50Mbps,996,10.32,69.26,1
183,Plan 183,Postpago,50Mbps,322,74.94,82.32,1
184,Plan 184,Postpago,100Mbps,801,68.94,67.59,1
185,Plan 185,Prepago,50Mbps,217,16.18,44.75,1
186,Plan 186,Postpago,50Mbps,617,56.97,19.57,1
187,Plan 187,Prepago,100Mbps,514,80.47,97.09,0
188,Plan 188,Postpago,50Mbps,220,24.96,54.77,0
189,Plan 189,Prepago,50Mbps,662,8.84,49.76,1
190,Plan 190,Postpago,10Mbps,154,11.21,78.61,1
191,Plan 191,Prepago,10Mbps,368,31.41,76.71,1
192,Plan 192,Prepago,50Mbps,426,39.02,73.4,1
193,Plan 193,Postpago,100Mbps,447,83.58,98.18,1
194,Plan 194,Postpago,100Mbps,152,48.24,84.9,0
195,Plan 195,Postpago,100Mbps,562,76.61,66.51,1
196,Plan 196,Postpago,50Mbps,801,24.34,21.54,1
197,Plan 197,Postpago,10Mbps,846,70.22,84.71,0
198,Plan 198,Postpago,100Mbps,891,97.63,56.41,1
199,Plan 199,Prepago,100Mbps,252,41.96,62.65,0
200,Plan 200,Prepago,10Mbps,620,86.35,60.12,1
201,Plan 201,Postpago,1Gbps,702,6.56,30.0,1
202,Plan 202,Prepago,100Mbps,118,8.71,60.1,1
203,Plan 203,Postpago,100Mbps,712,4.87,52.28,0
204,Plan 204,Prepago,100Mbps,767,86.13,90.74,1
205,Plan 205,Postpago,10Mbps,919,83.37,94.7,0
206,Plan 206,Prepago,10Mbps,720,74.82,98.47,1
207,Plan 207,Prepago,10Mbps,724,88.19,57.64,0
208,Plan 208,Postpago,100Mbps,516,30.92,36.21,0
209,Plan 209,Postpago,1Gbps,356,77.58,18.5,0
210,Plan 210,Prepago,1Gbps,593,88.44,11.92,0
211,Plan 211,Prepago,100Mbps,378,60.48,34.88,0
212,Plan 212,Postpago,50Mbps,728,80.09,13.56,0
213,Plan 213,Prepago,10Mbps,852,83.56,74.58,1
214,Plan 214,Postpago,1Gbps,645,65.84,53.02,1
215,Plan 215,Postpago,1Gbps,790,80.14,83.78,1
216,Plan 216,Prepago,10Mbps,328,89.62,85.04,1
217,Plan 217,Prepago,100Mbps,400,22.26,52.54,1
218,Plan 218,Postpago,100Mbps,266,21.49,53.36,0
219,Plan 219,Postpago,50Mbps,352,62.03,57.72,1
220,Plan 220,Postpago,10Mbps,305,88.26,68.96,1
221,Plan 221,Postpago,10Mbps,602,81.88,52.84,1
222,Plan 222,Postpago,50Mbps,857,81.87,96.39,1
223,Plan 223,Prepago,1Gbps,348,16.38,34.8,1
224,Plan 224,Prepago,100Mbps,349,27.13,13.43,0
225,Plan 225,Postpago,10Mbps,884,93.65,97.48,1
226,Plan 226,Prepago,100Mbps,377,72.75,17.89,1
227,Plan 227,Prepago,100Mbps,937,72.68,26.92,0
228,Plan 228,Prepago,1Gbps,453,84.56,34.65,0
229,Plan 229,Postpago,10Mbps,292,68.23,85.69,0
230,Plan 230,Prepago,10Mbps,685,30.01,38.46,0
231,Plan 231,Prepago,50Mbps,833,88.39,69.03,1
232,Plan 232,Postpago,50Mbps,433,33.77,86.17,0
233,Plan 233,Prepago,100Mbps,252,94.68,58.9,0
234,Plan 234,Prepago,1Gbps,164,65.1,30.53,1
235,Plan 235,Postpago,50Mbps,907,20.29,56.2,0
236,Plan 236,Prepago,10Mbps,493,85.7,12.06,0
237,Plan 237,Postpago,10Mbps,298,79.69,42.95,0
238,Plan 238,Postpago,10Mbps,879,88.38,26.22,1
239,Plan 239,Postpago,100Mbps,310,65.04,46.2,0
240,Plan 240,Prepago,50Mbps,948,15.34,15.41,1
241,Plan 241,Prepago,1Gbps,728,8.28,70.31,1
242,Plan 242,Prepago,10Mbps,718,14.06,72.04,0
243,Plan 243,Prepago,1Gbps,313,53.36,82.61,1
244,Plan 244,Prepago,50Mbps,954,48.86,63.63,0
245,Plan 245,Prepago,100Mbps,490,58.91,21.1,0
246,Plan 246,Postpago,10Mbps,987,45.08,23.1,1
247,Plan 247,Prepago,10Mbps,267,71.84,98.58,0
248,Plan 248,Postpago,50Mbps,597,54.38,72.62,1
249,Plan 249,Prepago,100Mbps,806,65.38,69.62,1
250,Plan 250,Prepago,50Mbps,408,85.72,53.87,0
251,Plan 251,Prepago,50Mbps,729,9.48,39.14,0
252,Plan 252,Postpago,50Mbps,181,85.1,86.51,1
253,Plan 253,Postpago,1Gbps,861,24.54,94.57,1
254,Plan 254,Prepago,1Gbps,197,97.02,32.47,0
255,Plan 255,Postpago,50Mbps,885,46.28,40.94,0
256,Plan 256,Postpago,50Mbps,831,42.25,38.65,0
257,Plan 257,Postpago,10Mbps,415,97.39,98.66,1
258,Plan 258,Prepago,100Mbps,323,56.1,61.83,0
259,Plan 259,Postpago,1Gbps,129,5.36,76.82,1
260,Plan 260,Postpago,50Mbps,155,89.35,40.02,0
261,Plan 261,Prepago,10Mbps,457,28.23,39.4,0
262,Plan 262,Prepago,100Mbps,189,40.74,77.04,1
263,Plan 263,Prepago,100Mbps,560,15.3,83.38,1
264,Plan 264,Prepago,100Mbps,397,99.5,22.87,0
265,Plan 265,Postpago,50Mbps,419,64.54,88.79,0
266,Plan 266,Postpago,1Gbps,604,90.53,68.66,1
267,Plan 267,Prepago,50Mbps,485,62.36,37.35,0
268,Plan 268,Postpago,10Mbps,382,86.47,27.59,1
269,Plan 269,Postpago,10Mbps,327,87.47,95.21,0
270,Plan 270,Postpago,100Mbps,792,95.8,56.96,1
271,Plan 271,Postpago,1Gbps,672,76.24,49.53,0
272,Plan 272,Prepago,10Mbps,480,95.32,37.52,1
273,Plan 273,Prepago,10Mbps,643,67.0,69.43,0
274,Plan 274,Postpago,10Mbps,723,74.29,10.8,1
275,Plan 275,Prepago,100Mbps,211,92.65,92.02,0
276,Plan 276,Postpago,100Mbps,741,94.32,65.46,1
277,Plan 277,Prepago,10Mbps,432,97.88,10.06,1
278,Plan 278,Prepago,100Mbps,502,1.4,15.55,0
279,Plan 279,Prepago,10Mbps,478,58.9,64.0,1
280,Plan 280,Prepago,50Mbps,221,96.08,31.65,1
281,Plan 281,Postpago,100Mbps,647,65.26,39.83,0
282,Plan 282,Postpago,10Mbps,892,20.01,88.62,0
283,Plan 283,Prepago,10Mbps,249,16.23,80.79,0
284,Plan 284,Postpago,1Gbps,735,34.29,56.39,0
285,Plan 285,Prepago,1Gbps,586,53.24,88.91,0
286,Plan 286,Prepago,50Mbps,724,41.43,62.36,1
287,Plan 287,Postpago,100Mbps,975,37.55,35.22,0
288,Plan 288,Prepago,50Mbps,700,9.72,97.84,1
289,Plan 289,Prepago,50Mbps,493,64.75,15.34,1
290,Plan 290,Prepago,50Mbps,639,39.43,16.21,0
291,Plan 291,Postpago,50Mbps,458,51.58,90.65,0
292,Plan 292,Postpago,10Mbps,917,6.16,59.58,1
293,Plan 293,Postpago,10Mbps,373,99.51,88.86,1
294,Plan 294,Postpago,1Gbps,646,30.11,81.41,0
295,Plan 295,Postpago,1Gbps,252,71.37,75.94,0
296,Plan 296,Postpago,50Mbps,797,80.39,96.05,1
297,Plan 297,Prepago,1Gbps,239,17.81,41.01,1
298,Plan 298,Prepago,50Mbps,929,37.96,66.32,0
299,Plan 299,Postpago,50Mbps,177,35.92,91.55,0
300,Plan 300,Prepago,10Mbps,257,17.99,32.14,0
301,Plan 301,Prepago,100Mbps,195,66.01,10.55,1
302,Plan 302,Postpago,50Mbps,363,75.68,59.11,1
303,Plan 303,Postpago,100Mbps,145,65.39,48.5,0
304,Plan 304,Prepago,10Mbps,808,73.93,45.77,0
305,Plan 305,Prepago,1Gbps,761,10.26,44.62,1
306,Plan 306,Prepago,1Gbps,325,42.1,70.84,1
307,Plan 307,Postpago,50Mbps,770,50.3,57.4,0
308,Plan 308,Postpago,1Gbps,617,96.87,49.77,1
309,Plan 309,Postpago,100Mbps,464,45.92,71.09,0
310,Plan 310,Postpago,1Gbps,845,54.38,42.31,0
311,Plan 311,Postpago,50Mbps,498,52.97,54.13,0
312,Plan 312,Prepago,1Gbps,672,18.66,40.12,0
313,Plan 313,Postpago,50Mbps,456,1.0,57.49,1
314,Plan 314,Postpago,50Mbps,988,89.22,91.55,0
315,Plan 315,Prepago,1Gbps,858,93.21,19.1,0
316,Plan 316,Prepago,100Mbps,208,2.73,66.2,1
317,Plan 317,Postpago,1Gbps,815,16.22,26.16,1
318,Plan 318,Prepago,100Mbps,859,88.19,93.1,1
319,Plan 319,Prepago,1Gbps,909,57.5,83.9,1
320,Plan 320,Prepago,50Mbps,615,9.48,46.46,1
321,Plan 321,Prepago,50Mbps,823,52.72,95.77,1
322,Plan 322,Prepago,1Gbps,699,80.57,15.18,1
323,Plan 323,Prepago,10Mbps,844,26.73,64.86,0
324,Plan 324,Prepago,50Mbps,581,43.13,41.87,1
325,Plan 325,Postpago,100Mbps,125,74.03,81.14,0
326,Plan 326,Postpago,100Mbps,892,39.85,99.54,1
327,Plan 327,Prepago,10Mbps,307,1.42,36.17,0
328,Plan 328,Prepago,100Mbps,656,29.2,65.42,0
329,Plan 329,Prepago,1Gbps,923,55.68,68.74,0
330,Plan 330,Prepago,50Mbps,520,69.11,38.15,1
331,Plan 331,Prepago,1Gbps,121,42.14,36.86,0
332,Plan 332,Postpago,50Mbps,522,32.44,19.11,1
333,Plan 333,Postpago,100Mbps,781,70.77,95.14,1
334,Plan 334,Postpago,100Mbps,535,97.55,54.47,1
335,Plan 335,Postpago,10Mbps,703,86.82,73.13,0
336,Plan 336,Prepago,100Mbps,665,49.86,80.79,1
337,Plan 337,Postpago,10Mbps,672,13.64,34.11,1
338,Plan 338,Prepago,1Gbps,349,66.4,27.51,0
339,Plan 339,Prepago,10Mbps,207,21.8,43.57,1
340,Plan 340,Prepago,10Mbps,182,23.48,64.89,0
341,Plan 341,Postpago,10Mbps,980,63.17,57.59,1
342,Plan 342,Prepago,10Mbps,445,23.1,20.39,1
343,Plan 343,Postpago,1Gbps,525,71.51,98.46,0
344,Plan 344,Prepago,100Mbps,644,50.92,99.03,0
345,Plan 345,Prepago,1Gbps,413,43.88,86.34,0
346,Plan 346,Prepago,100Mbps,764,80.57,25.32,0
347,Plan 347,Prepago,10Mbps,319,46.78,47.73,1
348,Plan 348,Postpago,1Gbps,605,72.37,82.55,1
349,Plan 349,Postpago,10Mbps,572,62.33,98.95,1
350,Plan 350,Postpago,1Gbps,276,74.69,65.49,1
351,Plan 351,Postpago,100Mbps,746,89.33,26.02,1
352,Plan 352,Postpago,10Mbps,759,22.16,91.39,0
353,Plan 353,Postpago,100Mbps,783,68.11,36.63,0
354,Plan 354,Postpago,10Mbps,697,1.44,83.36,1
355,Plan 355,Postpago,10Mbps,701,22.38,69.44,1
356,Plan 356,Postpago,100Mbps,393,74.39,41.01,1
357,Plan 357,Postpago,10Mbps,633,31.44,64.65,0
358,Plan 358,Postpago,10Mbps,653,22.52,43.83,0
359,Plan 359,Postpago,10Mbps,580,56.18,64.09,1
360,Plan 360,Postpago,10Mbps,907,88.87,80.46,0
361,Plan 361,Postpago,50Mbps,472,54.54,74.64,1
362,Plan 362,Postpago,1Gbps,200,22.1,62.37,0
363,Plan 363,Postpago,100Mbps,955,30.03,74.75,1
364,Plan 364,Prepago,10Mbps,840,13.84,82.32,0
365,Plan 365,Prepago,10Mbps,101,33.76,43.99,1
366,Plan 366,Postpago,50Mbps,448,5.98,28.47,1
367,Plan 367,Postpago,10Mbps,876,65.75,72.2,1
368,Plan 368,Postpago,50Mbps,455,53.56,28.77,1
369,Plan 369,Postpago,50Mbps,570,12.0,69.24,1
370,Plan 370,Prepago,50Mbps,254,5.64,76.31,0
371,Plan 371,Prepago,1Gbps,644,15.54,40.36,0
372,Plan 372,Postpago,100Mbps,380,86.22,30.53,0
373,Plan 373,Prepago,1Gbps,152,96.33,77.35,1
374,Plan 374,Prepago,50Mbps,164,31.2,97.76,0
375,Plan 375,Prepago,10Mbps,562,44.67,77.84,0
376,Plan 376,Prepago,1Gbps,285,19.88,88.47,0
377,Plan 377,Postpago,10Mbps,915,72.96,52.91,0
378,Plan 378,Prepago,50Mbps,946,51.41,32.47,1
379,Plan 379,Prepago,50Mbps,605,2.22,19.86,0
380,Plan 380,Postpago,1Gbps,770,24.09,23.49,0
381,Plan 381,Prepago,1Gbps,408,1.8,34.42,1
382,Plan 382,Postpago,10Mbps,751,44.32,80.39,0
383,Plan 383,Prepago,50Mbps,622,87.25,21.59,0
384,Plan 384,Postpago,50Mbps,255,88.19,99.88,0
385,Plan 385,Prepago,10Mbps,263,60.67,13.77,0
386,Plan 386,Prepago,50Mbps,706,96.0,61.27,0
387,Plan 387,Prepago,1Gbps,172,91.23,61.78,1
388,Plan 388,Prepago,1Gbps,792,51.54,55.15,1
389,Plan 389,Prepago,1Gbps,346,39.94,24.94,1
390,Plan 390,Prepago,100Mbps,613,32.23,51.81,1
391,Plan 391,Prepago,50Mbps,802,17.52,86.33,0
392,Plan 392,Prepago,10Mbps,827,55.53,33.12,0
393,Plan 393,Prepago,1Gbps,265,47.91,43.19,0
394,Plan 394,Postpago,50Mbps,571,2.0,37.52,0
395,Plan 395,Postpago,1Gbps,138,4.35,45.12,1
396,Plan 396,Prepago,50Mbps,223,22.51,65.1,0
397,Plan 397,Prepago,10Mbps,926,26.72,57.0,0
398,Plan 398,Postpago,100Mbps,629,45.54,96.18,1
399,Plan 399,Postpago,1Gbps,460,90.33,52.22,0
400,Plan 400,Prepago,1Gbps,869,92.44,37.39,1
401,Plan 401,Postpago,1Gbps,443,27.71,11.64,0
402,Plan 402,Prepago,1Gbps,537,68.18,36.42,0
403,Plan 403,Prepago,100Mbps,458,56.05,84.89,1
404,Plan 404,Postpago,50Mbps,332,90.12,99.61,1
405,Plan 405,Postpago,10Mbps,215,30.95,61.53,1
406,Plan 406,Prepago,100Mbps,956,44.97,53.42,1
407,Plan 407,Prepago,50Mbps,520,59.89,44.76,1
408,Plan 408,Postpago,100Mbps,909,42.53,39.86,0
409,Plan 409,Prepago,100Mbps,860,42.4,41.51,0
410,Plan 410,Prepago,50Mbps,597,20.86,82.82,0
411,Plan 411,Prepago,1Gbps,836,74.43,41.05,0
412,Plan 412,Prepago,100Mbps,718,81.56,61.87,0
413,Plan 413,Postpago,100Mbps,692,65.48,22.84,1
414,Plan 414,Postpago,1Gbps,625,56.72,89.22,1
415,Plan 415,Postpago,100Mbps,191,88.16,37.64,1
416,Plan 416,Prepago,100Mbps,686,86.15,51.17,0
417,Plan 417,Postpago,50Mbps,716,2.96,32.62,0
418,Plan 418,Postpago,10Mbps,829,68.23,24.8,1
419,Plan 419,Prepago,100Mbps,707,3.04,94.53,0
420,Plan 420,Prepago,100Mbps,578,41.3,73.34,1
421,Plan 421,Postpago,50Mbps,410,20.89,93.49,0
422,Plan 422,Prepago,10Mbps,131,21.29,13.66,1
423,Plan 423,Prepago,50Mbps,449,44.13,59.73,0
424,Plan 424,Prepago,1Gbps,651,5.53,63.97,0
425,Plan 425,Postpago,50Mbps,590,72.73,96.77,1
426,Plan 426,Postpago,100Mbps,221,49.65,74.48,1
427,Plan 427,Prepago,50Mbps,774,87.4,67.01,0
428,Plan 428,Postpago,1Gbps,938,28.05,34.14,1
429,Plan 429,Postpago,1Gbps,787,96.77,90.61,0
430,Plan 430,Prepago,50Mbps,920,96.34,63.22,0
431,Plan 431,Postpago,100Mbps,674,38.9,10.09,0
432,Plan 432,Prepago,100Mbps,836,16.28,67.55,1
433,Plan 433,Postpago,1Gbps,406,13.38,87.43,0
434,Plan 434,Postpago,10Mbps,987,7.81,18.89,1
435,Plan 435,Postpago,1Gbps,205,5.18,27.29,0
436,Plan 436,Prepago,1Gbps,728,86.97,58.95,0
437,Plan 437,Postpago,10Mbps,907,37.05,13.77,1
438,Plan 438,Prepago,50Mbps,480,47.28,44.88,1
439,Plan 439,Postpago,10Mbps,142,44.17,62.03,1
440,Plan 440,Postpago,100Mbps,895,80.39,32.13,0
441,Plan 441,Prepago,100Mbps,699,40.71,86.58,1
442,Plan 442,Prepago,10Mbps,881,36.35,18.92,1
443,Plan 443,Postpago,1Gbps,285,68.19,82.16,0
444,Plan 444,Postpago,1Gbps,910,38.99,28.85,1
445,Plan 445,Prepago,50Mbps,418,66.11,85.07,0
446,Plan 446,Prepago,10Mbps,778,46.35,69.0,0
447,Plan 447,Prepago,50Mbps,995,57.26,77.15,1
448,Plan 448,Postpago,10Mbps,286,40.85,56.76,0
449,Plan 449,Postpago,1Gbps,448,26.08,83.92,1
450,Plan 450,Prepago,1Gbps,942,94.41,24.58,0
451,Plan 451,Postpago,100Mbps,589,59.28,77.84,0
452,Plan 452,Postpago,1Gbps,329,63.97,11.75,1
453,Plan 453,Postpago,1Gbps,488,29.37,32.59,1
454,Plan 454,Postpago,10Mbps,948,63.96,17.67,1
455,Plan 455,Prepago,100Mbps,445,55.71,50.69,0
456,Plan 456,Postpago,1Gbps,741,58.56,34.86,0
457,Plan 457,Prepago,10Mbps,962,54.37,89.42,0
458,Plan 458,Postpago,10Mbps,824,26.49,13.66,1
459,Plan 459,Prepago,10Mbps,650,65.79,78.59,0
460,Plan 460,Prepago,50Mbps,939,8.99,88.94,1
461,Plan 461,Postpago,50Mbps,113,31.79,65.77,0
462,Plan 462,Postpago,50Mbps,481,31.06,27.75,0
463,Plan 463,Postpago,100Mbps,446,44.01,10.16,1
464,Plan 464,Prepago,1Gbps,680,1.27,17.75,1
465,Plan 465,Postpago,50Mbps,557,21.26,84.44,1
466,Plan 466,Postpago,100Mbps,309,85.55,67.83,0
467,Plan 467,Prepago,1Gbps,568,79.4,91.53,0
468,Plan 468,Postpago,50Mbps,526,2.31,72.7,0
469,Plan 469,Prepago,10Mbps,679,61.07,19.73,1
470,Plan 470,Postpago,100Mbps,858,51.99,67.81,0
471,Plan 471,Prepago,50Mbps,900,10.64,38.41,1
472,Plan 472,Postpago,50Mbps,689,74.43,66.37,0
473,Plan 473,Prepago,50Mbps,423,36.86,26.15,1
474,Plan 474,Prepago,50Mbps,540,38.84,81.69,1
475,Plan 475,Prepago,10Mbps,538,37.22,73.42,0
476,Plan 476,Postpago,10Mbps,589,61.22,57.24,1
477,Plan 477,Postpago,1Gbps,295,83.54,64.25,0
478,Plan 478,Prepago,100Mbps,263,84.4,48.88,0
479,Plan 479,Postpago,100Mbps,591,31.94,56.2,1
480,Plan 480,Postpago,10Mbps,152,89.86,55.81,0
481,Plan 481,Prepago,1Gbps,895,6.81,40.11,0
482,Plan 482,Postpago,1Gbps,296,62.67,34.41,1
483,Plan 483,Prepago,50Mbps,143,70.35,44.37,0
484,Plan 484,Prepago,10Mbps,607,95.62,19.84,0
485,Plan 485,Prepago,50Mbps,967,42.3,10.01,1
486,Plan 486,Prepago,10Mbps,101,42.05,77.89,1
487,Plan 487,Prepago,1Gbps,263,63.14,88.64,1
488,Plan 488,Prepago,100Mbps,206,34.68,41.02,1
489,Plan 489,Postpago,10Mbps,267,96.9,36.5,0
490,Plan 490,Prepago,100Mbps,631,35.44,76.61,0
491,Plan 491,Prepago,10Mbps,316,15.54,89.74,1
492,Plan 492,Postpago,1Gbps,797,34.61,14.23,1
493,Plan 493,Postpago,50Mbps,858,26.2,26.43,1
494,Plan 494,Postpago,100Mbps,214,99.85,18.89,0
495,Plan 495,Postpago,1Gbps,802,88.94,42.3,0
496,Plan 496,Postpago,10Mbps,224,73.67,84.87,1
497,Plan 497,Postpago,1Gbps,968,28.15,13.13,0
498,Plan 498,Prepago,1Gbps,538,28.89,39.85,0
499,Plan 499,Postpago,1Gbps,293,16.04,94.63,1
500,Plan 500,Postpago,50Mbps,641,58.89,61.52,0
501,Plan 501,Postpago,50Mbps,121,22.85,38.52,1
502,Plan 502,Prepago,10Mbps,265,11.35,88.07,0
503,Plan 503,Postpago,10Mbps,486,90.19,77.88,0
504,Plan 504,Prepago,50Mbps,264,27.64,14.92,0
505,Plan 505,Postpago,1Gbps,221,62.97,89.49,1
506,Plan 506,Postpago,100Mbps,531,13.81,92.62,0
507,Plan 507,Prepago,100Mbps,982,29.18,54.99,1
508,Plan 508,Postpago,50Mbps,443,14.7,66.53,0
509,Plan 509,Postpago,10Mbps,625,28.33,46.35,0
510,Plan 510,Prepago,100Mbps,878,1.93,40.82,1
511,Plan 511,Prepago,100Mbps,330,36.82,66.79,0
512,Plan 512,Postpago,10Mbps,791,93.95,79.46,1
513,Plan 513,Prepago,50Mbps,568,62.97,50.35,0
514,Plan 514,Prepago,10Mbps,161,94.97,58.88,0
515,Plan 515,Postpago,1Gbps,213,45.68,22.29,0
516,Plan 516,Postpago,10Mbps,212,6.89,40.79,0
517,Plan 517,Prepago,1Gbps,303,16.2,49.97,0
518,Plan 518,Postpago,100Mbps,637,49.23,90.29,1
519,Plan 519,Postpago,100Mbps,207,23.56,64.99,0
520,Plan 520,Prepago,1Gbps,206,10.07,42.08,1
521,Plan 521,Postpago,50Mbps,675,27.0,82.42,1
522,Plan 522,Prepago,10Mbps,835,47.35,31.55,1
523,Plan 523,Prepago,50Mbps,187,42.64,62.28,0
524,Plan 524,Prepago,50Mbps,733,75.2,95.0,1
525,Plan 525,Postpago,1Gbps,181,94.11,11.17,1
526,Plan 526,Postpago,50Mbps,109,54.78,62.02,1
527,Plan 527,Prepago,100Mbps,284,10.01,79.57,1
528,Plan 528,Prepago,10Mbps,360,12.62,58.94,0
529,Plan 529,Prepago,10Mbps,568,40.93,32.17,1
530,Plan 530,Prepago,50Mbps,694,9.5,88.14,0
531,Plan 531,Prepago,10Mbps,637,54.79,64.67,1
532,Plan 532,Postpago,100Mbps,249,71.24,47.5,1
533,Plan 533,Postpago,100Mbps,416,29.68,49.69,0
534,Plan 534,Prepago,1Gbps,773,52.66,89.59,0
535,Plan 535,Prepago,100Mbps,400,97.93,70.69,1
536,Plan 536,Prepago,100Mbps,958,17.48,99.08,0
537,Plan 537,Prepago,100Mbps,684,93.01,70.42,0
538,Plan 538,Postpago,100Mbps,678,42.06,19.7,0
539,Plan 539,Postpago,50Mbps,726,88.15,54.39,0
540,Plan 540,Prepago,10Mbps,328,38.02,67.27,1
541,Plan 541,Prepago,1Gbps,429,91.9,11.42,1
542,Plan 542,Postpago,10Mbps,384,88.24,24.01,0
543,Plan 543,Prepago,10Mbps,880,83.24,68.06,0
544,Plan 544,Prepago,50Mbps,233,33.6,14.7,0
545,Plan 545,Prepago,50Mbps,849,26.67,73.79,0
546,Plan 546,Prepago,100Mbps,752,10.74,22.08,0
547,Plan 547,Prepago,1Gbps,607,78.17,49.06,0
548,Plan 548,Postpago,50Mbps,270,40.63,81.72,1
549,Plan 549,Prepago,100Mbps,437,47.03,67.38,0
550,Plan 550,Postpago,100Mbps,783,10.44,28.41,1
551,Plan 551,Prepago,100Mbps,304,7.86,60.39,1
552,Plan 552,Prepago,100Mbps,344,84.32,74.4,0
553,Plan 553,Postpago,10Mbps,229,56.31,28.78,0
554,Plan 554,Prepago,10Mbps,862,17.36,16.05,0
555,Plan 555,Postpago,1Gbps,735,19.75,23.87,1
556,Plan 556,Postpago,10Mbps,503,36.66,80.19,0
557,Plan 557,Prepago,1Gbps,585,27.32,27.92,0
558,Plan 558,Postpago,1Gbps,488,14.51,80.22,1
559,Plan 559,Prepago,10Mbps,161,1.75,96.04,1
560,Plan 560,Postpago,10Mbps,703,95.56,73.59,1
561,Plan 561,Postpago,1Gbps,286,44.99,82.61,1
562,Plan 562,Prepago,50Mbps,723,66.47,80.63,1
563,Plan 563,Postpago,1Gbps,910,56.99,75.91,1
564,Plan 564,Postpago,50Mbps,119,70.47,72.49,1
565,Plan 565,Postpago,1Gbps,388,89.18,10.84,1
566,Plan 566,Prepago,10Mbps,200,33.57,51.57,1
567,Plan 567,Postpago,100Mbps,942,66.05,46.03,0
568,Plan 568,Prepago,1Gbps,148,2.47,80.41,0
569,Plan 569,Postpago,100Mbps,538,30.38,79.07,1
570,Plan 570,Prepago,100Mbps,134,3.59,49.54,0
571,Plan 571,Prepago,50Mbps,253,44.91,75.7,0
572,Plan 572,Postpago,10Mbps,316,85.84,25.72,1
573,Plan 573,Prepago,1Gbps,412,89.43,87.53,1
574,Plan 574,Postpago,100Mbps,178,67.42,16.68,0
575,Plan 575,Prepago,50Mbps,781,84.75,51.8,1
576,Plan 576,Postpago,10Mbps,297,47.81,39.18,1
577,Plan 577,Postpago,50Mbps,120,9.15,85.36,1
578,Plan 578,Postpago,1Gbps,690,47.03,44.78,0
579,Plan 579,Prepago,1Gbps,560,72.11,20.58,1
580,Plan 580,Prepago,50Mbps,487,23.3,71.85,1
581,Plan 581,Postpago,10Mbps,547,13.66,26.38,0
582,Plan 582,Prepago,50Mbps,781,98.48,91.94,1
583,Plan 583,Prepago,100Mbps,584,45.19,75.47,0
584,Plan 584,Prepago,50Mbps,312,65.18,76.59,1
585,Plan 585,Prepago,100Mbps,380,99.24,38.05,0
586,Plan 586,Prepago,10Mbps,805,70.12,95.85,1
587,Plan 587,Postpago,100Mbps,788,42.0,47.15,0
588,Plan 588,Postpago,100Mbps,176,54.48,34.04,0
589,Plan 589,Prepago,1Gbps,831,50.14,68.83,1
590,Plan 590,Prepago,50Mbps,461,45.66,84.2,1
591,Plan 591,Prepago,10Mbps,603,57.2,94.35,0
592,Plan 592,Prepago,50Mbps,537,31.6,47.42,1
593,Plan 593,Prepago,100Mbps,439,12.36,76.52,0
594,Plan 594,Postpago,50Mbps,728,96.33,17.91,1
595,Plan 595,Postpago,1Gbps,968,90.47,93.43,0
596,Plan 596,Postpago,100Mbps,117,69.08,10.83,1
597,Plan 597,Prepago,10Mbps,773,44.68,58.74,0
598,Plan 598,Postpago,10Mbps,132,89.14,36.7,0
599,Plan 599,Prepago,1Gbps,968,47.07,45.11,0
600,Plan 600,Postpago,1Gbps,217,64.64,49.75,1
601,Plan 601,Postpago,10Mbps,706,92.61,54.64,1
602,Plan 602,Prepago,50Mbps,715,18.65,82.74,1
603,Plan 603,Postpago,10Mbps,581,76.8,52.9,0
604,Plan 604,Prepago,100Mbps,550,93.45,55.48,0
605,Plan 605,Prepago,1Gbps,300,41.71,12.43,0
606,Plan 606,Postpago,50Mbps,809,56.54,42.64,1
607,Plan 607,Postpago,100Mbps,990,33.77,83.84,1
608,Plan 608,Prepago,1Gbps,558,93.18,37.71,1
609,Plan 609,Prepago,100Mbps,615,34.22,89.07,0
610,Plan 610,Postpago,50Mbps,107,25.09,48.78,1
611,Plan 611,Postpago,10Mbps,358,39.81,35.0,0
612,Plan 612,Prepago,100Mbps,351,10.59,21.4,1
613,Plan 613,Prepago,50Mbps,142,16.78,31.78,1
614,Plan 614,Prepago,10Mbps,333,10.59,65.09,0
615,Plan 615,Prepago,1Gbps,952,71.44,28.4,1
616,Plan 616,Prepago,1Gbps,869,33.88,97.66,0
617,Plan 617,Prepago,100Mbps,423,4.7,88.01,1
618,Plan 618,Postpago,100Mbps,908,69.4,54.55,0
619,Plan 619,Postpago,50Mbps,838,30.6,95.82,1
620,Plan 620,Postpago,50Mbps,618,81.25,14.92,1
621,Plan 621,Postpago,10Mbps,383,91.87,69.23,1
622,Plan 622,Prepago,1Gbps,870,58.94,52.45,1
623,Plan 623,Prepago,50Mbps,133,93.28,13.99,1
624,Plan 624,Postpago,50Mbps,500,92.39,72.77,0
625,Plan 625,Postpago,100Mbps,475,39.88,65.55,1
626,Plan 626,Prepago,50Mbps,809,71.56,71.85,1
627,Plan 627,Postpago,50Mbps,312,2.97,30.54,0
628,Plan 628,Prepago,1Gbps,349,63.64,16.95,1
629,Plan 629,Postpago,50Mbps,293,96.89,31.73,1
630,Plan 630,Prepago,10Mbps,423,57.39,48.17,0
631,Plan 631,Postpago,10Mbps,118,30.4,69.35,1
632,Plan 632,Prepago,50Mbps,739,54.43,75.18,1
633,Plan 633,Postpago,1Gbps,828,38.81,37.38,0
634,Plan 634,Postpago,1Gbps,207,30.24,84.3,0
635,Plan 635,Prepago,1Gbps,150,45.45,67.21,0
636,Plan 636,Postpago,10Mbps,190,23.31,29.26,0
637,Plan 637,Postpago,50Mbps,324,47.92,97.7,1
638,Plan 638,Prepago,100Mbps,920,24.61,91.81,0
639,Plan 639,Prepago,100Mbps,462,2.79,81.7,1
640,Plan 640,Prepago,10Mbps,712,3.2,61.42,1
641,Plan 641,Postpago,50Mbps,839,42.95,36.42,1
642,Plan 642,Postpago,100Mbps,208,30.55,23.26,1
643,Plan 643,Prepago,1Gbps,648,4.88,32.96,1
644,Plan 644,Prepago,1Gbps,500,81.84,59.24,0
645,Plan 645,Prepago,10Mbps,379,10.71,47.52,0
646,Plan 646,Prepago,100Mbps,743,31.51,32.08,0
647,Plan 647,Prepago,10Mbps,304,82.41,70.99,1
648,Plan 648,Postpago,1Gbps,923,73.78,55.71,1
649,Plan 649,Prepago,100Mbps,291,43.42,22.23,1
650,Plan 650,Postpago,50Mbps,548,76.92,34.75,0
651,Plan 651,Prepago,10Mbps,562,26.68,42.4,1
652,Plan 652,Prepago,10Mbps,569,42.76,33.77,0
653,Plan 653,Prepago,100Mbps,324,81.34,94.79,0
654,Plan 654,Postpago,1Gbps,996,31.85,29.71,0
655,Plan 655,Postpago,50Mbps,702,80.58,82.98,1
656,Plan 656,Prepago,100Mbps,195,44.26,11.64,0
657,Plan 657,Postpago,100Mbps,889,70.65,64.31,1
658,Plan 658,Prepago,10Mbps,613,18.75,16.76,1
659,Plan 659,Prepago,10Mbps,661,46.01,34.23,1
660,Plan 660,Prepago,10Mbps,286,14.28,99.0,1
661,Plan 661,Postpago,1Gbps,808,56.78,12.73,0
662,Plan 662,Postpago,50Mbps,227,13.79,44.09,1
663,Plan 663,Postpago,1Gbps,926,94.31,49.62,1
664,Plan 664,Prepago,50Mbps,449,92.34,43.72,0
665,Plan 665,Prepago,1Gbps,953,28.42,73.78,1
666,Plan 666,Postpago,1Gbps,698,32.36,79.68,1
667,Plan 667,Prepago,1Gbps,288,1.42,75.26,1
668,Plan 668,Postpago,50Mbps,174,99.55,33.44,1
669,Plan 669,Prepago,50Mbps,821,58.1,58.61,0
670,Plan 670,Postpago,10Mbps,365,32.48,86.2,0
671,Plan 671,Postpago,1Gbps,830,99.6,40.53,1
672,Plan 672,Postpago,10Mbps,868,27.38,36.15,0
673,Plan 673,Postpago,1Gbps,543,65.51,76.03,0
674,Plan 674,Prepago,100Mbps,410,43.32,10.3,0
675,Plan 675,Postpago,50Mbps,311,12.89,74.59,1
676,Plan 676,Prepago,10Mbps,236,26.44,43.8,0
677,Plan 677,Postpago,100Mbps,211,70.83,83.36,0
678,Plan 678,Postpago,1Gbps,802,23.94,89.67,0
679,Plan 679,Prepago,50Mbps,349,32.07,54.86,1
680,Plan 680,Postpago,1Gbps,754,18.81,53.18,0
681,Plan 681,Prepago,1Gbps,315,4.7,42.94,1
682,Plan 682,Prepago,10Mbps,417,6.19,81.6,0
683,Plan 683,Prepago,50Mbps,358,20.35,24.22,0
684,Plan 684,Prepago,100Mbps,901,10.38,45.54,0
685,Plan 685,Postpago,100Mbps,149,69.02,32.05,1
686,Plan 686,Prepago,100Mbps,986,88.57,19.54,1
687,Plan 687,Postpago,1Gbps,209,50.02,78.47,0
688,Plan 688,Prepago,10Mbps,935,31.35,89.47,1
689,Plan 689,Postpago,1Gbps,251,50.94,80.52,0
690,Plan 690,Postpago,10Mbps,657,71.87,28.07,0
691,Plan 691,Prepago,1Gbps,611,63.54,34.77,1
692,Plan 692,Prepago,100Mbps,939,16.82,63.73,0
693,Plan 693,Postpago,1Gbps,369,77.52,33.24,0
694,Plan 694,Prepago,100Mbps,823,89.99,37.23,1
695,Plan 695,Postpago,1Gbps,237,50.75,56.74,1
696,Plan 696,Prepago,10Mbps,185,69.74,82.13,1
697,Plan 697,Postpago,100Mbps,214,58.58,63.91,1
698,Plan 698,Prepago,50Mbps,877,17.44,96.98,1
699,Plan 699,Prepago,1Gbps,305,39.08,40.11,0
700,Plan 700,Postpago,1Gbps,937,96.44,81.0,0
701,Plan 701,Postpago,100Mbps,733,6.31,61.21,1
702,Plan 702,Prepago,1Gbps,617,76.67,28.05,0
703,Plan 703,Prepago,50Mbps,354,62.25,20.49,0
704,Plan 704,Prepago,1Gbps,327,57.31,54.81,1
705,Plan 705,Postpago,100Mbps,234,49.79,28.23,0
706,Plan 706,Postpago,10Mbps,563,15.85,45.49,0
707,Plan 707,Prepago,100Mbps,302,61.36,13.87,0
708,Plan 708,Postpago,50Mbps,608,94.47,49.11,0
709,Plan 709,Postpago,50Mbps,994,51.28,44.22,0
710,Plan 710,Prepago,100Mbps,945,85.04,51.73,1
711,Plan 711,Prepago,10Mbps,738,68.77,83.04,1
712,Plan 712,Prepago,50Mbps,607,18.06,67.93,1
713,Plan 713,Postpago,10Mbps,205,82.29,39.43,0
714,Plan 714,Prepago,1Gbps,985,17.76,11.95,1
715,Plan 715,Postpago,1Gbps,471,94.33,22.81,0
716,Plan 716,Postpago,100Mbps,534,16.87,55.41,1
717,Plan 717,Postpago,50Mbps,657,41.74,89.31,0
718,Plan 718,Postpago,10Mbps,281,82.82,51.34,1
719,Plan 719,Prepago,1Gbps,101,36.7,47.83,1
720,Plan 720,Prepago,100Mbps,519,62.02,55.57,0
721,Plan 721,Postpago,100Mbps,760,66.65,21.75,0
722,Plan 722,Postpago,1Gbps,918,29.74,82.06,1
723,Plan 723,Prepago,10Mbps,684,41.1,54.16,0
724,Plan 724,Prepago,10Mbps,724,58.92,16.61,1
725,Plan 725,Postpago,10Mbps,230,50.57,92.17,1
726,Plan 726,Postpago,50Mbps,706,93.85,16.16,0
727,Plan 727,Postpago,1Gbps,826,72.67,12.57,0
728,Plan 728,Postpago,10Mbps,234,9.49,10.23,1
729,Plan 729,Postpago,10Mbps,813,68.81,59.07,0
730,Plan 730,Postpago,1Gbps,499,59.64,39.23,0
731,Plan 731,Prepago,1Gbps,477,53.12,15.89,0
732,Plan 732,Postpago,50Mbps,836,33.14,14.07,1
733,Plan 733,Prepago,10Mbps,643,77.95,52.32,0
734,Plan 734,Postpago,100Mbps,657,90.99,16.36,0
735,Plan 735,Prepago,10Mbps,303,33.1,27.98,0
736,Plan 736,Postpago,50Mbps,987,48.89,76.81,0
737,Plan 737,Prepago,1Gbps,833,71.92,37.83,1
738,Plan 738,Prepago,10Mbps,309,76.33,12.64,1
739,Plan 739,Prepago,10Mbps,467,28.98,96.23,1
740,Plan 740,Postpago,10Mbps,331,57.88,94.01,0
741,Plan 741,Prepago,100Mbps,732,87.65,67.39,1
742,Plan 742,Postpago,50Mbps,611,8.06,78.42,1
743,Plan 743,Prepago,1Gbps,932,82.9,93.33,1
744,Plan 744,Postpago,50Mbps,753,70.45,40.94,0
745,Plan 745,Postpago,50Mbps,151,82.89,66.34,0
746,Plan 746,Prepago,50Mbps,893,88.97,97.82,0
747,Plan 747,Prepago,50Mbps,523,74.65,15.55,0
748,Plan 748,Postpago,10Mbps,719,66.94,87.53,0
749,Plan 749,Postpago,10Mbps,798,10.38,50.69,1
750,Plan 750,Postpago,1Gbps,960,57.55,92.55,0
751,Plan 751,Prepago,1Gbps,575,4.37,43.9,1
752,Plan 752,Prepago,100Mbps,143,44.23,13.89,1
753,Plan 753,Prepago,50Mbps,653,9.36,56.42,0
754,Plan 754,Prepago,10Mbps,428,61.22,93.71,0
755,Plan 755,Prepago,10Mbps,306,4.23,59.58,0
756,Plan 756,Prepago,10Mbps,422,73.92,31.71,1
757,Plan 757,Postpago,10Mbps,960,66.98,71.13,0
758,Plan 758,Postpago,50Mbps,267,9.34,59.85,0
759,Plan 759,Postpago,1Gbps,129,13.98,59.8,0
760,Plan 760,Prepago,100Mbps,433,77.57,31.51,0
761,Plan 761,Postpago,10Mbps,946,74.73,29.84,0
762,Plan 762,Prepago,1Gbps,988,90.91,10.98,0
763,Plan 763,Prepago,100Mbps,602,35.78,97.21,0
764,Plan 764,Postpago,10Mbps,880,21.49,77.61,0
765,Plan 765,Prepago,50Mbps,174,95.52,91.09,1
766,Plan 766,Prepago,10Mbps,670,47.84,50.75,0
767,Plan 767,Postpago,100Mbps,904,57.08,31.29,1
768,Plan 768,Prepago,100Mbps,724,9.99,52.55,0
769,Plan 769,Prepago,50Mbps,887,80.86,97.72,1
770,Plan 770,Postpago,50Mbps,512,23.08,88.4,0
771,Plan 771,Prepago,100Mbps,940,95.08,75.65,1
772,Plan 772,Prepago,50Mbps,414,46.83,71.09,0
773,Plan 773,Prepago,50Mbps,686,16.64,48.67,0
774,Plan 774,Postpago,50Mbps,650,60.73,61.54,1
775,Plan 775,Postpago,100Mbps,282,25.75,78.38,0
776,Plan 776,Postpago,10Mbps,330,12.2,31.6,0
777,Plan 777,Postpago,10Mbps,780,49.12,16.03,1
778,Plan 778,Prepago,100Mbps,117,50.9,76.08,1
779,Plan 779,Prepago,1Gbps,586,71.43,53.52,0
780,Plan 780,Prepago,1Gbps,218,90.14,69.54,0
781,Plan 781,Postpago,100Mbps,815,22.51,35.96,1
782,Plan 782,Postpago,50Mbps,829,82.69,73.76,1
783,Plan 783,Postpago,10Mbps,310,45.9,87.77,0
784,Plan 784,Prepago,100Mbps,556,13.47,64.34,0
785,Plan 785,Postpago,1Gbps,397,75.35,10.49,0
786,Plan 786,Postpago,10Mbps,704,39.22,83.37,1
787,Plan 787,Prepago,50Mbps,411,56.46,30.23,1
788,Plan 788,Postpago,10Mbps,397,1.32,52.04,1
789,Plan 789,Prepago,1Gbps,107,25.48,18.03,0
790,Plan 790,Prepago,10Mbps,820,58.34,45.7,1
791,Plan 791,Prepago,100Mbps,727,4.06,90.39,1
792,Plan 792,Postpago,100Mbps,459,14.02,54.71,1
793,Plan 793,Postpago,50Mbps,376,52.94,74.28,1
794,Plan 794,Postpago,10Mbps,781,22.83,50.6,0
795,Plan 795,Postpago,10Mbps,193,70.73,54.57,1
796,Plan 796,Postpago,10Mbps,115,89.37,34.74,1
797,Plan 797,Prepago,10Mbps,708,17.3,70.91,0
798,Plan 798,Postpago,50Mbps,125,37.8,28.21,1
799,Plan 799,Postpago,100Mbps,579,8.09,91.36,0
800,Plan 800,Prepago,10Mbps,148,94.02,85.72,0
801,Plan 801,Postpago,10Mbps,252,71.53,32.8,1
802,Plan 802,Postpago,100Mbps,187,15.24,56.16,1
803,Plan 803,Postpago,100Mbps,156,24.02,95.87,1
804,Plan 804,Postpago,1Gbps,362,61.78,86.84,0
805,Plan 805,Prepago,10Mbps,418,30.61,19.5,0
806,Plan 806,Prepago,10Mbps,847,16.6,46.72,1
807,Plan 807,Postpago,1Gbps,175,83.68,43.94,0
808,Plan 808,Postpago,50Mbps,164,28.32,89.15,0
809,Plan 809,Postpago,100Mbps,941,70.39,96.55,1
810,Plan 810,Prepago,100Mbps,182,40.3,79.46,0
811,Plan 811,Prepago,10Mbps,329,24.62,67.83,1
812,Plan 812,Postpago,50Mbps,927,86.61,33.87,0
813,Plan 813,Prepago,10Mbps,702,70.64,33.82,0
814,Plan 814,Postpago,100Mbps,724,41.9,50.13,1
815,Plan 815,Prepago,100Mbps,135,63.08,46.78,0
816,Plan 816,Prepago,100Mbps,905,14.54,73.52,1
817,Plan 817,Prepago,100Mbps,960,97.53,47.61,0
818,Plan 818,Prepago,10Mbps,743,75.43,89.75,0
819,Plan 819,Postpago,10Mbps,420,82.51,19.21,1
820,Plan 820,Prepago,1Gbps,441,21.42,23.41,1
821,Plan 821,Postpago,100Mbps,718,84.13,78.77,1
822,Plan 822,Prepago,100Mbps,949,32.48,89.29,1
823,Plan 823,Prepago,100Mbps,908,34.7,57.76,0
824,Plan 824,Prepago,10Mbps,722,67.08,60.01,0
825,Plan 825,Postpago,50Mbps,574,87.51,62.26,0
826,Plan 826,Postpago,1Gbps,124,68.57,82.94,1
827,Plan 827,Postpago,100Mbps,644,29.74,85.79,1
828,Plan 828,Prepago,50Mbps,948,82.63,38.6,1
829,Plan 829,Prepago,50Mbps,789,14.36,46.0,1
830,Plan 830,Postpago,10Mbps,722,94.32,75.3,1
831,Plan 831,Postpago,1Gbps,851,70.87,72.25,1
832,Plan 832,Postpago,100Mbps,599,56.59,57.33,1
833,Plan 833,Prepago,10Mbps,845,21.69,37.02,1
834,Plan 834,Prepago,50Mbps,957,46.61,72.76,1
835,Plan 835,Postpago,50Mbps,513,42.95,79.64,1
836,Plan 836,Prepago,50Mbps,396,53.37,71.14,0
837,Plan 837,Prepago,10Mbps,975,76.76,92.43,0
838,Plan 838,Prepago,100Mbps,726,82.53,12.71,0
839,Plan 839,Prepago,1Gbps,126,48.75,32.32,1
840,Plan 840,Prepago,10Mbps,344,61.94,28.18,1
841,Plan 841,Prepago,100Mbps,464,81.46,28.62,0
842,Plan 842,Postpago,50Mbps,458,71.72,13.79,1
843,Plan 843,Prepago,1Gbps,948,60.24,68.17,1
844,Plan 844,Prepago,50Mbps,429,40.83,62.84,1
845,Plan 845,Prepago,1Gbps,274,7.14,26.72,1
846,Plan 846,Postpago,10Mbps,529,83.35,59.5,0
847,Plan 847,Postpago,1Gbps,294,21.04,35.12,0
848,Plan 848,Postpago,50Mbps,504,57.36,81.81,0
849,Plan 849,Postpago,100Mbps,153,21.89,72.43,0
850,Plan 850,Postpago,100Mbps,925,1.38,54.4,1
851,Plan 851,Postpago,100Mbps,129,40.92,71.97,0
852,Plan 852,Prepago,10Mbps,374,54.54,89.39,0
853,Plan 853,Prepago,1Gbps,888,26.8,64.14,1
854,Plan 854,Prepago,10Mbps,719,6.01,42.33,0
855,Plan 855,Prepago,100Mbps,656,77.31,25.85,1
856,Plan 856,Prepago,1Gbps,318,48.88,53.06,0
857,Plan 857,Prepago,1Gbps,965,6.37,10.69,1
858,Plan 858,Prepago,100Mbps,406,14.6,33.95,1
859,Plan 859,Prepago,50Mbps,255,70.55,57.35,1
860,Plan 860,Prepago,50Mbps,710,98.54,59.22,0
861,Plan 861,Prepago,100Mbps,112,93.86,25.9,0
862,Plan 862,Postpago,1Gbps,839,96.2,45.34,0
863,Plan 863,Postpago,1Gbps,511,46.17,52.7,1
864,Plan 864,Postpago,100Mbps,938,66.24,86.42,0
865,Plan 865,Postpago,50Mbps,363,9.29,28.28,0
866,Plan 866,Prepago,50Mbps,353,59.23,43.08,1
867,Plan 867,Postpago,10Mbps,119,74.03,92.74,0
868,Plan 868,Prepago,1Gbps,140,89.87,42.63,0
869,Plan 869,Prepago,50Mbps,727,9.18,59.17,0
870,Plan 870,Postpago,50Mbps,282,41.97,56.88,0
871,Plan 871,Postpago,50Mbps,867,27.89,92.28,1
872,Plan 872,Postpago,10Mbps,563,12.42,95.19,0
873,Plan 873,Prepago,100Mbps,709,24.2,35.54,0
874,Plan 874,Postpago,1Gbps,252,80.26,64.34,0
875,Plan 875,Prepago,10Mbps,953,55.96,76.47,1
876,Plan 876,Postpago,10Mbps,329,55.2,14.23,0
877,Plan 877,Postpago,10Mbps,958,23.84,77.71,0
878,Plan 878,Postpago,100Mbps,727,82.73,45.06,1
879,Plan 879,Prepago,50Mbps,846,48.97,68.48,0
880,Plan 880,Postpago,50Mbps,934,83.62,45.42,1
881,Plan 881,Postpago,100Mbps,436,44.4,27.25,1
882,Plan 882,Postpago,1Gbps,404,1.17,69.0,1
883,Plan 883,Postpago,1Gbps,770,23.44,15.17,1
884,Plan 884,Postpago,100Mbps,500,61.28,61.38,1
885,Plan 885,Prepago,100Mbps,613,17.52,57.29,0
886,Plan 886,Postpago,100Mbps,813,48.97,11.95,0
887,Plan 887,Postpago,100Mbps,891,60.21,70.63,0
888,Plan 888,Prepago,1Gbps,179,39.68,54.7,1
889,Plan 889,Postpago,50Mbps,625,3.83,32.19,0
890,Plan 890,Postpago,1Gbps,587,7.14,58.22,0
891,Plan 891,Prepago,50Mbps,325,81.15,68.67,1
892,Plan 892,Prepago,1Gbps,374,50.01,65.73,0
893,Plan 893,Postpago,50Mbps,370,10.43,73.84,1
894,Plan 894,Prepago,1Gbps,134,21.3,30.02,1
895,Plan 895,Prepago,100Mbps,965,32.81,92.52,1
896,Plan 896,Prepago,100Mbps,474,6.47,54.72,0
897,Plan 897,Prepago,10Mbps,690,61.09,34.91,1
898,Plan 898,Prepago,10Mbps,404,50.58,63.73,0
899,Plan 899,Postpago,50Mbps,913,78.01,17.87,0
900,Plan 900,Postpago,100Mbps,678,48.18,11.6,1
901,Plan 901,Prepago,100Mbps,361,54.91,32.97,0
902,Plan 902,Prepago,50Mbps,338,80.59,86.47,0
903,Plan 903,Postpago,10Mbps,817,82.88,19.51,1
904,Plan 904,Prepago,100Mbps,414,33.31,57.84,1
905,Plan 905,Postpago,100Mbps,440,10.67,77.24,1
906,Plan 906,Postpago,10Mbps,637,89.86,61.91,0
907,Plan 907,Postpago,10Mbps,932,77.32,30.68,0
908,Plan 908,Prepago,1Gbps,399,2.94,54.17,0
909,Plan 909,Postpago,50Mbps,380,6.94,47.11,0
910,Plan 910,Postpago,10Mbps,1000,86.5,20.66,0
911,Plan 911,Postpago,1Gbps,486,40.92,41.81,1
912,Plan 912,Postpago,1Gbps,596,1.54,99.11,0
913,Plan 913,Postpago,10Mbps,214,57.03,14.23,0
914,Plan 914,Prepago,50Mbps,816,99.63,23.83,0
915,Plan 915,Postpago,10Mbps,178,98.35,86.59,1
916,Plan 916,Prepago,50Mbps,527,25.18,86.91,1
917,Plan 917,Postpago,50Mbps,301,74.08,19.83,1
918,Plan 918,Prepago,50Mbps,765,19.36,86.24,0
919,Plan 919,Prepago,100Mbps,279,82.14,87.83,1
920,Plan 920,Postpago,100Mbps,801,61.89,53.61,0
921,Plan 921,Postpago,10Mbps,943,81.87,25.69,1
922,Plan 922,Postpago,100Mbps,795,69.06,54.6,1
923,Plan 923,Postpago,100Mbps,946,83.3,12.22,0
924,Plan 924,Postpago,10Mbps,313,14.61,79.32,0
925,Plan 925,Prepago,100Mbps,380,27.76,27.38,0
926,Plan 926,Prepago,10Mbps,981,19.5,39.7,1
927,Plan 927,Postpago,100Mbps,480,13.25,63.08,1
928,Plan 928,Postpago,50Mbps,766,22.98,68.84,1
929,Plan 929,Postpago,1Gbps,636,9.26,31.52,0
930,Plan 930,Postpago,10Mbps,553,45.48,44.65,1
931,Plan 931,Prepago,1Gbps,761,35.18,63.11,1
932,Plan 932,Prepago,50Mbps,551,1.88,34.13,0
933,Plan 933,Prepago,1Gbps,818,20.36,87.31,0
934,Plan 934,Prepago,1Gbps,733,70.53,57.0,0
935,Plan 935,Postpago,100Mbps,896,5.3,68.55,1
936,Plan 936,Postpago,10Mbps,519,2.84,86.92,0
937,Plan 937,Postpago,100Mbps,315,85.8,17.3,1
938,Plan 938,Postpago,10Mbps,893,91.59,84.67,0
939,Plan 939,Prepago,10Mbps,654,4.66,33.78,0
940,Plan 940,Postpago,1Gbps,555,26.73,28.73,1
941,Plan 941,Postpago,1Gbps,969,36.48,71.45,0
942,Plan 942,Prepago,10Mbps,450,58.52,48.81,0
943,Plan 943,Postpago,50Mbps,196,63.1,77.54,0
944,Plan 944,Postpago,10Mbps,854,96.48,18.28,1
945,Plan 945,Prepago,10Mbps,322,27.77,66.37,0
946,Plan 946,Postpago,1Gbps,728,40.76,53.06,0
947,Plan 947,Postpago,10Mbps,589,38.24,76.69,0
948,Plan 948,Postpago,1Gbps,417,84.02,12.3,1
949,Plan 949,Postpago,50Mbps,701,20.12,16.57,1
950,Plan 950,Prepago,1Gbps,871,91.02,68.63,0
951,Plan 951,Postpago,100Mbps,207,66.55,99.46,0
952,Plan 952,Prepago,1Gbps,952,49.43,20.16,1
953,Plan 953,Postpago,10Mbps,122,72.23,32.69,0
954,Plan 954,Prepago,10Mbps,132,20.48,14.73,1
955,Plan 955,Postpago,50Mbps,173,5.36,83.36,1
956,Plan 956,Postpago,50Mbps,795,86.68,19.58,1
957,Plan 957,Postpago,50Mbps,812,36.31,74.54,1
958,Plan 958,Postpago,1Gbps,816,87.47,43.92,0
959,Plan 959,Prepago,50Mbps,903,62.72,58.12,0
960,Plan 960,Postpago,1Gbps,339,58.63,43.65,1
961,Plan 961,Prepago,50Mbps,667,88.38,28.83,0
962,Plan 962,Prepago,10Mbps,532,31.08,86.46,1
963,Plan 963,Postpago,10Mbps,765,38.94,16.26,0
964,Plan 964,Prepago,1Gbps,428,84.64,43.87,0
965,Plan 965,Prepago,1Gbps,614,90.84,80.57,1
966,Plan 966,Prepago,1Gbps,197,78.79,55.34,0
967,Plan 967,Postpago,100Mbps,193,91.98,56.69,0
968,Plan 968,Postpago,1Gbps,594,55.49,20.15,0
969,Plan 969,Postpago,100Mbps,402,18.16,28.91,1
970,Plan 970,Prepago,10Mbps,837,84.98,75.79,0
971,Plan 971,Postpago,50Mbps,607,88.45,38.15,1
972,Plan 972,Prepago,10Mbps,578,31.11,76.41,0
973,Plan 973,Prepago,1Gbps,161,67.01,63.89,1
974,Plan 974,Postpago,1Gbps,416,2.86,72.73,1
975,Plan 975,Postpago,1Gbps,655,92.68,36.96,0
976,Plan 976,Prepago,100Mbps,771,35.37,47.4,1
977,Plan 977,Prepago,1Gbps,663,56.83,86.57,0
978,Plan 978,Postpago,50Mbps,986,68.73,27.3,1
979,Plan 979,Prepago,10Mbps,584,82.52,16.63,0
980,Plan 980,Postpago,10Mbps,479,70.99,82.07,0
981,Plan 981,Prepago,100Mbps,735,33.38,87.62,0
982,Plan 982,Postpago,1Gbps,585,93.13,26.13,0
983,Plan 983,Prepago,1Gbps,230,23.07,83.47,0
984,Plan 984,Prepago,50Mbps,780,74.94,30.69,1
985,Plan 985,Prepago,10Mbps,652,51.2,81.29,1
986,Plan 986,Prepago,50Mbps,331,26.09,72.07,0
987,Plan 987,Postpago,100Mbps,751,51.76,51.57,0
988,Plan 988,Postpago,50Mbps,150,32.18,45.37,1
989,Plan 989,Postpago,50Mbps,560,52.57,88.32,1
990,Plan 990,Prepago,100Mbps,680,21.65,29.32,0
991,Plan 991,Postpago,50Mbps,346,27.18,62.72,1
992,Plan 992,Postpago,1Gbps,355,25.22,26.91,1
993,Plan 993,Postpago,10Mbps,706,86.3,93.9,1
994,Plan 994,Postpago,100Mbps,332,39.76,19.07,0
995,Plan 995,Postpago,1Gbps,794,85.84,94.32,1
996,Plan 996,Prepago,50Mbps,135,38.5,90.7,1
997,Plan 997,Prepago,10Mbps,390,32.72,97.1,0
998,Plan 998,Prepago,100Mbps,212,66.75,74.92,0
999,Plan 999,Postpago,1Gbps,495,41.05,95.07,0
1000,Plan 1000,Prepago,50Mbps,444,82.05,11.34,1
