id_cliente,nombre,apellido,segmento,tipo_documento,nro_documento,edad,sexo
1,Megan,Arroyo,Empresarial,Carnet,27999808,64,Femenino
2,Katherine,Cardenas,Empresarial,DNI,51533165,31,Femenino
3,Robert,Osborne,Residencial,DNI,26415129,40,Masculino
4,Jonathan,Burgess,Empresarial,Carnet,42851470,26,Masculino
5,William,Lopez,Corporativo,Pasaporte,24759810,26,Masculino
6,Richard,Dunn,Empresarial,DNI,24000021,25,Femenino
7,Kristen,Coleman,Empresarial,DNI,66613142,57,Masculino
8,Kevin,Dodson,Empresarial,Pasaporte,88328003,40,Masculino
9,Thomas,Thompson,Empresarial,Pasaporte,20286531,28,Masculino
10,Brandy,Jackson,Empresarial,Carnet,82106343,19,Femenino
11,Rebecca,Hopkins,Corporativo,Pasaporte,79377930,45,Masculino
12,William,Moore,Residencial,Pasaporte,67864975,54,Femenino
13,Juan,Rodriguez,Corporativo,DNI,54718979,43,Femenino
14,Katelyn,Gordon,Residencial,Pasaporte,78759198,47,Masculino
15,Christine,Hogan,Empresarial,Pasaporte,84217761,22,Masculino
16,John,Jacobs,Residencial,Carnet,30426063,59,Femenino
17,Renee,Fischer,Residencial,Carnet,368941,63,Femenino
18,Tonya,Baker,Corporativo,Pasaporte,7268941,63,Femenino
19,Lisa,Mitchell,Empresarial,DNI,58536960,61,Femenino
20,Rachel,Patterson,Corporativo,Pasaporte,81132019,22,Femenino
21,Kyle,Ewing,Corporativo,Carnet,4207812,67,Femenino
22,Jessica,Robbins,Corporativo,DNI,86755912,45,Masculino
23,Rachel,Shah,Residencial,Carnet,86925164,52,Masculino
24,Gabriella,Medina,Empresarial,Pasaporte,87006547,64,Femenino
25,Thomas,Spencer,Residencial,DNI,18192898,53,Masculino
26,Craig,Branch,Corporativo,DNI,67439499,26,Masculino
27,Ryan,Lee,Residencial,DNI,11437786,28,Masculino
28,Cheryl,Patton,Corporativo,Pasaporte,56280267,27,Masculino
29,Robin,Moody,Empresarial,Pasaporte,41649031,31,Femenino
30,Tammy,Kirk,Empresarial,Pasaporte,44525785,28,Masculino
31,Thomas,Brady,Corporativo,Pasaporte,84951614,32,Masculino
32,Michelle,Moore,Residencial,Pasaporte,84056931,19,Femenino
33,Jorge,Guerrero,Empresarial,Pasaporte,83097619,51,Masculino
34,Linda,Bradshaw,Empresarial,Carnet,25375846,26,Masculino
35,Ana,Elliott,Empresarial,DNI,95889035,70,Masculino
36,Alexis,Ward,Corporativo,DNI,8249368,49,Femenino
37,Jennifer,Herring,Corporativo,Pasaporte,45516860,40,Masculino
38,Raymond,Hoffman,Residencial,DNI,18545503,75,Masculino
39,Mallory,Jenkins,Corporativo,Carnet,42429271,74,Masculino
40,Elizabeth,Mendez,Empresarial,Carnet,88184015,57,Masculino
41,Aaron,Brock,Empresarial,DNI,36827673,65,Masculino
42,Tristan,Perez,Corporativo,Pasaporte,65236055,36,Femenino
43,Mikayla,Smith,Empresarial,DNI,64592160,63,Masculino
44,John,Rice,Residencial,DNI,81734560,68,Femenino
45,Mark,Pugh,Corporativo,Carnet,44370379,39,Masculino
46,Monica,Frazier,Residencial,DNI,36181695,61,Masculino
47,James,Mccoy,Residencial,DNI,86699577,25,Femenino
48,Ashley,Burton,Corporativo,Pasaporte,10455618,69,Masculino
49,John,Crawford,Empresarial,DNI,61560073,79,Femenino
50,Tammy,Simon,Corporativo,Carnet,21418332,76,Femenino
51,Linda,Wright,Corporativo,Carnet,14451819,72,Masculino
52,Seth,Snow,Corporativo,Carnet,68777200,71,Femenino
53,Christopher,Hill,Residencial,DNI,34754884,44,Femenino
54,Luke,Duffy,Corporativo,DNI,75017804,67,Masculino
55,William,House,Empresarial,Carnet,95942260,73,Masculino
56,Sarah,Miller,Empresarial,Pasaporte,54299143,34,Masculino
57,Daniel,West,Residencial,Carnet,81605492,75,Masculino
58,Andrea,Manning,Corporativo,DNI,60101552,28,Masculino
59,Jasmine,Cole,Empresarial,Carnet,56543026,39,Masculino
60,Amy,Hicks,Corporativo,Carnet,90052342,58,Masculino
61,Lisa,Roman,Residencial,Pasaporte,21346818,50,Femenino
62,Amber,Bush,Residencial,Pasaporte,81534241,79,Femenino
63,Tamara,Rubio,Corporativo,Pasaporte,56258382,39,Femenino
64,Carrie,Martin,Residencial,Pasaporte,16965583,52,Femenino
65,Briana,Mclean,Residencial,DNI,92109147,62,Femenino
66,Sean,Reilly,Residencial,Carnet,88164949,27,Femenino
67,Caitlyn,Walters,Corporativo,Carnet,15089429,76,Femenino
68,Paul,Shepard,Empresarial,Carnet,78453751,42,Masculino
69,Barbara,King,Residencial,Carnet,14956866,65,Masculino
70,Kelly,Macias,Residencial,Carnet,24967903,65,Masculino
71,Jaime,Ayala,Empresarial,Carnet,64730160,53,Masculino
72,Jacob,Lynch,Corporativo,Carnet,39487734,37,Masculino
73,Chloe,Davis,Empresarial,Pasaporte,92133174,33,Masculino
74,Diane,Johnson,Residencial,Carnet,97840149,74,Masculino
75,Thomas,Smith,Empresarial,Pasaporte,13422794,76,Femenino
76,Christopher,King,Corporativo,Pasaporte,91882226,42,Masculino
77,Katherine,Farmer,Empresarial,Pasaporte,57145733,40,Femenino
78,Nancy,Hughes,Corporativo,Carnet,35195615,42,Masculino
79,Sandra,Rowe,Residencial,Pasaporte,37060785,78,Femenino
80,Megan,Garrett,Corporativo,DNI,14849704,48,Masculino
81,Rachael,Price,Empresarial,Pasaporte,85266386,50,Masculino
82,Sandra,Beard,Corporativo,Pasaporte,47740770,37,Femenino
83,Amber,Johnson,Residencial,DNI,68327353,79,Femenino
84,Peter,Marshall,Corporativo,DNI,71943004,44,Femenino
85,Janet,Gallegos,Corporativo,DNI,10030199,44,Femenino
86,Joshua,Martinez,Corporativo,DNI,1084072,70,Femenino
87,Lisa,Page,Empresarial,Pasaporte,5489224,24,Masculino
88,Melissa,Murphy,Empresarial,DNI,81581279,61,Masculino
89,Patty,Johnson,Residencial,Pasaporte,1989752,80,Femenino
90,Brittany,Wells,Corporativo,Carnet,18588526,27,Masculino
91,Stephanie,Boyd,Empresarial,DNI,16490867,27,Femenino
92,Bethany,Williams,Empresarial,DNI,54774515,18,Femenino
93,Shannon,Knight,Corporativo,DNI,51682252,55,Femenino
94,Donna,Reed,Residencial,Pasaporte,64603396,56,Femenino
95,Wendy,Smith,Empresarial,Carnet,3630294,58,Femenino
96,Sabrina,Lee,Residencial,DNI,42048941,63,Masculino
97,Laura,Rodriguez,Residencial,Carnet,84814618,80,Femenino
98,Christopher,Fernandez,Residencial,Pasaporte,18849581,77,Femenino
99,Chloe,Williams,Residencial,Carnet,11418945,74,Femenino
100,Tom,Hebert,Corporativo,DNI,94342062,51,Femenino
101,Crystal,Kirk,Corporativo,Pasaporte,52618763,24,Femenino
102,Megan,Landry,Empresarial,DNI,86423154,62,Femenino
103,John,Edwards,Empresarial,Pasaporte,77739684,67,Femenino
104,Jessica,Whitehead,Residencial,Carnet,30214336,59,Femenino
105,Dave,Joyce,Residencial,DNI,6537337,62,Masculino
106,Jeffrey,Hubbard,Corporativo,Carnet,28083479,31,Masculino
107,Laura,Hill,Residencial,DNI,55354211,56,Femenino
108,Marvin,Lambert,Residencial,Pasaporte,3705843,59,Masculino
109,Lisa,Larson,Residencial,Pasaporte,6330782,56,Femenino
110,Craig,Powell,Residencial,Carnet,80407475,80,Masculino
111,Dustin,Torres,Corporativo,Pasaporte,53605721,50,Masculino
112,Heidi,Brown,Corporativo,Pasaporte,17782031,25,Femenino
113,Brandon,Martinez,Corporativo,Pasaporte,75197960,35,Femenino
114,Audrey,Anderson,Empresarial,DNI,98132322,62,Femenino
115,Renee,Castillo,Corporativo,Carnet,94401960,64,Femenino
116,Amanda,May,Corporativo,DNI,39889546,57,Femenino
117,Erin,Gallagher,Empresarial,DNI,54585734,28,Femenino
118,Anthony,Williams,Corporativo,Pasaporte,54320743,42,Masculino
119,Cynthia,Colon,Residencial,DNI,73329244,23,Masculino
120,Catherine,Williams,Residencial,DNI,7352245,68,Femenino
121,Barbara,Peters,Corporativo,Carnet,99683107,20,Femenino
122,Peter,Manning,Corporativo,Pasaporte,59819217,18,Masculino
123,Mitchell,Welch,Empresarial,DNI,72799668,25,Masculino
124,Tina,Herring,Corporativo,DNI,19515963,75,Masculino
125,Benjamin,Cooper,Empresarial,Pasaporte,75238092,41,Masculino
126,Andrew,Willis,Empresarial,Carnet,17060932,70,Femenino
127,Susan,Miller,Empresarial,Carnet,86468619,64,Masculino
128,Jackson,Castro,Corporativo,Carnet,27825224,48,Masculino
129,David,Li,Corporativo,Pasaporte,78994214,38,Masculino
130,Jason,Harris,Corporativo,Pasaporte,22596172,24,Masculino
131,Lauren,Green,Empresarial,Carnet,11983287,61,Femenino
132,Sharon,Graves,Residencial,Pasaporte,77383390,46,Femenino
133,Andrew,King,Empresarial,Pasaporte,63029032,41,Masculino
134,Ronald,Green,Corporativo,Pasaporte,38628980,55,Masculino
135,Craig,Walls,Residencial,Pasaporte,35953124,62,Masculino
136,Jordan,Lutz,Empresarial,Carnet,33918898,34,Masculino
137,Jeffrey,Moore,Corporativo,DNI,28405034,60,Femenino
138,Deborah,Mccullough,Corporativo,DNI,54108337,49,Masculino
139,Michael,Tran,Empresarial,Pasaporte,91891543,69,Femenino
140,Henry,Johnson,Residencial,Carnet,1207086,67,Femenino
141,William,Richards,Residencial,DNI,85410683,32,Femenino
142,Benjamin,May,Residencial,DNI,6918938,77,Femenino
143,Craig,Johnson,Corporativo,Pasaporte,70258861,28,Masculino
144,Vanessa,Todd,Empresarial,Pasaporte,9417204,53,Femenino
145,James,Meyers,Residencial,Carnet,1376319,53,Masculino
146,Michael,Jones,Corporativo,Pasaporte,85829417,70,Masculino
147,Jessica,Wong,Residencial,DNI,38206016,75,Masculino
148,Mary,Bryant,Empresarial,Pasaporte,20737447,22,Masculino
149,Samantha,Allen,Residencial,Pasaporte,18904502,67,Femenino
150,Gary,Ellis,Empresarial,Pasaporte,68089024,72,Femenino
151,Emily,Moore,Empresarial,Pasaporte,18063366,50,Masculino
152,Tammy,Cook,Residencial,DNI,15370214,76,Femenino
153,Brian,Rios,Residencial,DNI,44589734,74,Masculino
154,Erica,Alvarez,Residencial,DNI,862327,28,Femenino
155,Megan,Peters,Corporativo,DNI,99367462,19,Masculino
156,Matthew,Stephens,Residencial,DNI,43395264,70,Masculino
157,John,Hoover,Residencial,DNI,19509989,59,Femenino
158,Candice,Cooper,Corporativo,Pasaporte,44327414,72,Masculino
159,Scott,Hess,Corporativo,DNI,77626267,28,Femenino
160,Gregory,Miller,Corporativo,Pasaporte,8398539,74,Masculino
161,Thomas,Patterson,Corporativo,Carnet,11561052,51,Masculino
162,Robert,Gomez,Corporativo,DNI,50065470,44,Masculino
163,Ashley,Hayes,Residencial,Pasaporte,27797267,56,Femenino
164,William,Bass,Residencial,Carnet,34073685,60,Masculino
165,Larry,Hunt,Residencial,Pasaporte,60540726,31,Masculino
166,Michael,Archer,Corporativo,DNI,44535101,46,Masculino
167,Mary,Hensley,Residencial,DNI,91576162,63,Femenino
168,John,Wilson,Corporativo,DNI,65120055,61,Femenino
169,Ann,Stewart,Corporativo,Pasaporte,63152307,43,Femenino
170,Alexander,Johnson,Residencial,DNI,71900765,34,Masculino
171,Judith,Gross,Empresarial,DNI,70658400,19,Masculino
172,Matthew,Smith,Residencial,Pasaporte,11322266,55,Femenino
173,Brandon,Blackwell,Empresarial,Pasaporte,10854291,26,Masculino
174,Juan,Lee,Residencial,Pasaporte,42349466,76,Femenino
175,John,Gutierrez,Residencial,Pasaporte,58888925,42,Femenino
176,Stephanie,Brown,Corporativo,DNI,51498904,28,Femenino
177,Michael,Collins,Residencial,Carnet,54130600,74,Femenino
178,Keith,Price,Residencial,Pasaporte,72774078,46,Femenino
179,Michael,Williams,Residencial,Carnet,64429254,54,Femenino
180,Stacey,Saunders,Corporativo,Carnet,73991903,21,Masculino
181,Cynthia,Dawson,Residencial,DNI,57159575,76,Femenino
182,Christine,Howard,Empresarial,Carnet,69612161,42,Masculino
183,Jennifer,Conley,Residencial,Pasaporte,9935813,77,Masculino
184,Paul,Jones,Corporativo,Pasaporte,29437247,69,Femenino
185,Robert,Brown,Residencial,Carnet,19290202,23,Femenino
186,Debra,Kelly,Corporativo,Carnet,86474607,59,Femenino
187,Aaron,Winters,Residencial,Pasaporte,53634909,55,Femenino
188,James,Avila,Corporativo,Carnet,68644397,43,Masculino
189,Matthew,Chambers,Empresarial,Carnet,42062638,39,Femenino
190,John,Hart,Corporativo,Pasaporte,19889693,32,Masculino
191,Dana,Lara,Residencial,Pasaporte,9457921,50,Masculino
192,Nicholas,Gutierrez,Empresarial,DNI,19216415,73,Masculino
193,Nancy,Johnson,Residencial,DNI,20923765,47,Masculino
194,Ashley,Lang,Residencial,DNI,4623347,20,Femenino
195,Robert,Lee,Residencial,Carnet,51545935,48,Femenino
196,Richard,Hughes,Corporativo,Carnet,86508204,57,Masculino
197,Jacqueline,Howard,Empresarial,DNI,75860721,24,Femenino
198,Robert,Martinez,Empresarial,DNI,15553047,35,Femenino
199,Eileen,Bell,Empresarial,Carnet,89155097,71,Femenino
200,Brandon,Thompson,Residencial,Pasaporte,9142111,50,Masculino
201,Sean,Gilbert,Residencial,DNI,70378316,49,Femenino
202,Jonathon,Valdez,Corporativo,DNI,35918263,53,Masculino
203,Eric,Smith,Empresarial,Pasaporte,75872028,59,Masculino
204,Allison,Bryant,Residencial,Carnet,40628770,43,Masculino
205,Tony,Spencer,Corporativo,Carnet,47275967,48,Masculino
206,Anna,Savage,Residencial,DNI,89334904,34,Masculino
207,Karla,Crawford,Corporativo,Carnet,97557530,29,Masculino
208,Nicole,Miller,Empresarial,Carnet,64016689,32,Femenino
209,Troy,Williams,Residencial,Carnet,53972357,52,Femenino
210,Larry,Atkins,Empresarial,Pasaporte,79386415,41,Femenino
211,Steven,Gibbs,Empresarial,DNI,42839387,28,Masculino
212,Lisa,Garrison,Corporativo,DNI,99848866,37,Femenino
213,Nancy,Baker,Empresarial,Pasaporte,89882191,72,Masculino
214,Lisa,Wong,Corporativo,Carnet,83528844,56,Masculino
215,Jacob,Davis,Residencial,Pasaporte,62645897,71,Femenino
216,Yvonne,Serrano,Corporativo,DNI,68774643,76,Masculino
217,Cynthia,Cook,Corporativo,Carnet,46334903,27,Masculino
218,Christopher,Friedman,Residencial,Carnet,31178194,47,Masculino
219,Jessica,Ruiz,Residencial,Pasaporte,67400993,22,Femenino
220,Valerie,Johnson,Corporativo,DNI,5045704,79,Masculino
221,Richard,Stout,Residencial,Carnet,97335150,22,Masculino
222,Erika,Garrett,Residencial,Carnet,51523002,48,Femenino
223,Leslie,Mitchell,Empresarial,Carnet,49121782,43,Masculino
224,Jason,Johnson,Corporativo,Carnet,45937880,54,Femenino
225,Jennifer,Bennett,Empresarial,Carnet,68762747,78,Femenino
226,Aaron,Moore,Residencial,Pasaporte,925436,44,Femenino
227,Mackenzie,Kelley,Corporativo,DNI,33523499,53,Masculino
228,Allison,Thomas,Empresarial,Carnet,77089834,23,Femenino
229,Connor,Thompson,Corporativo,DNI,10327648,34,Masculino
230,David,Mccall,Residencial,DNI,63792834,48,Masculino
231,Debra,Bowman,Residencial,Carnet,14891691,32,Masculino
232,Morgan,Sanchez,Empresarial,Pasaporte,49390833,70,Masculino
233,Joshua,Koch,Corporativo,Carnet,58412907,25,Masculino
234,Tiffany,Weber,Empresarial,Pasaporte,83081084,36,Femenino
235,Craig,Dougherty,Corporativo,DNI,32734965,27,Femenino
236,Melissa,Webb,Corporativo,Pasaporte,73249111,41,Femenino
237,Randy,Barron,Empresarial,Carnet,3260116,69,Femenino
238,Christopher,Gregory,Corporativo,Pasaporte,69616348,24,Masculino
239,Joshua,Williams,Empresarial,Pasaporte,68156894,26,Femenino
240,Shawn,Allen,Empresarial,Carnet,14985534,60,Masculino
241,Laura,Campbell,Corporativo,DNI,5403509,73,Masculino
242,Michelle,Jackson,Empresarial,DNI,76491353,21,Masculino
243,Dennis,Allen,Residencial,DNI,48143388,70,Masculino
244,Abigail,Perez,Corporativo,Carnet,5334965,60,Femenino
245,Debra,Johns,Corporativo,Carnet,49091040,26,Masculino
246,Michael,Ford,Residencial,Pasaporte,24134703,55,Masculino
247,Monica,Walter,Empresarial,Pasaporte,45756282,53,Masculino
248,Joshua,Taylor,Corporativo,Carnet,36139651,30,Masculino
249,Andrew,Cunningham,Residencial,Carnet,65235877,18,Femenino
250,Billy,Smith,Empresarial,DNI,64846082,20,Masculino
251,Erin,Conrad,Corporativo,DNI,56249169,73,Femenino
252,Angela,Smith,Residencial,Pasaporte,174962,43,Masculino
253,Stacey,Price,Corporativo,DNI,86959075,53,Femenino
254,Sheena,Solis,Empresarial,DNI,31696606,62,Masculino
255,Renee,Cooke,Residencial,Carnet,87825473,66,Masculino
256,Bobby,Smith,Residencial,DNI,87843046,56,Femenino
257,Kara,Holloway,Empresarial,DNI,64077584,49,Masculino
258,Jacqueline,Hicks,Empresarial,DNI,99703187,63,Femenino
259,Diana,Johnson,Corporativo,Pasaporte,97343876,62,Femenino
260,Jennifer,Waters,Empresarial,Carnet,46205817,24,Femenino
261,Raven,Rodriguez,Corporativo,Carnet,91726741,77,Femenino
262,Danielle,Carr,Empresarial,DNI,97393980,48,Femenino
263,Nathan,Osborne,Corporativo,DNI,21570954,53,Masculino
264,Amanda,Nunez,Corporativo,Carnet,5864343,40,Masculino
265,Jared,James,Corporativo,DNI,99157190,73,Femenino
266,Brenda,Johnson,Residencial,DNI,64456315,67,Femenino
267,Alan,Graham,Corporativo,Pasaporte,70587639,39,Femenino
268,Edward,Mcintyre,Empresarial,Pasaporte,88382302,73,Femenino
269,Mathew,Cook,Empresarial,Carnet,22131233,24,Femenino
270,Kristine,Wright,Corporativo,Carnet,51710055,61,Femenino
271,Jennifer,Taylor,Empresarial,DNI,93327402,18,Masculino
272,Matthew,Dixon,Corporativo,Carnet,38625657,33,Masculino
273,Christine,Ferguson,Residencial,Pasaporte,91932444,32,Masculino
274,Blake,Jones,Residencial,DNI,77882006,49,Femenino
275,Frank,Russell,Corporativo,Carnet,64920546,71,Femenino
276,Tina,Hopkins,Residencial,DNI,28592239,80,Masculino
277,Keith,Church,Corporativo,Carnet,3663487,37,Masculino
278,Ralph,Reynolds,Empresarial,Carnet,94917435,35,Masculino
279,Amy,Graham,Residencial,Pasaporte,60966844,32,Masculino
280,Kelly,Ruiz,Residencial,Pasaporte,83628005,18,Masculino
281,Timothy,Walker,Residencial,Pasaporte,80500976,49,Femenino
282,John,Foster,Corporativo,Pasaporte,90043882,40,Masculino
283,Brandon,Brewer,Empresarial,DNI,23274204,78,Masculino
284,Hayden,Sanders,Empresarial,DNI,82083648,79,Femenino
285,Alexandra,Perkins,Corporativo,Carnet,59281294,50,Femenino
286,Chad,Houston,Corporativo,Carnet,42311871,77,Femenino
287,Richard,Bolton,Corporativo,DNI,77630353,39,Femenino
288,Mark,Dyer,Empresarial,Carnet,43991364,23,Femenino
289,Robert,Watson,Residencial,Pasaporte,57705457,22,Femenino
290,Cory,Johnson,Empresarial,Carnet,76219539,37,Femenino
291,Regina,Carr,Corporativo,Pasaporte,84356588,54,Femenino
292,Thomas,Wells,Corporativo,Carnet,19339017,45,Masculino
293,Mary,Young,Empresarial,Pasaporte,68773301,32,Masculino
294,Theresa,Williams,Corporativo,Carnet,57650965,65,Femenino
295,Matthew,Morris,Corporativo,DNI,52538373,41,Femenino
296,Timothy,Yates,Residencial,Pasaporte,31840229,79,Femenino
297,Holly,Maynard,Residencial,DNI,49477224,42,Masculino
298,Ronald,Rodriguez,Empresarial,Carnet,51134581,73,Masculino
299,Kevin,Rich,Residencial,Pasaporte,39623494,66,Masculino
300,Jessica,Williams,Empresarial,Carnet,32295217,27,Femenino
301,Patricia,Reeves,Corporativo,DNI,28369597,32,Masculino
302,Samantha,Johnson,Residencial,Pasaporte,34214441,36,Femenino
303,Courtney,Fisher,Empresarial,Pasaporte,32453543,77,Femenino
304,Nicholas,Berg,Corporativo,Pasaporte,72002605,30,Masculino
305,Terri,Long,Empresarial,DNI,78806510,65,Masculino
306,Danielle,Middleton,Corporativo,DNI,49937705,67,Masculino
307,Cameron,Reeves,Corporativo,DNI,61140879,48,Masculino
308,Christopher,Munoz,Residencial,Pasaporte,31966207,60,Femenino
309,Kara,Martin,Residencial,Carnet,80440114,74,Masculino
310,Bruce,Peterson,Empresarial,Carnet,45329204,68,Femenino
311,Alan,Jenkins,Empresarial,DNI,83749468,40,Masculino
312,Phillip,Lawrence,Empresarial,Pasaporte,84978596,36,Femenino
313,April,Ferrell,Empresarial,Pasaporte,19658016,42,Femenino
314,Shane,Campbell,Residencial,Carnet,43225362,57,Femenino
315,Tracy,Gordon,Empresarial,Carnet,32692076,26,Femenino
316,Brenda,Mahoney,Residencial,Carnet,19317701,71,Femenino
317,Erin,Reed,Corporativo,Carnet,34453794,67,Masculino
318,Rodney,Fuller,Corporativo,DNI,73872350,25,Masculino
319,Micheal,Miranda,Residencial,Pasaporte,23216380,43,Femenino
320,Vanessa,Mccoy,Corporativo,Pasaporte,72010900,40,Femenino
321,Jose,Molina,Residencial,Carnet,94576989,50,Masculino
322,Kimberly,Gonzalez,Residencial,DNI,95357808,73,Masculino
323,Ryan,Bernard,Empresarial,Pasaporte,80053670,48,Femenino
324,Michael,Thompson,Corporativo,DNI,15400175,32,Masculino
325,Caleb,Silva,Empresarial,Pasaporte,59980832,59,Femenino
326,Michelle,Phillips,Empresarial,Carnet,64400764,63,Femenino
327,Jacqueline,Walters,Residencial,Carnet,27489745,41,Femenino
328,Rebecca,Carter,Residencial,DNI,92855702,58,Masculino
329,Shannon,Reynolds,Residencial,Carnet,24363422,76,Masculino
330,Erica,Fleming,Corporativo,Carnet,80574158,40,Femenino
331,David,Adams,Residencial,DNI,48041581,45,Masculino
332,Raymond,Luna,Corporativo,Pasaporte,81232988,35,Femenino
333,Jared,Reed,Corporativo,DNI,33430103,40,Femenino
334,Bobby,Anderson,Corporativo,Pasaporte,95282732,80,Femenino
335,Stacy,Austin,Residencial,Carnet,11917949,43,Femenino
336,Jason,Martin,Residencial,DNI,72587381,67,Masculino
337,Dustin,Jordan,Residencial,DNI,66670403,67,Femenino
338,James,Ross,Corporativo,DNI,28224568,63,Femenino
339,Nicholas,Jones,Corporativo,DNI,39425508,36,Masculino
340,Amy,Page,Residencial,DNI,52302481,73,Femenino
341,Edward,Becker,Empresarial,DNI,36699419,24,Femenino
342,Vanessa,Strickland,Empresarial,Carnet,68685357,48,Femenino
343,Tonya,Gardner,Corporativo,Pasaporte,27116606,75,Masculino
344,Eddie,Spencer,Residencial,DNI,47506181,36,Masculino
345,Richard,Jackson,Residencial,DNI,54588082,25,Femenino
346,Erin,Clark,Empresarial,Pasaporte,42322162,46,Masculino
347,Natalie,Perez,Empresarial,Carnet,98095687,27,Femenino
348,Tyler,Fox,Corporativo,Pasaporte,2783275,40,Femenino
349,Sally,Fuentes,Residencial,DNI,5815287,77,Masculino
350,Marcus,Kelly,Residencial,DNI,25781921,33,Femenino
351,Vernon,Macias,Empresarial,Pasaporte,26441012,65,Masculino
352,Victor,Fitzgerald,Empresarial,Pasaporte,81056437,29,Femenino
353,Elizabeth,Moran,Residencial,DNI,21951931,77,Masculino
354,James,Rogers,Empresarial,Pasaporte,74788636,79,Masculino
355,Chelsea,Wilson,Residencial,Pasaporte,61516527,39,Femenino
356,Jeffery,Estes,Corporativo,DNI,10862987,49,Masculino
357,Matthew,Bond,Corporativo,Carnet,33669119,32,Masculino
358,Sydney,Ortiz,Corporativo,Pasaporte,67306661,25,Femenino
359,Rachel,Boyer,Corporativo,Carnet,38623277,61,Femenino
360,Lisa,Nolan,Empresarial,Carnet,92426545,42,Masculino
361,Austin,Peterson,Residencial,Pasaporte,65289005,80,Masculino
362,Eddie,Mason,Residencial,Pasaporte,56341640,42,Femenino
363,Jonathan,Rivera,Empresarial,DNI,42168702,47,Masculino
364,Kristen,Neal,Residencial,Pasaporte,90424376,50,Masculino
365,Megan,Barr,Residencial,Pasaporte,99687913,47,Femenino
366,Brandi,Rollins,Residencial,Carnet,93955933,80,Masculino
367,Jennifer,Manning,Residencial,Carnet,93559239,77,Femenino
368,Lindsay,Torres,Corporativo,Carnet,51723246,80,Femenino
369,Carl,Gilmore,Empresarial,Carnet,7308494,54,Femenino
370,Christopher,Riddle,Corporativo,Carnet,15439623,71,Masculino
371,Misty,Reed,Empresarial,Pasaporte,7881345,57,Femenino
372,Benjamin,Fry,Empresarial,DNI,44915222,32,Femenino
373,Jeffrey,Hunt,Corporativo,Carnet,21436304,61,Femenino
374,Billy,Oconnell,Residencial,DNI,35718961,43,Masculino
375,Alexis,Forbes,Corporativo,Pasaporte,82542349,50,Masculino
376,Megan,Hess,Corporativo,Pasaporte,96663926,37,Masculino
377,Mark,Vega,Corporativo,DNI,74998283,49,Masculino
378,Eugene,Moore,Corporativo,DNI,58803925,32,Masculino
379,Eduardo,Smith,Empresarial,Carnet,41457030,38,Femenino
380,Diana,Larson,Corporativo,DNI,73545493,51,Masculino
381,Tanya,Bush,Corporativo,Carnet,55682557,61,Femenino
382,William,Walls,Empresarial,Carnet,64654693,18,Femenino
383,Rachel,Holmes,Corporativo,Carnet,50328416,23,Femenino
384,Wayne,Terry,Empresarial,Carnet,29579278,48,Femenino
385,Audrey,Holland,Empresarial,Carnet,90784224,38,Femenino
386,Erika,Harris,Corporativo,DNI,12035146,43,Femenino
387,Linda,Newman,Residencial,DNI,97467470,75,Masculino
388,Katherine,Holden,Residencial,Pasaporte,10761222,78,Masculino
389,Vicki,Rodriguez,Empresarial,DNI,84308698,32,Masculino
390,Julie,Barker,Corporativo,DNI,12246946,70,Femenino
391,Rebecca,Mendez,Empresarial,DNI,67931743,79,Masculino
392,Jamie,Bennett,Residencial,DNI,2352811,45,Femenino
393,Amanda,Leon,Residencial,DNI,88598416,80,Femenino
394,Carmen,Smith,Residencial,Carnet,78185039,21,Femenino
395,Margaret,Stafford,Empresarial,Carnet,68862894,54,Femenino
396,Timothy,Roth,Empresarial,Carnet,44416826,67,Femenino
397,Kylie,Castillo,Empresarial,DNI,98371890,20,Femenino
398,Paul,Rodriguez,Empresarial,Carnet,80077155,44,Masculino
399,Brenda,Chavez,Corporativo,DNI,12853438,23,Masculino
400,Melissa,Silva,Residencial,Pasaporte,75633384,34,Masculino
401,Lauren,King,Empresarial,Carnet,31531237,30,Masculino
402,Diane,Tucker,Corporativo,DNI,2710786,64,Masculino
403,Aaron,Rowe,Residencial,Carnet,5536416,38,Femenino
404,Hunter,Livingston,Residencial,Carnet,12814473,29,Masculino
405,William,Hoffman,Empresarial,Pasaporte,97994444,25,Masculino
406,Jonathan,Wilcox,Residencial,Carnet,41887905,29,Masculino
407,Cameron,Miller,Residencial,DNI,12278024,69,Masculino
408,Michelle,Gates,Corporativo,Carnet,78932602,62,Masculino
409,Sherri,Mccall,Empresarial,Carnet,52532223,41,Femenino
410,Kevin,Jackson,Empresarial,DNI,95265604,19,Masculino
411,Ricky,Carey,Empresarial,Pasaporte,17232623,32,Femenino
412,Lisa,Atkinson,Corporativo,Pasaporte,77278276,78,Masculino
413,Bryan,Johns,Residencial,Carnet,82022671,20,Masculino
414,Danielle,Holmes,Empresarial,Carnet,71298849,18,Femenino
415,David,Franklin,Residencial,Pasaporte,26553127,42,Femenino
416,Justin,Clark,Empresarial,DNI,37275401,52,Masculino
417,Maria,Erickson,Corporativo,Carnet,39659183,18,Masculino
418,Brian,Sullivan,Residencial,DNI,21306524,26,Masculino
419,Barry,Smith,Residencial,Pasaporte,24656296,25,Masculino
420,Robert,Taylor,Empresarial,DNI,79238652,70,Masculino
421,Travis,Price,Residencial,Pasaporte,30335328,56,Masculino
422,Michelle,Mcclure,Corporativo,Pasaporte,18375029,56,Femenino
423,Jennifer,Cunningham,Corporativo,Carnet,17461383,77,Femenino
424,Emily,Hendricks,Residencial,DNI,30643507,76,Femenino
425,Edward,Noble,Empresarial,Pasaporte,34611964,30,Masculino
426,Valerie,Miller,Empresarial,DNI,66572916,23,Femenino
427,Robert,Chapman,Empresarial,Carnet,40733617,65,Masculino
428,Cheryl,Cook,Empresarial,Pasaporte,19497629,47,Masculino
429,Paul,Hunter,Empresarial,DNI,98572417,30,Masculino
430,Brandon,Gibson,Residencial,Carnet,82706377,72,Femenino
431,Thomas,Castillo,Residencial,Pasaporte,36414747,18,Masculino
432,Edward,Garcia,Corporativo,Pasaporte,27438991,51,Masculino
433,Antonio,Whitaker,Empresarial,Pasaporte,10527717,75,Masculino
434,Christina,Henry,Empresarial,Pasaporte,18300786,57,Femenino
435,Crystal,Newman,Empresarial,Pasaporte,89099003,72,Femenino
436,Daniel,Kennedy,Empresarial,DNI,54620672,44,Masculino
437,Andrea,White,Residencial,Pasaporte,24427235,22,Femenino
438,Michael,Weaver,Empresarial,Carnet,26692539,52,Masculino
439,Patrick,Moore,Residencial,Pasaporte,79025832,29,Femenino
440,Kimberly,Phelps,Corporativo,Carnet,2307947,77,Masculino
441,Tracy,Decker,Empresarial,Pasaporte,47170643,32,Masculino
442,Nicole,Thomas,Empresarial,DNI,72185264,32,Masculino
443,Chelsea,Jones,Residencial,Carnet,88381105,77,Masculino
444,Tanner,Jones,Empresarial,Carnet,64389939,44,Masculino
445,Cynthia,Long,Empresarial,Carnet,91013456,42,Femenino
446,Matthew,Benton,Corporativo,Pasaporte,16937792,48,Masculino
447,David,Hawkins,Corporativo,Carnet,99495212,69,Masculino
448,Felicia,Baker,Residencial,DNI,36353131,18,Femenino
449,Christy,Hall,Residencial,Pasaporte,10947230,45,Masculino
450,Kristina,Rodriguez,Corporativo,Pasaporte,96668094,31,Femenino
451,David,Thomas,Corporativo,Carnet,93873683,42,Masculino
452,Rhonda,Cain,Empresarial,DNI,82939663,80,Masculino
453,Lauren,Taylor,Corporativo,Pasaporte,92778844,66,Femenino
454,Sabrina,Shields,Residencial,Pasaporte,37482816,20,Femenino
455,Monique,Morrow,Residencial,Pasaporte,80413414,57,Femenino
456,Erin,Taylor,Residencial,DNI,98849793,79,Masculino
457,Lisa,Hansen,Residencial,DNI,29604927,35,Femenino
458,April,Smith,Corporativo,Pasaporte,546335,19,Masculino
459,Kristen,Atkins,Residencial,Carnet,19250849,55,Masculino
460,Jaime,Grant,Residencial,DNI,27800791,40,Femenino
461,Kimberly,Campos,Empresarial,Pasaporte,99366040,63,Femenino
462,Sean,Henry,Residencial,Carnet,77508377,41,Femenino
463,Katherine,Vaughn,Residencial,Carnet,90657197,70,Femenino
464,Stanley,Velazquez,Empresarial,Carnet,452933,39,Femenino
465,Kristine,Hansen,Corporativo,Carnet,56129512,61,Masculino
466,Charles,Baxter,Corporativo,Pasaporte,17066660,47,Femenino
467,Bradley,Cooper,Empresarial,Carnet,19525198,59,Femenino
468,Sarah,Davis,Empresarial,DNI,65091129,26,Masculino
469,Todd,Smith,Empresarial,Carnet,72283089,56,Masculino
470,Rachel,Perez,Corporativo,Carnet,5511553,51,Femenino
471,Shirley,Roberson,Corporativo,Pasaporte,67554578,23,Masculino
472,Elizabeth,Collins,Corporativo,Pasaporte,42781415,34,Masculino
473,Ashley,Walker,Residencial,Pasaporte,29526335,78,Masculino
474,Jason,Simpson,Empresarial,DNI,89900327,24,Femenino
475,Clayton,Arroyo,Residencial,DNI,23408518,63,Masculino
476,Lori,Hicks,Empresarial,Carnet,61287267,24,Femenino
477,Pamela,Peterson,Residencial,Pasaporte,42494090,35,Femenino
478,Kimberly,Jones,Empresarial,DNI,89142490,19,Masculino
479,Holly,Berry,Corporativo,Carnet,59403309,62,Masculino
480,Robert,Perez,Residencial,Carnet,31063707,27,Masculino
481,Kevin,Richardson,Empresarial,Carnet,87128622,57,Femenino
482,Daniel,James,Residencial,Carnet,85542106,67,Femenino
483,Ronald,Chang,Empresarial,Carnet,98515568,60,Femenino
484,Ashlee,Hall,Residencial,Pasaporte,36955735,26,Femenino
485,Sandra,Boyle,Residencial,DNI,90634625,42,Masculino
486,Shari,Newton,Corporativo,DNI,94958035,31,Femenino
487,Robert,Castillo,Residencial,Pasaporte,25332987,54,Femenino
488,Cory,Gilmore,Corporativo,Carnet,13473196,80,Femenino
489,Kim,Howard,Empresarial,DNI,46949458,60,Masculino
490,Jessica,Cruz,Corporativo,Carnet,65785951,38,Masculino
491,Anthony,Anderson,Residencial,DNI,36528299,30,Masculino
492,Sean,Osborne,Residencial,Carnet,47328568,44,Femenino
493,Gina,Morales,Empresarial,DNI,72295886,50,Femenino
494,Anthony,Mason,Empresarial,Pasaporte,79004913,50,Femenino
495,Samantha,Ruiz,Empresarial,Pasaporte,37946542,25,Masculino
496,Suzanne,Douglas,Residencial,Pasaporte,29242362,53,Femenino
497,Jennifer,Brooks,Corporativo,Carnet,38351184,24,Masculino
498,Christian,Moon,Residencial,Pasaporte,74137939,62,Femenino
499,Chad,Reynolds,Residencial,Pasaporte,52675868,76,Masculino
500,Michael,Howard,Corporativo,Pasaporte,8788125,48,Masculino
501,Anthony,Morales,Residencial,Pasaporte,23515048,25,Femenino
502,Michael,Miranda,Residencial,Carnet,50407772,50,Masculino
503,Alejandro,Kaiser,Residencial,Pasaporte,15273331,75,Femenino
504,Terri,Delacruz,Empresarial,DNI,79188022,46,Masculino
505,Lori,Castillo,Empresarial,DNI,87469913,48,Masculino
506,Chad,Carter,Empresarial,DNI,12778351,29,Masculino
507,Patricia,Griffin,Corporativo,Carnet,69378213,47,Masculino
508,Jared,Cooper,Residencial,DNI,18586386,53,Masculino
509,Jamie,Sanchez,Residencial,Pasaporte,96060485,39,Masculino
510,Emily,Lopez,Corporativo,DNI,61849604,26,Femenino
511,Shawna,Blanchard,Empresarial,Pasaporte,19351576,44,Femenino
512,David,Porter,Residencial,DNI,56714373,34,Masculino
513,Adrian,Rodriguez,Corporativo,Carnet,35111049,42,Masculino
514,Mike,Reyes,Empresarial,Pasaporte,98456503,23,Masculino
515,Angel,Price,Corporativo,Carnet,71961816,54,Masculino
516,Cassidy,Palmer,Corporativo,Carnet,26183434,50,Femenino
517,Michele,Whitney,Empresarial,Pasaporte,23842719,39,Masculino
518,Jacob,Bray,Corporativo,Carnet,99195603,70,Masculino
519,Daniel,Knight,Empresarial,Carnet,9184967,70,Masculino
520,Maxwell,Montgomery,Corporativo,DNI,35575825,73,Masculino
521,Susan,Lowe,Empresarial,DNI,59122080,32,Masculino
522,David,Shaw,Empresarial,Carnet,43896113,47,Femenino
523,Tammy,Tucker,Empresarial,Pasaporte,50488350,33,Femenino
524,Michael,Edwards,Corporativo,Pasaporte,68702492,40,Femenino
525,Thomas,Sutton,Corporativo,DNI,6880389,48,Femenino
526,Kelly,Davis,Residencial,Carnet,46214295,67,Masculino
527,Sharon,Stewart,Corporativo,DNI,52347548,77,Femenino
528,Susan,Macdonald,Corporativo,DNI,98731223,44,Femenino
529,Cynthia,Perez,Residencial,Carnet,96896121,19,Masculino
530,Jack,Ponce,Residencial,Carnet,51533817,46,Masculino
531,Victoria,Joyce,Empresarial,DNI,73763072,64,Masculino
532,Curtis,Johnston,Corporativo,Carnet,16893511,74,Femenino
533,Beverly,Williams,Corporativo,DNI,95273725,18,Masculino
534,Eric,Davis,Empresarial,Carnet,95623103,53,Masculino
535,Rachael,Gonzalez,Empresarial,Carnet,72623273,43,Masculino
536,Sonya,Murphy,Residencial,Carnet,76401020,79,Masculino
537,Linda,Wilson,Corporativo,Carnet,20393750,66,Masculino
538,Leslie,Robles,Residencial,Pasaporte,88055320,67,Femenino
539,John,Diaz,Empresarial,Pasaporte,4668730,46,Femenino
540,Kari,Hall,Corporativo,Pasaporte,40989027,32,Masculino
541,Kelly,Williams,Residencial,Pasaporte,82772097,45,Femenino
542,Robert,Reyes,Empresarial,Pasaporte,59548767,33,Femenino
543,Brandon,Smith,Corporativo,DNI,69289626,34,Femenino
544,David,Wilson,Empresarial,Pasaporte,77236299,48,Femenino
545,Andrew,Jacobs,Corporativo,Carnet,55815947,48,Femenino
546,Christian,Donovan,Corporativo,Pasaporte,28203783,27,Masculino
547,Charles,Gonzalez,Empresarial,Pasaporte,62909438,32,Masculino
548,Robert,Figueroa,Residencial,Carnet,27306150,46,Femenino
549,Andrea,Gonzalez,Residencial,Carnet,52536336,36,Femenino
550,Joyce,Smith,Corporativo,Carnet,11774297,41,Masculino
551,Douglas,Mosley,Residencial,Pasaporte,13095587,59,Masculino
552,Robert,Mathis,Residencial,Pasaporte,71847437,49,Masculino
553,Dana,Jones,Residencial,DNI,53970875,56,Femenino
554,Christopher,Thompson,Residencial,Carnet,16321443,77,Masculino
555,Sean,Young,Residencial,Pasaporte,68010613,77,Masculino
556,Mike,Hebert,Empresarial,DNI,90394112,27,Femenino
557,Stacy,Reyes,Residencial,DNI,62621268,80,Femenino
558,Brian,Aguirre,Empresarial,Carnet,87704191,71,Masculino
559,Ricky,Graham,Empresarial,DNI,22539054,51,Femenino
560,Robert,James,Residencial,Carnet,4332765,61,Masculino
561,Jessica,Cannon,Residencial,Carnet,27046442,23,Masculino
562,Malik,Gilbert,Corporativo,Carnet,31274027,30,Femenino
563,James,Adams,Empresarial,Pasaporte,32307700,37,Femenino
564,Kelly,Aguilar,Empresarial,Pasaporte,12769116,77,Masculino
565,Thomas,Padilla,Corporativo,Pasaporte,80330668,51,Femenino
566,Stephanie,Wilcox,Empresarial,DNI,50731878,58,Masculino
567,Laura,Byrd,Corporativo,Carnet,54558511,61,Masculino
568,Joshua,Davidson,Corporativo,Pasaporte,9349974,25,Femenino
569,Angela,Carlson,Residencial,Carnet,73546908,78,Femenino
570,Haley,Davis,Corporativo,Carnet,28537318,21,Femenino
571,Laura,Landry,Residencial,DNI,70549706,27,Femenino
572,Sean,Espinoza,Corporativo,DNI,26670646,39,Masculino
573,Raymond,Nelson,Corporativo,Pasaporte,29325753,20,Masculino
574,Katrina,Schwartz,Corporativo,Carnet,66006437,39,Femenino
575,Ryan,Oliver,Residencial,DNI,12194654,73,Masculino
576,John,Hopkins,Corporativo,Carnet,25697992,57,Femenino
577,Shawn,Gray,Empresarial,DNI,13373318,69,Masculino
578,Sharon,Berry,Residencial,Carnet,68881024,28,Masculino
579,Douglas,Keller,Empresarial,Pasaporte,17478506,67,Femenino
580,Steven,Harris,Corporativo,Carnet,81039938,75,Femenino
581,Dana,Romero,Corporativo,Carnet,26213844,47,Masculino
582,Timothy,Martinez,Empresarial,Pasaporte,73851548,42,Masculino
583,James,Garcia,Empresarial,DNI,77420324,61,Femenino
584,Aaron,Bartlett,Empresarial,Carnet,69765663,30,Femenino
585,Holly,Martinez,Corporativo,Carnet,85769616,44,Masculino
586,Christine,Barry,Corporativo,DNI,83351557,49,Masculino
587,Alan,Harrison,Residencial,Carnet,57933270,30,Masculino
588,Kenneth,Gibson,Residencial,DNI,80632254,28,Masculino
589,Kayla,Morgan,Corporativo,Pasaporte,53002256,43,Femenino
590,Cristina,Butler,Residencial,DNI,86037225,21,Femenino
591,Amy,Bennett,Corporativo,Pasaporte,35177721,68,Masculino
592,Eric,Cunningham,Residencial,DNI,90282204,78,Masculino
593,Jasmine,Rogers,Empresarial,Carnet,63261985,69,Femenino
594,Thomas,Short,Corporativo,Pasaporte,85906020,67,Femenino
595,Erika,Hall,Corporativo,DNI,84597669,79,Masculino
596,Kathleen,Wright,Empresarial,Carnet,80914851,39,Femenino
597,Jesse,Castillo,Empresarial,Carnet,3875752,74,Masculino
598,Kathleen,Mcconnell,Residencial,Pasaporte,47082526,66,Masculino
599,Joshua,Johnson,Empresarial,Carnet,46355352,61,Femenino
600,Tracey,Cummings,Empresarial,Carnet,27636455,71,Masculino
601,David,Smith,Empresarial,DNI,94228290,51,Masculino
602,Nicole,Sullivan,Empresarial,DNI,86502544,30,Masculino
603,Billy,Duran,Empresarial,DNI,4652619,64,Masculino
604,Jonathan,Griffin,Empresarial,Pasaporte,26521043,38,Femenino
605,Alicia,Jordan,Residencial,DNI,59128342,29,Femenino
606,Bonnie,King,Residencial,Pasaporte,28889372,51,Femenino
607,Randy,Alvarez,Corporativo,Carnet,69517704,77,Femenino
608,Curtis,Perez,Residencial,Pasaporte,91550824,52,Masculino
609,Johnny,Campbell,Residencial,Pasaporte,28459544,63,Masculino
610,Justin,Valdez,Empresarial,Pasaporte,941774,72,Masculino
611,Karina,Greene,Corporativo,Pasaporte,19239924,56,Masculino
612,Regina,Noble,Empresarial,Pasaporte,31756066,55,Femenino
613,Caitlin,Novak,Residencial,Carnet,60900122,45,Masculino
614,Austin,Boyd,Residencial,Pasaporte,63329288,27,Masculino
615,Laura,Miller,Empresarial,DNI,12268660,58,Masculino
616,Kevin,Evans,Empresarial,Pasaporte,81103930,62,Masculino
617,Matthew,Holmes,Residencial,DNI,37052816,57,Masculino
618,Alyssa,Nunez,Empresarial,Pasaporte,87101481,49,Masculino
619,John,Shah,Corporativo,DNI,38925671,75,Masculino
620,Samantha,Moore,Corporativo,Pasaporte,52637892,60,Masculino
621,Frank,Johnson,Residencial,DNI,44163597,54,Masculino
622,Robert,Berg,Corporativo,Pasaporte,99054589,77,Femenino
623,Keith,Trujillo,Corporativo,Pasaporte,96723822,31,Masculino
624,April,Cannon,Residencial,Pasaporte,89158321,56,Femenino
625,Audrey,Mcdonald,Empresarial,Carnet,95901586,46,Femenino
626,Courtney,Byrd,Empresarial,Carnet,39924374,20,Femenino
627,Amanda,Jenkins,Residencial,Carnet,90040703,33,Femenino
628,Robert,Lee,Corporativo,Pasaporte,11902603,49,Masculino
629,Cynthia,Myers,Empresarial,Carnet,82447624,75,Masculino
630,Richard,Cobb,Empresarial,DNI,16708278,56,Masculino
631,Kimberly,Pham,Empresarial,Carnet,66617966,71,Femenino
632,Kristin,Woodward,Residencial,Pasaporte,49736917,38,Masculino
633,Kelly,Barron,Residencial,Pasaporte,82222396,53,Femenino
634,Nathan,Fleming,Empresarial,Carnet,83397714,64,Femenino
635,Courtney,Meyer,Residencial,DNI,87787993,30,Femenino
636,Eric,Ramsey,Residencial,Carnet,11859142,18,Femenino
637,Heidi,White,Residencial,Carnet,30883162,20,Femenino
638,Patrick,Leblanc,Corporativo,Pasaporte,18266493,21,Masculino
639,Brittany,Marquez,Corporativo,Pasaporte,54943060,26,Femenino
640,Donald,Wheeler,Residencial,DNI,32221764,33,Masculino
641,Elizabeth,Hamilton,Corporativo,Pasaporte,2392865,46,Masculino
642,Michael,Schultz,Empresarial,Pasaporte,65084895,73,Masculino
643,Thomas,Williamson,Residencial,Carnet,37971878,61,Masculino
644,Robert,Nolan,Corporativo,DNI,19324260,57,Masculino
645,Thomas,Duncan,Corporativo,DNI,69417398,32,Masculino
646,Heather,Lewis,Corporativo,DNI,85007338,60,Femenino
647,Lucas,Alexander,Empresarial,Carnet,49681759,61,Femenino
648,Denise,Sanchez,Residencial,Pasaporte,99214955,24,Masculino
649,Brian,Stein,Empresarial,Pasaporte,90887688,73,Femenino
650,Kevin,Bridges,Empresarial,DNI,19540593,79,Femenino
651,Julie,Peters,Residencial,DNI,15536397,66,Masculino
652,Brian,Gonzalez,Residencial,DNI,68165984,51,Femenino
653,Christine,Williams,Corporativo,Carnet,43146706,45,Femenino
654,Anthony,Anderson,Corporativo,DNI,42975730,77,Masculino
655,Thomas,Ramos,Empresarial,Carnet,91734377,59,Femenino
656,Pamela,Craig,Corporativo,Carnet,97265375,58,Masculino
657,Alejandro,Walker,Corporativo,Pasaporte,10144782,36,Femenino
658,Alison,Cohen,Empresarial,DNI,48250498,74,Femenino
659,Carl,Atkins,Corporativo,Pasaporte,25718751,61,Masculino
660,Michelle,Todd,Residencial,DNI,26874331,39,Femenino
661,Gina,Coleman,Corporativo,Pasaporte,39620191,49,Femenino
662,Judy,Brewer,Corporativo,Pasaporte,69986442,61,Masculino
663,Elizabeth,Mcneil,Corporativo,DNI,93592287,30,Femenino
664,Adam,Mcclure,Empresarial,Carnet,56887530,28,Masculino
665,Blake,Morgan,Residencial,Pasaporte,87379157,41,Femenino
666,Christine,Jennings,Empresarial,Pasaporte,97396061,53,Masculino
667,Yvonne,Martin,Empresarial,Carnet,99004846,71,Femenino
668,Morgan,Grant,Corporativo,DNI,50847759,40,Femenino
669,Holly,Kelly,Corporativo,Carnet,52983963,63,Masculino
670,Jessica,Kim,Residencial,DNI,4761885,46,Femenino
671,Jeremy,Gonzales,Corporativo,Pasaporte,19156038,43,Femenino
672,Karen,Alvarado,Residencial,Pasaporte,59173432,46,Femenino
673,Keith,Singleton,Residencial,Carnet,10348557,60,Masculino
674,Daniel,Mcdonald,Empresarial,DNI,38627074,38,Masculino
675,Steven,Thomas,Empresarial,DNI,84483299,72,Masculino
676,Mark,Webster,Empresarial,DNI,88746324,47,Femenino
677,Gary,Walton,Residencial,DNI,20812115,22,Masculino
678,Robert,Finley,Empresarial,Pasaporte,70694433,27,Femenino
679,Phyllis,Long,Empresarial,Carnet,25236935,32,Femenino
680,Ryan,Marshall,Corporativo,Carnet,80847846,66,Masculino
681,Seth,Fernandez,Residencial,Carnet,65669932,25,Femenino
682,Jeanne,Mcclain,Residencial,Carnet,46965891,66,Femenino
683,Alexandria,Padilla,Residencial,DNI,20850172,27,Femenino
684,David,Smith,Empresarial,Carnet,78571813,79,Femenino
685,Renee,Clark,Empresarial,Carnet,19945335,77,Masculino
686,Sean,Nash,Residencial,DNI,76856179,43,Femenino
687,Kristina,Richards,Corporativo,Carnet,57631954,78,Femenino
688,Paul,Russo,Corporativo,Carnet,35550784,47,Masculino
689,Lindsay,Jenkins,Corporativo,Carnet,99463673,63,Masculino
690,Perry,Clark,Corporativo,Carnet,28400375,52,Masculino
691,Jeffrey,Smith,Residencial,Carnet,15673174,31,Femenino
692,James,Ferrell,Residencial,Pasaporte,21176464,75,Femenino
693,Shelby,Taylor,Residencial,DNI,18696027,41,Masculino
694,Brenda,Day,Corporativo,Pasaporte,59249624,63,Masculino
695,Brandon,Burns,Corporativo,Carnet,71971241,20,Femenino
696,Paul,James,Corporativo,DNI,56883719,19,Femenino
697,Jim,Medina,Corporativo,DNI,24088561,43,Femenino
698,Christopher,Miller,Empresarial,Carnet,5142407,31,Masculino
699,Jacob,Cordova,Corporativo,DNI,40114765,23,Femenino
700,Brian,Vasquez,Empresarial,Pasaporte,63108725,72,Femenino
701,Danielle,Smith,Residencial,DNI,76893067,44,Masculino
702,Glenn,Barnes,Residencial,Pasaporte,11446490,55,Masculino
703,Cheryl,Todd,Empresarial,Pasaporte,91598002,54,Masculino
704,Cheyenne,Collins,Corporativo,Carnet,49213795,73,Femenino
705,Janet,Mcgee,Empresarial,Carnet,86890780,68,Femenino
706,William,Saunders,Residencial,Pasaporte,13223556,44,Femenino
707,Justin,Allen,Residencial,Pasaporte,13555947,52,Masculino
708,Natalie,Faulkner,Empresarial,Carnet,66340425,31,Femenino
709,Michael,Johnson,Residencial,Pasaporte,32968872,58,Femenino
710,Stephen,Boyer,Residencial,DNI,69850249,18,Femenino
711,Crystal,Hunt,Empresarial,Pasaporte,5734643,79,Femenino
712,Zachary,Hernandez,Residencial,Carnet,4041044,60,Femenino
713,Stephanie,Green,Corporativo,DNI,95380796,26,Masculino
714,Stephanie,Watkins,Residencial,DNI,91749572,51,Masculino
715,Sarah,Ramirez,Empresarial,Carnet,79100576,59,Femenino
716,Sarah,Roberson,Empresarial,Carnet,11578554,76,Masculino
717,Bianca,Robinson,Corporativo,DNI,62498864,49,Masculino
718,Tracy,Cruz,Empresarial,Carnet,34902458,37,Masculino
719,Janet,Hunter,Residencial,Carnet,98935278,42,Femenino
720,Jason,Morgan,Empresarial,DNI,78630588,52,Femenino
721,Joseph,Holloway,Empresarial,Pasaporte,34474606,52,Masculino
722,Bradley,Baker,Corporativo,DNI,94316888,22,Femenino
723,Francisco,Davis,Empresarial,DNI,75496272,23,Masculino
724,Adam,Moore,Residencial,Carnet,50515525,56,Femenino
725,Diamond,Sims,Empresarial,Pasaporte,21806916,80,Masculino
726,Donald,Elliott,Residencial,Carnet,31888726,64,Femenino
727,Kristin,Brown,Residencial,DNI,83926826,49,Masculino
728,Erin,Kaiser,Empresarial,Pasaporte,16370853,66,Femenino
729,Tara,Mendoza,Corporativo,Carnet,91110455,18,Femenino
730,Randy,Flores,Residencial,DNI,78003820,31,Masculino
731,Sandra,Daniel,Empresarial,Carnet,97677516,44,Femenino
732,Shawn,Johnson,Empresarial,Pasaporte,69495743,57,Masculino
733,Matthew,Hamilton,Residencial,Carnet,21455843,66,Masculino
734,Curtis,Beck,Residencial,DNI,66661537,41,Masculino
735,Nicole,Hayden,Residencial,Pasaporte,87266402,37,Masculino
736,Laura,Gill,Empresarial,Carnet,84295132,23,Femenino
737,Marcus,Mcclure,Residencial,DNI,32640593,65,Femenino
738,Stephen,Wilson,Corporativo,Carnet,1766005,19,Femenino
739,Mark,Jordan,Residencial,DNI,30396830,67,Masculino
740,Anthony,Johnson,Residencial,Carnet,19265852,69,Masculino
741,Bradley,Nelson,Residencial,Pasaporte,94887834,33,Femenino
742,Miguel,Cruz,Residencial,DNI,80674455,57,Femenino
743,Jason,Cooper,Corporativo,DNI,90571884,79,Femenino
744,Alice,Brooks,Corporativo,DNI,19361996,73,Masculino
745,Jacob,Pratt,Corporativo,Pasaporte,85473684,19,Femenino
746,James,Lopez,Residencial,Carnet,20716019,55,Femenino
747,Emily,Summers,Corporativo,Pasaporte,79462294,73,Masculino
748,Jill,Weaver,Residencial,Carnet,83297399,79,Masculino
749,Larry,Morgan,Empresarial,Pasaporte,23798466,50,Masculino
750,Michelle,Tran,Empresarial,Pasaporte,9115249,41,Masculino
751,Jonathan,Martin,Corporativo,Pasaporte,14174190,27,Femenino
752,Maurice,Simpson,Residencial,Carnet,37505592,47,Masculino
753,Jennifer,Johnson,Corporativo,Pasaporte,12812414,34,Femenino
754,Bradley,Roy,Residencial,Carnet,36175877,25,Masculino
755,Sarah,Rivera,Residencial,DNI,83612213,55,Femenino
756,Charles,Cooper,Residencial,DNI,62791554,46,Masculino
757,Steven,Carney,Empresarial,Pasaporte,77469864,35,Masculino
758,Jenny,Austin,Residencial,DNI,34624419,74,Femenino
759,Brandon,Butler,Empresarial,DNI,77620505,71,Masculino
760,Lisa,Gibbs,Empresarial,Carnet,56351003,80,Masculino
761,Tiffany,Jones,Corporativo,DNI,5570548,32,Masculino
762,Steven,Duncan,Empresarial,DNI,95059323,42,Masculino
763,David,Meyer,Residencial,Pasaporte,10031644,42,Femenino
764,Christopher,Callahan,Residencial,Carnet,18972892,65,Masculino
765,Corey,Willis,Residencial,DNI,60600572,50,Masculino
766,Kathy,Washington,Empresarial,DNI,7866874,77,Femenino
767,Robert,Meyer,Empresarial,Pasaporte,46578614,39,Femenino
768,Samantha,Casey,Empresarial,Carnet,44675337,32,Masculino
769,Scott,Reed,Empresarial,DNI,34083101,70,Femenino
770,Chris,Grant,Empresarial,Carnet,85530418,55,Masculino
771,Ronald,Zimmerman,Corporativo,Pasaporte,54733154,34,Femenino
772,Kari,Cowan,Corporativo,Pasaporte,52410217,77,Masculino
773,Maria,Steele,Empresarial,DNI,2975941,23,Masculino
774,Benjamin,Hayden,Residencial,Carnet,39793487,20,Masculino
775,Henry,Ross,Corporativo,Carnet,87631588,27,Femenino
776,Tracy,Lynch,Residencial,DNI,32462797,38,Masculino
777,David,Mcgee,Residencial,Pasaporte,28494233,58,Femenino
778,Monica,Bailey,Corporativo,DNI,11965011,55,Masculino
779,Sarah,Adams,Corporativo,Pasaporte,79531242,54,Femenino
780,Luis,Kaufman,Empresarial,DNI,96749147,49,Femenino
781,Ryan,Bailey,Residencial,Pasaporte,19326802,22,Masculino
782,Angela,Cooke,Empresarial,Pasaporte,33266826,79,Femenino
783,Justin,Phelps,Residencial,Carnet,70181056,51,Femenino
784,Amber,Robinson,Residencial,Carnet,28588182,48,Masculino
785,James,Clayton,Residencial,Pasaporte,60797912,45,Femenino
786,Kenneth,Terrell,Empresarial,Carnet,42906501,38,Masculino
787,Scott,Hill,Corporativo,Pasaporte,1433642,42,Femenino
788,Cassandra,Beck,Residencial,Carnet,33618953,64,Masculino
789,Amanda,Hammond,Residencial,Pasaporte,56482992,73,Femenino
790,Jose,Miller,Residencial,Pasaporte,77610158,19,Femenino
791,Jesse,Weiss,Empresarial,DNI,69695473,25,Femenino
792,David,Parker,Empresarial,DNI,73513301,45,Femenino
793,Kristen,Mccarthy,Empresarial,Pasaporte,17336909,56,Femenino
794,Corey,Clements,Corporativo,Pasaporte,95402814,60,Femenino
795,Jessica,Johnson,Residencial,DNI,44545267,77,Femenino
796,John,Carr,Residencial,Pasaporte,96063540,79,Femenino
797,Justin,Carter,Corporativo,DNI,76434633,26,Masculino
798,Jill,Wilson,Residencial,Pasaporte,88017593,66,Masculino
799,Donna,Joseph,Empresarial,DNI,71574976,27,Masculino
800,Judy,Werner,Residencial,DNI,52108559,74,Femenino
801,Zachary,Hunt,Corporativo,DNI,26901693,19,Femenino
802,Michele,Reed,Residencial,Pasaporte,40029010,25,Masculino
803,David,Cole,Residencial,DNI,12742184,63,Femenino
804,Deanna,Perry,Empresarial,DNI,59748089,45,Femenino
805,David,Patel,Empresarial,Pasaporte,87113496,33,Femenino
806,Jo,Ortiz,Corporativo,Carnet,85320346,20,Masculino
807,Michael,Miller,Empresarial,Carnet,36195645,58,Masculino
808,Emily,Krause,Corporativo,Carnet,31796235,35,Masculino
809,Jade,Barajas,Residencial,DNI,86876981,34,Femenino
810,Donna,Thompson,Corporativo,Pasaporte,35141352,42,Masculino
811,Jeffrey,Allen,Empresarial,Pasaporte,41107627,25,Masculino
812,Marie,Kim,Empresarial,Carnet,11366204,40,Femenino
813,John,Hale,Corporativo,Carnet,49381727,36,Femenino
814,April,Johnson,Empresarial,Carnet,19455931,41,Masculino
815,Emily,Houston,Residencial,Pasaporte,60389876,57,Masculino
816,Jesus,Little,Residencial,Pasaporte,3525048,69,Femenino
817,Courtney,Adams,Empresarial,DNI,51850681,58,Femenino
818,Justin,Pitts,Corporativo,DNI,86345273,30,Femenino
819,George,Stanley,Empresarial,Carnet,60035633,65,Femenino
820,Lisa,Stewart,Corporativo,Pasaporte,6975189,70,Femenino
821,Angela,Kelley,Corporativo,Pasaporte,84764394,52,Masculino
822,Mark,Krause,Residencial,DNI,38297993,52,Masculino
823,Brenda,Williams,Empresarial,Carnet,68503697,21,Masculino
824,Anthony,Erickson,Empresarial,Carnet,83484243,39,Masculino
825,David,Atkinson,Residencial,DNI,56890639,50,Femenino
826,Randall,Schwartz,Empresarial,DNI,62841648,53,Masculino
827,Theresa,Taylor,Corporativo,Pasaporte,82045832,18,Masculino
828,William,Harper,Empresarial,Pasaporte,76363001,28,Femenino
829,Charles,Hartman,Empresarial,DNI,99803337,76,Femenino
830,Kathy,Barnes,Residencial,Pasaporte,69465438,49,Masculino
831,Kimberly,Aguilar,Empresarial,DNI,26126270,70,Masculino
832,Kimberly,King,Empresarial,DNI,21518209,19,Femenino
833,Ashley,Edwards,Empresarial,Carnet,1009686,58,Masculino
834,Heather,Stokes,Residencial,Carnet,35807712,73,Femenino
835,Jason,Burns,Residencial,Pasaporte,14358177,34,Femenino
836,Jessica,Cole,Residencial,DNI,51659516,39,Masculino
837,Lisa,Martinez,Empresarial,DNI,95020161,26,Masculino
838,Kathleen,Brooks,Residencial,Pasaporte,34507040,40,Femenino
839,Michael,Meyer,Corporativo,Pasaporte,26553585,24,Femenino
840,Brittany,Hall,Corporativo,DNI,65068354,57,Femenino
841,Cristina,Morton,Corporativo,Carnet,63193916,53,Femenino
842,Rachel,Reyes,Residencial,Carnet,35532694,44,Masculino
843,Daniel,Allen,Corporativo,DNI,69174251,79,Masculino
844,Mary,Parker,Empresarial,DNI,54245209,68,Masculino
845,Alicia,Summers,Empresarial,DNI,17811994,66,Femenino
846,Michael,Strong,Residencial,DNI,81695222,22,Femenino
847,Stanley,Horne,Empresarial,Carnet,66761076,34,Femenino
848,Alexander,Smith,Empresarial,Carnet,35988106,54,Femenino
849,Jeffrey,Molina,Residencial,DNI,23083753,24,Masculino
850,Denise,Fox,Residencial,Carnet,93144878,51,Femenino
851,Donna,Martinez,Empresarial,Pasaporte,2086195,22,Femenino
852,Troy,Wright,Empresarial,DNI,27883546,73,Femenino
853,Stephanie,Campbell,Corporativo,Pasaporte,45484826,55,Masculino
854,Timothy,Powell,Residencial,Carnet,35126656,26,Femenino
855,Lee,Ruiz,Empresarial,Carnet,95093175,49,Femenino
856,Melanie,Zuniga,Empresarial,Pasaporte,94886743,20,Femenino
857,Jonathon,Brown,Corporativo,DNI,14665695,51,Masculino
858,Cassandra,Fletcher,Corporativo,DNI,88254903,71,Femenino
859,Jade,Dickerson,Residencial,DNI,4187963,68,Femenino
860,Lorraine,Howard,Empresarial,Carnet,58529264,32,Femenino
861,Kristen,Wright,Residencial,Pasaporte,41625849,40,Femenino
862,Patrick,Walker,Empresarial,Pasaporte,43298533,24,Femenino
863,Brian,Turner,Residencial,DNI,83488053,53,Femenino
864,Benjamin,Thomas,Corporativo,DNI,96713434,71,Femenino
865,Jessica,Arnold,Empresarial,Pasaporte,25842073,63,Femenino
866,Suzanne,Wright,Corporativo,DNI,44348696,31,Masculino
867,Matthew,Johnson,Empresarial,DNI,55070100,29,Femenino
868,Scott,Hall,Residencial,Pasaporte,17115000,62,Masculino
869,Jessica,Hoover,Residencial,Pasaporte,86029880,60,Femenino
870,Diane,Butler,Empresarial,Pasaporte,16633011,79,Femenino
871,Jordan,Stephenson,Residencial,Carnet,33549535,32,Femenino
872,Emily,Acevedo,Corporativo,DNI,47981524,43,Femenino
873,Kevin,Sanchez,Empresarial,Pasaporte,96773753,30,Masculino
874,Michael,Castro,Corporativo,Carnet,63401614,56,Masculino
875,Amber,Ibarra,Corporativo,DNI,59244594,62,Femenino
876,Jessica,Perkins,Residencial,DNI,23322508,65,Masculino
877,Edward,Jackson,Empresarial,Carnet,92236885,46,Femenino
878,Andrew,Wright,Corporativo,DNI,47518123,40,Masculino
879,Courtney,Huerta,Empresarial,Carnet,57403261,28,Femenino
880,Angel,Evans,Residencial,Pasaporte,58567330,35,Masculino
881,Brady,Dillon,Corporativo,Carnet,55047219,64,Masculino
882,Jeremiah,Norton,Empresarial,DNI,48939907,80,Femenino
883,Desiree,Harmon,Residencial,DNI,78393604,75,Masculino
884,Carl,Bowen,Corporativo,DNI,14169048,40,Masculino
885,Bryan,Tyler,Empresarial,DNI,11783918,80,Masculino
886,Teresa,Boone,Empresarial,Pasaporte,74844796,53,Masculino
887,Roberto,Brown,Corporativo,Carnet,60777847,72,Masculino
888,Patricia,Jackson,Residencial,DNI,17584984,30,Masculino
889,Jay,Wagner,Residencial,DNI,12892988,31,Masculino
890,Ryan,Lewis,Empresarial,DNI,2087494,47,Femenino
891,Michael,Ferguson,Corporativo,DNI,70450846,71,Femenino
892,Gregory,Snyder,Residencial,Carnet,94058618,38,Masculino
893,Mark,Martinez,Residencial,Carnet,51842465,80,Femenino
894,Valerie,Miller,Empresarial,DNI,87856533,26,Femenino
895,Julie,Smith,Empresarial,DNI,64425234,35,Femenino
896,Patrick,Bryan,Corporativo,Carnet,31869133,53,Femenino
897,Robert,Miller,Corporativo,Pasaporte,52788730,60,Masculino
898,Joseph,Nixon,Corporativo,DNI,85506178,67,Masculino
899,Amanda,Terrell,Empresarial,Pasaporte,96747167,67,Femenino
900,Jill,Reese,Empresarial,Pasaporte,12969297,18,Masculino
901,Gloria,Cole,Residencial,Carnet,56620672,23,Masculino
902,Steven,Hill,Corporativo,Carnet,7689119,60,Masculino
903,Bobby,Gutierrez,Empresarial,Pasaporte,90638900,70,Femenino
904,Sandra,Reed,Empresarial,Carnet,39772808,38,Femenino
905,Robert,Foster,Empresarial,DNI,80635601,37,Femenino
906,Peter,Barber,Corporativo,DNI,22873169,73,Femenino
907,Aaron,Stafford,Residencial,Pasaporte,40449542,63,Femenino
908,Devon,Moore,Corporativo,Carnet,37387791,68,Masculino
909,Misty,Sanchez,Residencial,DNI,70711213,78,Femenino
910,Willie,Clark,Residencial,Carnet,16699762,38,Femenino
911,Jessica,Williams,Residencial,Pasaporte,74880403,20,Femenino
912,Eddie,Dickerson,Empresarial,DNI,89762976,23,Masculino
913,Mark,Dixon,Empresarial,DNI,90969859,57,Masculino
914,Mary,Jones,Corporativo,Pasaporte,45282007,18,Femenino
915,Lori,Griffin,Empresarial,Carnet,18022,36,Masculino
916,John,Hayes,Residencial,Carnet,19387532,69,Femenino
917,Andrew,Strickland,Corporativo,Pasaporte,204206,25,Femenino
918,Lindsay,Juarez,Residencial,DNI,12505043,28,Masculino
919,Gary,Taylor,Residencial,Pasaporte,45540519,63,Femenino
920,Kristin,Sims,Residencial,Pasaporte,45330327,35,Masculino
921,Gabriela,Hicks,Empresarial,DNI,60711337,80,Femenino
922,Gary,Smith,Empresarial,Pasaporte,26628341,30,Masculino
923,Christian,Hernandez,Empresarial,Pasaporte,32582854,50,Masculino
924,Sara,Estrada,Corporativo,DNI,50262667,53,Masculino
925,Carla,Richardson,Residencial,Pasaporte,89852674,40,Femenino
926,Christine,Stuart,Corporativo,DNI,76705269,73,Masculino
927,Stephen,Shaw,Corporativo,Carnet,61904447,46,Femenino
928,Edward,Barker,Corporativo,Pasaporte,35101639,23,Femenino
929,Carolyn,Anderson,Residencial,Pasaporte,73263961,44,Masculino
930,Johnny,Mendoza,Corporativo,Carnet,22979061,50,Masculino
931,Linda,Gross,Residencial,DNI,60361129,52,Masculino
932,Jessica,Bass,Empresarial,Pasaporte,53730470,71,Masculino
933,Anthony,Gonzalez,Corporativo,Pasaporte,1993693,44,Masculino
934,Sarah,Sanders,Corporativo,Carnet,13858507,25,Masculino
935,Barry,Wells,Empresarial,Pasaporte,635518,23,Femenino
936,Christopher,Alexander,Corporativo,Carnet,14379879,55,Masculino
937,Kelly,Alvarez,Empresarial,DNI,44242188,80,Masculino
938,Edward,Phillips,Empresarial,Carnet,97269917,47,Masculino
939,Joel,Stokes,Empresarial,Carnet,27880313,38,Masculino
940,Michael,Gentry,Empresarial,Pasaporte,41938956,29,Masculino
941,Jill,Bailey,Corporativo,DNI,73118203,36,Masculino
942,Richard,Little,Corporativo,Pasaporte,15440146,33,Masculino
943,Joseph,James,Residencial,DNI,67245825,58,Masculino
944,Travis,Riley,Residencial,Carnet,40431538,45,Masculino
945,Philip,Dominguez,Residencial,Pasaporte,12418305,61,Masculino
946,Lance,Mason,Corporativo,Pasaporte,13738102,62,Femenino
947,Rachel,Craig,Residencial,Carnet,73116216,36,Femenino
948,Andrea,Sherman,Empresarial,DNI,82747086,20,Masculino
949,Tiffany,Bridges,Empresarial,Carnet,38747246,19,Masculino
950,Kendra,Lopez,Corporativo,DNI,99386665,71,Femenino
951,Ashley,Robinson,Empresarial,DNI,8177349,18,Femenino
952,Jose,Robertson,Residencial,Carnet,32995367,58,Masculino
953,Gloria,Hicks,Corporativo,Pasaporte,14933558,72,Masculino
954,Stephen,Morton,Corporativo,DNI,91806592,35,Masculino
955,Jennifer,Holmes,Empresarial,Pasaporte,22085626,22,Femenino
956,Richard,Mccullough,Empresarial,Carnet,59669148,73,Femenino
957,Tyler,Strickland,Corporativo,Pasaporte,22222974,80,Masculino
958,Andrew,Hunter,Empresarial,Pasaporte,22241974,60,Masculino
959,Jody,Mckenzie,Corporativo,DNI,62443600,38,Masculino
960,Austin,Alvarez,Empresarial,Carnet,34605730,38,Masculino
961,Erin,Peterson,Residencial,Pasaporte,93184618,80,Masculino
962,Brandi,Hamilton,Empresarial,Carnet,22522785,53,Femenino
963,Kimberly,Bryant,Empresarial,Pasaporte,59036620,59,Femenino
964,Keith,Santos,Corporativo,DNI,94574286,80,Femenino
965,Gina,Williams,Corporativo,DNI,76630616,36,Femenino
966,Jamie,Blair,Empresarial,Pasaporte,3657869,21,Femenino
967,Allison,Donaldson,Empresarial,Pasaporte,75258295,68,Masculino
968,Matthew,Ellis,Corporativo,Pasaporte,50803176,63,Masculino
969,Tiffany,Jones,Residencial,DNI,2191999,33,Masculino
970,Teresa,Harris,Empresarial,Carnet,16468688,72,Femenino
971,Jason,Garcia,Empresarial,Pasaporte,13481416,74,Femenino
972,Ashlee,Scott,Residencial,Carnet,41581265,62,Femenino
973,Mark,Bauer,Corporativo,DNI,11121867,51,Femenino
974,Tanya,Smith,Empresarial,Pasaporte,84601358,26,Femenino
975,Sandra,Russo,Residencial,Pasaporte,51195395,34,Masculino
976,Brenda,Ayers,Corporativo,DNI,28005900,56,Masculino
977,Jennifer,Lopez,Residencial,Carnet,34425753,21,Masculino
978,Erin,Thompson,Residencial,Pasaporte,97078383,68,Masculino
979,Michael,Sheppard,Empresarial,Pasaporte,51518243,42,Femenino
980,Sabrina,Ward,Empresarial,Carnet,30806603,44,Masculino
981,Rachel,Cain,Empresarial,Carnet,62158344,35,Masculino
982,Mark,Smith,Residencial,DNI,86588202,55,Masculino
983,Julie,Ewing,Corporativo,DNI,79803604,32,Masculino
984,Albert,Smith,Residencial,Pasaporte,67736846,34,Femenino
985,Lisa,Lawson,Corporativo,DNI,75128031,78,Femenino
986,Annette,Hebert,Residencial,Carnet,49394542,38,Masculino
987,Stephanie,Guerra,Corporativo,Carnet,25041357,76,Femenino
988,Michael,Collins,Corporativo,Pasaporte,57104579,69,Femenino
989,Connie,Short,Corporativo,Pasaporte,85872198,52,Masculino
990,Marcus,Long,Empresarial,Pasaporte,1123192,49,Masculino
991,Kirsten,Porter,Residencial,Carnet,79056298,74,Masculino
992,Caroline,Cox,Empresarial,DNI,56495937,46,Femenino
993,Vanessa,Kelly,Residencial,Pasaporte,80862653,63,Femenino
994,Aaron,Perkins,Residencial,Carnet,31367468,25,Masculino
995,Donald,Casey,Corporativo,Pasaporte,38022624,45,Masculino
996,Bradley,Lyons,Residencial,DNI,46548436,41,Femenino
997,David,Tate,Empresarial,Carnet,68869207,28,Masculino
998,Sarah,Smith,Corporativo,Pasaporte,42123002,51,Femenino
999,Stacy,Schmidt,Corporativo,Pasaporte,63471809,21,Femenino
1000,Timothy,Gomez,Empresarial,Pasaporte,84407536,32,Masculino
