id_facturacion,metodo_pago,ciclo_facturacion,estado_pago,monto,fecha_pago,mora,descuento_aplicado
1,Transferencia,Bimestral,Pendiente,108.61,2025-03-03,0,17.44
2,Efectivo,Bimestral,Pagado,139.83,2024-04-19,1,17.05
3,Tarjeta,Bimestral,Pagado,111.49,2024-07-13,0,17.0
4,Transferencia,Bimestral,Pendiente,29.9,2024-05-08,1,14.53
5,Transferencia,Bimestral,Pagado,21.17,2025-03-02,0,11.42
6,Tarjeta,Bimestral,Pendiente,90.24,2024-12-18,1,19.95
7,Efectivo,Mensual,Pagado,103.08,2024-08-01,0,9.68
8,Tarjeta,Mensual,Pendiente,92.33,2024-12-27,1,18.07
9,Efectivo,Bimestral,Pendiente,74.61,2024-05-23,1,2.36
10,Tarjeta,Bimestral,Pagado,101.59,2024-11-15,0,8.04
11,Transferencia,Bimestral,Pagado,24.75,2024-07-16,0,10.53
12,Tarjeta,Bimestral,Pagado,79.6,2024-09-25,1,10.48
13,Efectivo,Mensual,Pagado,21.93,2024-04-30,1,2.0
14,Tarjeta,Bimestral,Pagado,52.68,2024-07-17,1,5.58
15,Efectivo,Bimestral,Pagado,79.41,2025-02-20,1,5.02
16,Tarjeta,Mensual,Pendiente,105.21,2025-01-31,0,14.33
17,Transferencia,Mensual,Pendiente,106.9,2024-05-21,0,12.63
18,Efectivo,Bimestral,Pagado,126.66,2025-01-07,1,4.87
19,Transferencia,Bimestral,Pendiente,59.39,2025-01-13,1,17.98
20,Tarjeta,Mensual,Pendiente,56.24,2024-11-19,0,10.38
21,Tarjeta,Bimestral,Pendiente,141.68,2024-09-03,0,2.82
22,Efectivo,Bimestral,Pendiente,84.16,2024-06-30,0,9.97
23,Tarjeta,Mensual,Pendiente,21.85,2024-11-03,1,8.35
24,Transferencia,Bimestral,Pagado,80.95,2024-09-02,0,18.38
25,Efectivo,Bimestral,Pendiente,46.66,2025-04-04,1,11.31
26,Transferencia,Mensual,Pagado,70.68,2024-06-30,1,9.03
27,Efectivo,Mensual,Pagado,27.51,2024-06-08,0,14.32
28,Transferencia,Bimestral,Pagado,59.28,2025-03-05,1,13.4
29,Efectivo,Mensual,Pagado,49.25,2024-10-04,1,2.77
30,Efectivo,Bimestral,Pagado,45.29,2024-05-07,0,3.8
31,Efectivo,Mensual,Pagado,78.59,2024-11-05,1,6.07
32,Efectivo,Bimestral,Pendiente,39.0,2024-09-03,0,9.26
33,Transferencia,Mensual,Pagado,106.69,2025-01-25,0,9.11
34,Tarjeta,Mensual,Pendiente,114.31,2025-02-08,1,5.73
35,Efectivo,Bimestral,Pagado,81.16,2024-05-27,0,19.62
36,Efectivo,Mensual,Pagado,120.28,2024-10-22,1,16.28
37,Transferencia,Bimestral,Pendiente,110.96,2024-06-19,1,7.54
38,Efectivo,Bimestral,Pagado,67.08,2024-10-28,1,16.21
39,Efectivo,Mensual,Pendiente,82.02,2025-03-03,1,6.78
40,Tarjeta,Bimestral,Pagado,114.27,2024-05-23,0,17.4
41,Tarjeta,Mensual,Pendiente,106.67,2024-09-30,1,2.67
42,Tarjeta,Mensual,Pendiente,98.6,2024-06-30,0,1.39
43,Tarjeta,Bimestral,Pagado,116.01,2024-06-16,0,8.05
44,Efectivo,Mensual,Pagado,148.27,2025-01-18,0,0.18
45,Efectivo,Mensual,Pendiente,107.91,2025-01-23,1,17.13
46,Tarjeta,Mensual,Pagado,23.49,2024-08-09,0,7.5
47,Transferencia,Mensual,Pendiente,75.38,2025-03-10,0,8.1
48,Transferencia,Bimestral,Pendiente,141.09,2025-01-21,1,3.55
49,Efectivo,Bimestral,Pagado,32.67,2024-06-10,0,4.07
50,Tarjeta,Bimestral,Pendiente,68.8,2024-11-28,0,9.56
51,Tarjeta,Mensual,Pendiente,145.77,2024-04-11,1,17.18
52,Transferencia,Bimestral,Pendiente,64.9,2025-01-05,1,0.59
53,Tarjeta,Mensual,Pendiente,41.69,2025-01-12,1,8.79
54,Efectivo,Mensual,Pendiente,41.91,2024-08-04,1,13.09
55,Transferencia,Bimestral,Pendiente,28.85,2024-09-26,1,15.79
56,Efectivo,Bimestral,Pendiente,67.65,2024-09-18,1,6.9
57,Transferencia,Mensual,Pendiente,95.69,2025-03-03,0,16.64
58,Transferencia,Mensual,Pagado,52.32,2025-03-06,0,0.43
59,Transferencia,Bimestral,Pagado,65.12,2024-04-27,1,0.37
60,Tarjeta,Mensual,Pagado,81.34,2024-06-23,0,4.48
61,Efectivo,Bimestral,Pagado,106.56,2024-11-14,0,1.69
62,Transferencia,Bimestral,Pendiente,118.15,2024-05-08,0,0.86
63,Transferencia,Bimestral,Pagado,112.08,2025-03-07,0,12.37
64,Transferencia,Mensual,Pagado,73.83,2025-02-14,0,0.27
65,Transferencia,Bimestral,Pendiente,132.8,2024-10-19,1,16.73
66,Efectivo,Bimestral,Pagado,125.83,2025-03-10,0,5.1
67,Efectivo,Mensual,Pagado,109.87,2024-06-18,1,0.45
68,Transferencia,Mensual,Pagado,34.81,2025-04-05,0,2.07
69,Efectivo,Bimestral,Pagado,115.92,2025-02-21,1,17.39
70,Transferencia,Mensual,Pendiente,78.88,2025-01-21,1,14.33
71,Efectivo,Mensual,Pendiente,63.76,2024-07-08,0,10.35
72,Efectivo,Mensual,Pagado,32.35,2024-10-05,1,2.92
73,Transferencia,Mensual,Pendiente,80.16,2025-02-11,0,14.75
74,Tarjeta,Mensual,Pagado,94.72,2025-02-15,0,13.82
75,Transferencia,Bimestral,Pagado,85.33,2025-01-02,0,6.01
76,Transferencia,Mensual,Pagado,86.08,2025-01-16,0,6.86
77,Transferencia,Bimestral,Pendiente,33.63,2024-10-06,1,0.65
78,Efectivo,Mensual,Pendiente,79.4,2024-04-14,0,18.94
79,Tarjeta,Bimestral,Pagado,78.7,2024-09-09,1,6.48
80,Efectivo,Mensual,Pagado,80.43,2024-05-23,1,10.56
81,Transferencia,Bimestral,Pagado,107.52,2025-03-13,0,14.75
82,Tarjeta,Mensual,Pagado,37.84,2024-07-20,0,15.32
83,Tarjeta,Mensual,Pendiente,119.76,2024-07-02,0,17.0
84,Transferencia,Mensual,Pendiente,35.46,2025-03-18,0,15.69
85,Efectivo,Bimestral,Pendiente,92.25,2024-11-23,1,3.39
86,Efectivo,Mensual,Pendiente,33.84,2024-09-07,0,16.94
87,Tarjeta,Mensual,Pagado,121.43,2024-06-21,1,8.39
88,Efectivo,Mensual,Pendiente,143.94,2025-04-01,0,3.85
89,Transferencia,Mensual,Pendiente,141.68,2025-04-07,0,13.74
90,Tarjeta,Mensual,Pagado,63.18,2024-05-14,0,4.37
91,Efectivo,Mensual,Pagado,108.98,2024-05-19,1,12.68
92,Tarjeta,Mensual,Pendiente,35.2,2024-05-26,1,3.84
93,Transferencia,Bimestral,Pagado,72.43,2025-04-08,0,9.11
94,Tarjeta,Mensual,Pagado,120.32,2024-09-13,1,6.48
95,Transferencia,Bimestral,Pagado,73.7,2025-03-24,0,0.97
96,Transferencia,Mensual,Pagado,75.58,2025-01-24,0,5.55
97,Efectivo,Bimestral,Pendiente,39.77,2025-01-19,1,14.83
98,Tarjeta,Mensual,Pendiente,145.52,2025-01-15,1,15.42
99,Efectivo,Mensual,Pendiente,79.11,2024-06-29,1,2.47
100,Tarjeta,Mensual,Pagado,46.62,2024-08-09,0,9.9
101,Efectivo,Mensual,Pendiente,127.94,2024-04-15,0,15.66
102,Efectivo,Mensual,Pagado,128.9,2024-05-25,1,3.34
103,Transferencia,Bimestral,Pagado,80.99,2024-08-28,0,4.26
104,Transferencia,Bimestral,Pagado,139.45,2025-02-16,0,17.51
105,Transferencia,Mensual,Pagado,146.43,2024-11-01,0,4.18
106,Tarjeta,Mensual,Pagado,139.65,2024-07-04,1,17.9
107,Transferencia,Bimestral,Pagado,146.95,2024-11-15,0,17.43
108,Tarjeta,Bimestral,Pendiente,20.62,2025-03-11,0,5.59
109,Transferencia,Bimestral,Pendiente,65.65,2024-04-21,1,6.11
110,Efectivo,Bimestral,Pendiente,72.36,2024-09-08,1,0.82
111,Transferencia,Mensual,Pendiente,115.51,2025-03-13,0,13.78
112,Efectivo,Mensual,Pendiente,76.25,2024-04-24,1,9.57
113,Efectivo,Bimestral,Pendiente,111.39,2024-06-02,0,11.61
114,Transferencia,Bimestral,Pendiente,68.24,2024-05-20,1,0.18
115,Tarjeta,Bimestral,Pendiente,23.41,2024-06-02,1,11.76
116,Efectivo,Bimestral,Pagado,149.1,2025-01-03,1,14.29
117,Tarjeta,Bimestral,Pagado,63.12,2024-05-09,1,6.89
118,Transferencia,Mensual,Pendiente,58.32,2024-09-30,1,19.11
119,Transferencia,Mensual,Pagado,53.77,2025-03-23,1,7.66
120,Tarjeta,Mensual,Pendiente,122.39,2024-08-30,0,11.6
121,Tarjeta,Mensual,Pendiente,30.68,2024-07-02,1,4.39
122,Efectivo,Bimestral,Pendiente,27.05,2024-12-07,1,15.3
123,Transferencia,Bimestral,Pagado,50.08,2025-03-25,0,6.51
124,Tarjeta,Mensual,Pendiente,21.37,2024-06-13,1,11.17
125,Transferencia,Mensual,Pendiente,148.7,2025-01-04,1,8.98
126,Efectivo,Mensual,Pendiente,114.95,2025-01-09,1,15.87
127,Transferencia,Bimestral,Pagado,75.09,2025-01-01,0,19.31
128,Tarjeta,Bimestral,Pendiente,52.66,2024-07-22,0,3.28
129,Tarjeta,Mensual,Pendiente,123.61,2025-02-21,0,13.18
130,Tarjeta,Bimestral,Pendiente,110.48,2025-03-08,1,14.11
131,Tarjeta,Mensual,Pendiente,108.49,2024-05-11,1,10.3
132,Tarjeta,Bimestral,Pagado,115.14,2025-03-07,1,4.96
133,Efectivo,Bimestral,Pagado,109.86,2024-12-20,1,16.95
134,Tarjeta,Bimestral,Pagado,67.79,2025-01-01,1,18.92
135,Transferencia,Mensual,Pagado,105.66,2024-09-18,1,15.35
136,Transferencia,Bimestral,Pendiente,21.92,2024-08-12,1,16.2
137,Transferencia,Mensual,Pendiente,135.63,2025-01-13,1,6.27
138,Tarjeta,Mensual,Pagado,59.63,2024-07-31,0,2.51
139,Efectivo,Bimestral,Pendiente,49.88,2024-12-18,1,18.21
140,Efectivo,Bimestral,Pagado,106.65,2024-08-09,1,10.89
141,Tarjeta,Mensual,Pagado,36.83,2024-11-16,0,8.74
142,Transferencia,Mensual,Pagado,145.22,2024-11-08,0,6.49
143,Efectivo,Mensual,Pendiente,87.83,2025-02-01,1,0.91
144,Transferencia,Bimestral,Pendiente,74.89,2024-05-24,0,9.97
145,Efectivo,Mensual,Pendiente,90.58,2025-03-27,1,16.4
146,Efectivo,Mensual,Pagado,76.53,2025-01-01,1,14.93
147,Tarjeta,Mensual,Pagado,87.56,2025-03-21,1,16.49
148,Transferencia,Bimestral,Pagado,86.91,2024-07-12,1,11.9
149,Tarjeta,Bimestral,Pagado,36.82,2024-06-22,0,6.81
150,Efectivo,Mensual,Pagado,37.33,2025-04-01,0,17.86
151,Efectivo,Mensual,Pendiente,30.66,2024-09-14,1,15.26
152,Efectivo,Bimestral,Pagado,127.66,2024-09-16,1,16.84
153,Transferencia,Mensual,Pendiente,30.62,2025-04-04,0,17.35
154,Efectivo,Mensual,Pendiente,23.51,2024-06-03,0,12.59
155,Transferencia,Mensual,Pagado,31.04,2024-11-27,1,15.96
156,Transferencia,Mensual,Pagado,20.6,2025-03-12,0,8.76
157,Transferencia,Bimestral,Pendiente,72.89,2024-05-09,1,10.73
158,Transferencia,Bimestral,Pendiente,144.58,2025-01-23,1,12.73
159,Tarjeta,Bimestral,Pagado,88.73,2024-07-12,1,6.88
160,Efectivo,Mensual,Pendiente,144.69,2024-07-05,0,3.58
161,Tarjeta,Bimestral,Pendiente,137.32,2024-08-01,1,10.59
162,Transferencia,Bimestral,Pendiente,129.07,2025-04-08,1,15.72
163,Transferencia,Bimestral,Pendiente,79.38,2025-01-11,1,17.09
164,Tarjeta,Mensual,Pendiente,92.19,2025-01-24,1,12.14
165,Efectivo,Bimestral,Pendiente,149.22,2024-09-26,0,18.78
166,Tarjeta,Mensual,Pagado,108.15,2024-07-31,0,19.79
167,Tarjeta,Mensual,Pendiente,127.66,2024-09-16,1,4.32
168,Tarjeta,Mensual,Pagado,38.11,2024-04-29,0,6.5
169,Efectivo,Mensual,Pagado,120.62,2025-02-11,0,5.22
170,Tarjeta,Bimestral,Pendiente,49.32,2024-12-09,0,14.33
171,Tarjeta,Bimestral,Pagado,112.76,2024-05-04,1,12.49
172,Efectivo,Mensual,Pendiente,70.23,2024-09-09,0,1.01
173,Tarjeta,Mensual,Pendiente,107.23,2024-09-09,0,8.86
174,Tarjeta,Mensual,Pagado,146.82,2024-07-27,1,1.24
175,Tarjeta,Mensual,Pagado,86.71,2025-04-06,1,18.99
176,Efectivo,Bimestral,Pagado,39.95,2025-02-17,1,14.17
177,Efectivo,Mensual,Pagado,72.71,2024-04-20,0,0.15
178,Tarjeta,Mensual,Pagado,106.94,2025-02-14,1,4.41
179,Efectivo,Mensual,Pendiente,107.75,2024-09-13,1,18.55
180,Transferencia,Bimestral,Pagado,69.66,2024-05-19,0,16.77
181,Tarjeta,Mensual,Pagado,64.65,2024-04-12,0,18.06
182,Tarjeta,Mensual,Pagado,61.18,2024-05-23,1,9.26
183,Efectivo,Bimestral,Pagado,78.82,2024-11-14,1,0.08
184,Efectivo,Mensual,Pendiente,127.73,2024-04-17,1,9.77
185,Efectivo,Mensual,Pendiente,100.14,2024-07-29,0,15.48
186,Tarjeta,Mensual,Pendiente,118.51,2024-04-27,0,19.65
187,Tarjeta,Bimestral,Pendiente,116.48,2024-04-17,0,1.19
188,Efectivo,Bimestral,Pagado,45.02,2024-09-05,0,12.69
189,Tarjeta,Mensual,Pendiente,84.82,2024-11-10,0,2.6
190,Tarjeta,Bimestral,Pagado,119.19,2024-12-06,0,12.35
191,Tarjeta,Bimestral,Pendiente,110.1,2024-11-14,0,9.38
192,Transferencia,Mensual,Pagado,67.85,2025-01-31,1,1.97
193,Efectivo,Mensual,Pendiente,110.47,2024-06-04,0,2.77
194,Tarjeta,Bimestral,Pendiente,42.26,2024-10-16,1,6.82
195,Efectivo,Mensual,Pendiente,128.42,2024-05-16,1,9.58
196,Tarjeta,Mensual,Pagado,23.85,2025-02-09,0,12.27
197,Transferencia,Mensual,Pagado,83.14,2025-03-03,0,9.0
198,Tarjeta,Mensual,Pagado,32.77,2024-05-15,1,3.69
199,Transferencia,Bimestral,Pendiente,84.46,2024-11-18,1,18.99
200,Transferencia,Mensual,Pagado,71.64,2024-04-29,0,2.52
201,Efectivo,Bimestral,Pagado,110.67,2024-09-15,1,5.91
202,Transferencia,Mensual,Pagado,67.78,2024-06-28,0,12.32
203,Efectivo,Bimestral,Pagado,129.48,2024-07-15,1,12.59
204,Efectivo,Mensual,Pendiente,78.28,2024-07-10,0,10.96
205,Tarjeta,Mensual,Pagado,131.62,2025-02-19,0,1.41
206,Efectivo,Mensual,Pagado,127.94,2025-02-07,1,19.81
207,Efectivo,Bimestral,Pendiente,88.7,2024-04-10,0,16.85
208,Transferencia,Mensual,Pagado,23.89,2024-05-08,0,11.86
209,Efectivo,Mensual,Pendiente,33.14,2024-05-16,1,4.76
210,Efectivo,Bimestral,Pendiente,78.09,2024-12-21,0,0.54
211,Tarjeta,Mensual,Pagado,124.03,2025-01-20,1,12.35
212,Transferencia,Mensual,Pendiente,88.82,2024-07-03,0,7.96
213,Efectivo,Bimestral,Pendiente,31.17,2025-02-05,1,4.49
214,Tarjeta,Mensual,Pagado,103.88,2024-12-20,1,13.38
215,Transferencia,Mensual,Pagado,43.39,2025-02-12,1,7.3
216,Transferencia,Mensual,Pendiente,98.1,2025-02-11,0,17.94
217,Transferencia,Bimestral,Pendiente,24.89,2024-06-30,1,14.79
218,Transferencia,Bimestral,Pendiente,39.71,2025-03-27,1,18.8
219,Transferencia,Bimestral,Pendiente,80.21,2024-09-27,1,13.69
220,Tarjeta,Bimestral,Pagado,78.8,2025-03-08,0,16.99
221,Efectivo,Bimestral,Pendiente,110.02,2024-09-01,0,9.66
222,Efectivo,Mensual,Pagado,33.76,2024-11-05,0,8.9
223,Transferencia,Bimestral,Pendiente,135.34,2024-08-19,0,0.26
224,Efectivo,Mensual,Pendiente,35.43,2025-01-08,1,6.65
225,Tarjeta,Bimestral,Pendiente,132.67,2025-03-31,1,4.74
226,Transferencia,Bimestral,Pagado,104.14,2024-08-23,1,7.13
227,Efectivo,Mensual,Pendiente,96.93,2025-01-17,1,13.37
228,Tarjeta,Bimestral,Pendiente,118.51,2024-12-24,1,16.7
229,Tarjeta,Bimestral,Pendiente,87.63,2025-01-12,1,15.26
230,Tarjeta,Mensual,Pendiente,104.97,2024-12-03,0,6.1
231,Tarjeta,Bimestral,Pagado,144.81,2024-04-14,0,5.91
232,Transferencia,Bimestral,Pendiente,100.77,2024-09-25,0,9.35
233,Efectivo,Mensual,Pendiente,81.5,2024-09-08,1,18.39
234,Efectivo,Bimestral,Pagado,72.29,2024-09-04,1,19.9
235,Transferencia,Bimestral,Pagado,125.97,2024-11-26,0,2.79
236,Transferencia,Mensual,Pendiente,89.12,2024-10-14,0,2.18
237,Efectivo,Mensual,Pagado,50.97,2024-09-18,1,0.78
238,Transferencia,Bimestral,Pendiente,125.96,2025-04-08,0,4.18
239,Transferencia,Mensual,Pendiente,37.88,2024-08-15,1,9.9
240,Efectivo,Bimestral,Pagado,139.72,2025-02-23,1,0.48
241,Tarjeta,Mensual,Pagado,64.4,2024-06-08,0,10.43
242,Tarjeta,Bimestral,Pendiente,97.49,2024-04-12,0,11.54
243,Transferencia,Mensual,Pendiente,76.87,2024-07-03,1,3.7
244,Transferencia,Bimestral,Pagado,43.12,2025-02-15,0,8.02
245,Efectivo,Bimestral,Pagado,59.16,2024-06-30,1,15.66
246,Transferencia,Mensual,Pendiente,28.83,2024-09-13,0,10.04
247,Efectivo,Bimestral,Pendiente,92.16,2024-09-11,1,12.48
248,Efectivo,Mensual,Pendiente,139.52,2024-05-30,1,13.27
249,Efectivo,Mensual,Pagado,106.3,2025-01-23,0,6.0
250,Efectivo,Mensual,Pagado,89.28,2025-03-05,1,13.5
251,Transferencia,Bimestral,Pendiente,96.72,2025-02-04,1,5.33
252,Tarjeta,Mensual,Pagado,79.33,2024-10-17,0,7.32
253,Tarjeta,Bimestral,Pagado,114.34,2025-02-01,0,4.87
254,Transferencia,Bimestral,Pagado,135.22,2024-07-22,1,13.51
255,Tarjeta,Bimestral,Pendiente,108.84,2024-12-23,1,17.33
256,Tarjeta,Mensual,Pagado,54.25,2025-04-04,1,14.32
257,Tarjeta,Mensual,Pendiente,139.15,2024-12-17,1,14.04
258,Efectivo,Bimestral,Pagado,65.81,2024-11-14,1,7.46
259,Efectivo,Mensual,Pendiente,134.56,2024-11-06,0,1.49
260,Transferencia,Mensual,Pendiente,89.12,2025-02-08,0,1.1
261,Tarjeta,Bimestral,Pagado,111.17,2024-04-27,1,8.82
262,Transferencia,Mensual,Pagado,97.95,2024-09-18,0,6.8
263,Transferencia,Mensual,Pagado,122.3,2025-02-19,0,3.04
264,Tarjeta,Bimestral,Pendiente,121.38,2024-08-14,0,14.33
265,Tarjeta,Mensual,Pagado,144.29,2024-06-22,0,17.78
266,Transferencia,Mensual,Pagado,142.34,2025-03-16,0,15.87
267,Tarjeta,Bimestral,Pagado,104.68,2024-04-16,1,19.92
268,Transferencia,Mensual,Pagado,134.84,2024-09-18,1,4.19
269,Efectivo,Bimestral,Pendiente,74.42,2024-08-13,1,18.13
270,Efectivo,Mensual,Pagado,98.08,2024-06-18,0,18.14
271,Tarjeta,Mensual,Pagado,100.76,2024-05-25,1,17.16
272,Transferencia,Bimestral,Pagado,46.58,2024-12-20,0,1.9
273,Transferencia,Mensual,Pendiente,97.36,2024-07-12,0,2.75
274,Transferencia,Mensual,Pagado,126.65,2025-01-23,1,16.79
275,Tarjeta,Mensual,Pendiente,33.11,2024-08-11,0,3.3
276,Transferencia,Mensual,Pendiente,23.79,2025-03-29,0,17.64
277,Tarjeta,Bimestral,Pagado,42.71,2024-09-10,1,6.28
278,Tarjeta,Mensual,Pagado,50.15,2024-12-28,1,10.12
279,Efectivo,Bimestral,Pagado,81.1,2024-08-11,1,4.99
280,Tarjeta,Bimestral,Pendiente,74.84,2024-08-10,1,15.61
281,Efectivo,Mensual,Pagado,109.15,2024-06-19,0,5.81
282,Tarjeta,Bimestral,Pagado,85.47,2024-06-24,0,7.53
283,Tarjeta,Bimestral,Pagado,127.32,2025-02-01,0,19.61
284,Transferencia,Mensual,Pagado,21.13,2024-11-24,1,10.68
285,Transferencia,Bimestral,Pagado,26.5,2024-07-15,1,19.13
286,Transferencia,Bimestral,Pagado,46.0,2025-02-22,0,0.7
287,Tarjeta,Bimestral,Pendiente,80.54,2024-09-02,0,5.38
288,Transferencia,Bimestral,Pendiente,146.18,2024-05-22,0,14.48
289,Tarjeta,Bimestral,Pagado,24.51,2024-09-06,0,7.1
290,Tarjeta,Mensual,Pagado,140.52,2025-02-03,1,19.46
291,Efectivo,Bimestral,Pagado,92.63,2025-02-15,1,2.73
292,Efectivo,Mensual,Pagado,105.75,2025-03-07,1,15.08
293,Transferencia,Bimestral,Pagado,38.41,2024-11-25,0,10.92
294,Transferencia,Mensual,Pagado,146.24,2024-11-14,0,1.89
295,Efectivo,Bimestral,Pendiente,130.58,2025-04-03,1,9.71
296,Efectivo,Mensual,Pendiente,51.72,2024-12-10,0,8.58
297,Efectivo,Bimestral,Pendiente,38.75,2024-11-27,1,16.24
298,Tarjeta,Bimestral,Pendiente,76.92,2024-07-15,0,11.66
299,Transferencia,Mensual,Pendiente,53.77,2025-01-23,0,17.69
300,Tarjeta,Mensual,Pagado,99.09,2025-01-27,0,3.45
301,Transferencia,Bimestral,Pagado,38.49,2024-08-04,0,19.66
302,Transferencia,Mensual,Pagado,45.68,2024-04-13,0,19.52
303,Transferencia,Mensual,Pendiente,43.94,2025-02-14,0,1.68
304,Transferencia,Mensual,Pendiente,113.37,2024-06-20,1,5.09
305,Transferencia,Bimestral,Pagado,47.54,2024-11-24,0,19.55
306,Efectivo,Bimestral,Pendiente,26.83,2024-08-04,1,0.77
307,Tarjeta,Bimestral,Pendiente,64.7,2024-08-28,0,8.09
308,Efectivo,Bimestral,Pendiente,70.45,2024-08-13,1,14.6
309,Tarjeta,Mensual,Pagado,105.15,2025-04-02,0,5.32
310,Transferencia,Bimestral,Pagado,60.98,2024-10-24,1,8.28
311,Transferencia,Bimestral,Pagado,74.12,2024-08-18,1,1.18
312,Tarjeta,Mensual,Pagado,90.87,2024-11-25,0,3.03
313,Efectivo,Mensual,Pagado,104.9,2024-09-15,1,10.06
314,Tarjeta,Bimestral,Pagado,79.93,2025-01-22,1,16.62
315,Tarjeta,Bimestral,Pagado,99.28,2025-03-29,1,6.78
316,Tarjeta,Bimestral,Pendiente,128.56,2024-09-28,0,17.49
317,Tarjeta,Mensual,Pendiente,82.91,2024-06-20,1,5.85
318,Tarjeta,Bimestral,Pagado,53.58,2024-08-23,0,9.01
319,Efectivo,Bimestral,Pagado,72.24,2024-05-13,1,17.18
320,Tarjeta,Bimestral,Pagado,81.14,2024-07-15,1,14.35
321,Efectivo,Mensual,Pendiente,140.97,2024-08-29,1,16.36
322,Transferencia,Bimestral,Pagado,136.17,2024-12-28,1,4.53
323,Efectivo,Bimestral,Pendiente,37.44,2024-08-28,1,7.45
324,Efectivo,Bimestral,Pendiente,79.68,2024-06-26,1,12.71
325,Efectivo,Mensual,Pagado,119.03,2025-02-12,0,5.88
326,Efectivo,Bimestral,Pendiente,137.86,2025-03-20,1,19.43
327,Transferencia,Bimestral,Pendiente,122.5,2024-04-25,0,0.43
328,Tarjeta,Bimestral,Pendiente,35.3,2024-08-14,1,14.73
329,Efectivo,Bimestral,Pagado,139.4,2024-10-27,1,9.74
330,Transferencia,Mensual,Pagado,118.31,2025-02-27,1,7.43
331,Efectivo,Mensual,Pagado,64.85,2025-01-02,1,14.73
332,Tarjeta,Bimestral,Pagado,104.78,2025-04-08,1,4.09
333,Tarjeta,Bimestral,Pagado,41.93,2024-12-12,0,17.07
334,Transferencia,Mensual,Pagado,86.17,2024-05-16,0,6.19
335,Tarjeta,Bimestral,Pagado,140.47,2024-09-02,1,4.84
336,Transferencia,Bimestral,Pendiente,52.24,2025-03-09,0,16.46
337,Transferencia,Mensual,Pagado,101.36,2024-07-16,0,3.52
338,Transferencia,Mensual,Pagado,38.82,2024-11-16,1,17.8
339,Tarjeta,Bimestral,Pendiente,123.98,2024-12-10,1,13.78
340,Tarjeta,Bimestral,Pagado,21.69,2024-04-19,0,13.35
341,Transferencia,Bimestral,Pagado,64.24,2024-05-12,1,13.99
342,Tarjeta,Mensual,Pendiente,122.29,2024-07-26,1,9.62
343,Efectivo,Mensual,Pendiente,31.5,2024-06-01,0,16.52
344,Transferencia,Mensual,Pendiente,123.83,2024-09-27,0,6.0
345,Transferencia,Mensual,Pagado,24.57,2024-07-26,0,12.25
346,Efectivo,Mensual,Pendiente,58.16,2025-03-11,0,13.35
347,Efectivo,Mensual,Pendiente,21.29,2025-04-05,0,9.09
348,Tarjeta,Bimestral,Pendiente,104.88,2024-08-02,0,6.99
349,Tarjeta,Mensual,Pendiente,138.32,2025-03-03,1,16.18
350,Efectivo,Bimestral,Pendiente,92.06,2024-05-08,0,5.0
351,Transferencia,Mensual,Pendiente,111.09,2024-11-04,1,12.88
352,Efectivo,Mensual,Pendiente,123.64,2024-05-09,0,16.68
353,Transferencia,Mensual,Pendiente,20.33,2024-11-26,1,7.08
354,Transferencia,Bimestral,Pagado,92.92,2024-06-03,1,3.99
355,Efectivo,Bimestral,Pagado,62.6,2024-11-24,1,18.67
356,Efectivo,Mensual,Pendiente,114.72,2024-05-26,0,5.56
357,Tarjeta,Mensual,Pagado,52.8,2024-05-05,1,5.34
358,Efectivo,Mensual,Pagado,149.5,2024-11-02,0,0.75
359,Transferencia,Mensual,Pagado,91.67,2024-07-13,1,3.2
360,Efectivo,Mensual,Pagado,45.66,2024-11-27,0,5.58
361,Tarjeta,Bimestral,Pagado,81.08,2024-05-01,0,7.15
362,Efectivo,Bimestral,Pendiente,115.42,2024-05-30,1,18.52
363,Transferencia,Mensual,Pagado,139.72,2024-11-14,1,7.49
364,Tarjeta,Mensual,Pagado,73.04,2025-03-27,0,3.69
365,Transferencia,Mensual,Pendiente,123.5,2024-08-18,0,5.5
366,Tarjeta,Bimestral,Pendiente,89.13,2025-01-02,1,11.76
367,Tarjeta,Mensual,Pagado,85.06,2025-03-10,0,13.84
368,Efectivo,Mensual,Pendiente,33.4,2024-05-17,0,18.29
369,Transferencia,Mensual,Pagado,103.72,2024-05-09,0,12.14
370,Tarjeta,Mensual,Pendiente,73.73,2025-02-09,1,16.15
371,Efectivo,Bimestral,Pendiente,104.44,2024-06-03,0,0.57
372,Transferencia,Bimestral,Pendiente,135.34,2025-01-28,1,19.11
373,Transferencia,Mensual,Pendiente,44.5,2024-11-19,1,0.75
374,Efectivo,Bimestral,Pendiente,102.69,2025-02-25,0,0.26
375,Tarjeta,Bimestral,Pendiente,46.21,2024-06-16,0,7.77
376,Transferencia,Mensual,Pendiente,52.94,2025-02-27,0,3.87
377,Efectivo,Bimestral,Pendiente,109.32,2025-02-02,0,2.57
378,Efectivo,Bimestral,Pagado,53.57,2024-08-23,1,13.71
379,Efectivo,Bimestral,Pendiente,91.51,2024-06-01,0,12.51
380,Efectivo,Bimestral,Pagado,88.56,2024-07-20,1,13.43
381,Tarjeta,Bimestral,Pagado,67.72,2024-11-01,0,6.3
382,Efectivo,Bimestral,Pendiente,59.17,2024-10-11,1,13.03
383,Transferencia,Mensual,Pendiente,42.79,2024-12-19,1,9.79
384,Transferencia,Bimestral,Pagado,33.86,2025-01-12,0,10.8
385,Efectivo,Bimestral,Pendiente,93.11,2024-07-26,0,11.35
386,Efectivo,Bimestral,Pagado,108.88,2024-07-13,0,13.03
387,Efectivo,Mensual,Pagado,35.13,2025-01-06,0,12.11
388,Tarjeta,Bimestral,Pendiente,76.42,2025-03-12,0,15.29
389,Tarjeta,Mensual,Pendiente,54.53,2024-11-04,1,0.25
390,Tarjeta,Bimestral,Pendiente,75.49,2025-01-29,1,13.37
391,Tarjeta,Mensual,Pendiente,81.58,2024-04-11,0,2.47
392,Transferencia,Mensual,Pagado,61.2,2024-08-02,1,3.13
393,Tarjeta,Mensual,Pendiente,121.27,2024-07-02,0,2.63
394,Tarjeta,Mensual,Pendiente,67.47,2024-08-23,0,9.46
395,Efectivo,Mensual,Pendiente,120.63,2024-06-24,0,14.11
396,Transferencia,Mensual,Pendiente,109.08,2024-09-05,0,18.31
397,Transferencia,Mensual,Pagado,136.57,2024-10-18,1,4.75
398,Efectivo,Bimestral,Pendiente,68.67,2024-08-15,0,7.92
399,Transferencia,Mensual,Pendiente,111.9,2024-07-18,0,0.27
400,Transferencia,Mensual,Pagado,137.89,2025-04-10,1,4.37
401,Transferencia,Bimestral,Pagado,71.02,2024-04-14,1,12.69
402,Efectivo,Bimestral,Pendiente,63.93,2024-11-27,0,10.15
403,Efectivo,Bimestral,Pagado,88.86,2025-02-09,1,0.91
404,Tarjeta,Mensual,Pendiente,60.76,2024-06-05,1,2.96
405,Tarjeta,Mensual,Pendiente,67.58,2024-07-21,0,11.53
406,Transferencia,Mensual,Pendiente,116.39,2024-07-08,1,0.03
407,Efectivo,Mensual,Pagado,116.16,2024-08-06,0,8.38
408,Tarjeta,Mensual,Pendiente,110.29,2025-03-22,0,19.79
409,Transferencia,Mensual,Pagado,121.13,2024-08-04,0,15.14
410,Transferencia,Mensual,Pagado,34.23,2024-06-03,1,1.24
411,Efectivo,Mensual,Pendiente,103.69,2024-07-15,0,3.28
412,Efectivo,Bimestral,Pagado,106.71,2024-08-14,1,13.25
413,Efectivo,Bimestral,Pagado,57.94,2024-06-07,0,14.52
414,Tarjeta,Mensual,Pendiente,128.85,2024-11-13,0,10.13
415,Efectivo,Bimestral,Pendiente,29.2,2024-05-13,0,18.68
416,Efectivo,Mensual,Pagado,129.23,2025-03-11,1,4.46
417,Transferencia,Bimestral,Pendiente,134.22,2025-03-31,0,18.51
418,Transferencia,Bimestral,Pendiente,110.76,2024-05-21,1,18.14
419,Transferencia,Mensual,Pendiente,135.85,2024-10-21,0,19.88
420,Tarjeta,Bimestral,Pendiente,22.32,2024-08-19,0,10.64
421,Efectivo,Bimestral,Pendiente,75.25,2025-02-19,0,19.7
422,Tarjeta,Bimestral,Pendiente,96.71,2024-12-04,1,2.04
423,Transferencia,Mensual,Pagado,110.71,2024-05-13,0,5.65
424,Tarjeta,Mensual,Pagado,84.34,2025-02-16,1,3.78
425,Efectivo,Bimestral,Pendiente,27.17,2024-07-09,0,8.69
426,Transferencia,Bimestral,Pagado,144.05,2024-12-25,1,12.45
427,Transferencia,Mensual,Pagado,122.06,2024-12-28,1,18.51
428,Tarjeta,Bimestral,Pendiente,75.2,2024-08-02,1,16.83
429,Tarjeta,Bimestral,Pendiente,49.05,2024-06-11,1,17.05
430,Efectivo,Mensual,Pendiente,96.92,2024-04-25,1,8.53
431,Tarjeta,Bimestral,Pagado,69.94,2024-07-26,1,6.97
432,Transferencia,Mensual,Pendiente,48.96,2024-04-15,0,1.86
433,Transferencia,Bimestral,Pagado,26.39,2024-04-20,1,19.02
434,Transferencia,Bimestral,Pagado,80.54,2025-03-03,1,2.26
435,Efectivo,Bimestral,Pendiente,25.93,2024-05-10,0,10.47
436,Efectivo,Mensual,Pendiente,80.48,2024-08-07,0,15.02
437,Transferencia,Bimestral,Pendiente,65.89,2024-07-19,0,15.54
438,Tarjeta,Mensual,Pendiente,108.19,2024-12-23,1,19.45
439,Transferencia,Bimestral,Pagado,53.43,2024-08-11,1,19.1
440,Tarjeta,Mensual,Pagado,122.95,2024-09-22,0,3.2
441,Efectivo,Bimestral,Pendiente,101.16,2025-03-20,0,4.55
442,Tarjeta,Bimestral,Pagado,148.35,2024-09-19,0,2.37
443,Tarjeta,Bimestral,Pagado,115.14,2024-06-01,0,16.21
444,Efectivo,Bimestral,Pendiente,100.21,2024-12-17,0,15.24
445,Tarjeta,Bimestral,Pagado,139.81,2024-12-24,0,18.26
446,Efectivo,Mensual,Pendiente,68.64,2024-12-03,1,8.32
447,Efectivo,Mensual,Pendiente,90.68,2025-01-02,0,12.5
448,Tarjeta,Bimestral,Pendiente,133.13,2024-11-01,0,13.41
449,Transferencia,Bimestral,Pagado,92.63,2024-12-15,1,19.98
450,Tarjeta,Bimestral,Pendiente,109.02,2024-05-24,1,19.75
451,Transferencia,Bimestral,Pagado,80.66,2024-11-26,1,19.4
452,Efectivo,Mensual,Pagado,21.44,2025-02-26,1,12.68
453,Efectivo,Bimestral,Pendiente,55.66,2024-09-18,0,13.58
454,Transferencia,Bimestral,Pagado,131.43,2024-10-01,0,8.68
455,Transferencia,Bimestral,Pendiente,135.06,2024-08-26,0,2.03
456,Efectivo,Bimestral,Pendiente,41.88,2024-08-05,1,6.28
457,Efectivo,Mensual,Pagado,26.27,2024-11-17,0,18.75
458,Efectivo,Bimestral,Pagado,81.15,2024-10-11,0,8.25
459,Efectivo,Bimestral,Pendiente,147.42,2024-05-19,1,13.62
460,Tarjeta,Mensual,Pagado,69.1,2025-03-20,1,4.91
461,Tarjeta,Mensual,Pendiente,111.31,2024-09-29,0,3.19
462,Tarjeta,Mensual,Pagado,68.56,2025-01-04,0,15.14
463,Transferencia,Bimestral,Pagado,72.41,2025-03-15,0,9.99
464,Efectivo,Bimestral,Pendiente,132.13,2025-03-07,1,19.3
465,Efectivo,Bimestral,Pagado,68.73,2024-09-22,1,16.9
466,Efectivo,Mensual,Pendiente,31.09,2025-03-24,0,8.45
467,Tarjeta,Bimestral,Pendiente,48.64,2024-05-23,0,18.87
468,Tarjeta,Bimestral,Pagado,99.21,2024-09-26,0,12.88
469,Tarjeta,Mensual,Pagado,69.26,2024-05-20,1,6.26
470,Efectivo,Bimestral,Pagado,72.27,2024-08-06,0,18.82
471,Transferencia,Bimestral,Pagado,88.59,2024-09-29,1,6.53
472,Transferencia,Bimestral,Pagado,106.38,2024-07-22,0,1.99
473,Efectivo,Mensual,Pagado,148.18,2024-06-13,1,9.05
474,Tarjeta,Mensual,Pagado,67.01,2024-09-08,1,12.03
475,Tarjeta,Bimestral,Pendiente,123.07,2024-11-30,0,3.49
476,Efectivo,Bimestral,Pendiente,140.05,2024-05-31,0,11.01
477,Tarjeta,Mensual,Pagado,87.69,2024-11-16,0,7.57
478,Transferencia,Mensual,Pendiente,117.52,2024-09-15,0,9.67
479,Efectivo,Bimestral,Pendiente,83.78,2024-06-23,0,4.69
480,Transferencia,Bimestral,Pagado,112.77,2024-06-02,0,18.91
481,Efectivo,Bimestral,Pendiente,51.9,2024-06-11,1,16.84
482,Transferencia,Mensual,Pendiente,38.53,2024-10-27,0,5.19
483,Transferencia,Mensual,Pagado,26.78,2025-04-05,1,9.41
484,Efectivo,Bimestral,Pendiente,66.22,2025-04-02,1,2.57
485,Tarjeta,Mensual,Pagado,104.39,2024-05-16,1,18.33
486,Efectivo,Mensual,Pendiente,43.53,2024-07-08,1,0.1
487,Transferencia,Bimestral,Pagado,119.87,2025-03-21,1,4.91
488,Transferencia,Mensual,Pendiente,68.44,2024-06-24,1,5.63
489,Transferencia,Mensual,Pagado,146.62,2024-08-30,1,0.04
490,Efectivo,Mensual,Pendiente,128.6,2024-08-03,1,10.07
491,Tarjeta,Bimestral,Pagado,59.87,2025-02-11,1,17.0
492,Efectivo,Mensual,Pagado,31.09,2024-08-03,1,10.39
493,Transferencia,Bimestral,Pagado,60.16,2025-02-12,1,8.47
494,Tarjeta,Bimestral,Pagado,116.83,2024-10-05,0,8.41
495,Tarjeta,Bimestral,Pendiente,107.67,2024-10-17,0,9.21
496,Efectivo,Bimestral,Pagado,74.7,2025-03-29,0,11.98
497,Efectivo,Bimestral,Pendiente,27.76,2024-10-21,0,4.97
498,Transferencia,Bimestral,Pendiente,149.32,2024-11-28,0,17.98
499,Efectivo,Mensual,Pendiente,127.98,2024-04-26,1,7.38
500,Transferencia,Bimestral,Pendiente,65.97,2024-08-20,0,13.53
501,Efectivo,Bimestral,Pagado,94.59,2024-07-26,0,12.05
502,Tarjeta,Bimestral,Pendiente,122.07,2024-08-02,1,0.86
503,Tarjeta,Mensual,Pagado,24.12,2024-09-24,0,9.84
504,Transferencia,Bimestral,Pagado,111.44,2025-01-08,0,2.04
505,Efectivo,Bimestral,Pagado,45.56,2024-11-11,1,19.32
506,Efectivo,Bimestral,Pagado,136.36,2024-10-21,0,8.3
507,Transferencia,Bimestral,Pendiente,104.93,2024-11-23,0,5.72
508,Tarjeta,Mensual,Pagado,80.83,2024-04-17,0,11.41
509,Tarjeta,Bimestral,Pagado,59.47,2024-07-28,1,12.95
510,Transferencia,Mensual,Pendiente,143.85,2024-09-22,1,6.18
511,Tarjeta,Bimestral,Pendiente,122.0,2024-04-17,1,0.45
512,Efectivo,Mensual,Pendiente,59.37,2024-06-24,1,3.63
513,Tarjeta,Mensual,Pendiente,103.1,2025-01-15,1,19.29
514,Efectivo,Mensual,Pagado,107.94,2025-01-04,0,18.57
515,Transferencia,Mensual,Pagado,47.12,2024-05-10,0,15.35
516,Efectivo,Mensual,Pagado,140.91,2024-07-12,1,7.11
517,Efectivo,Mensual,Pagado,58.77,2024-07-29,0,4.69
518,Tarjeta,Bimestral,Pagado,51.24,2024-12-17,0,6.75
519,Efectivo,Mensual,Pagado,82.87,2024-10-24,1,14.81
520,Efectivo,Mensual,Pagado,84.3,2024-12-19,0,5.55
521,Efectivo,Mensual,Pagado,114.56,2024-07-06,0,8.14
522,Transferencia,Bimestral,Pendiente,26.91,2025-03-27,1,4.87
523,Tarjeta,Mensual,Pendiente,119.12,2024-04-19,0,15.6
524,Efectivo,Bimestral,Pagado,142.72,2024-09-18,0,8.06
525,Tarjeta,Bimestral,Pendiente,70.2,2025-04-05,1,2.62
526,Tarjeta,Bimestral,Pendiente,35.36,2024-05-12,1,2.86
527,Efectivo,Mensual,Pendiente,60.64,2024-11-25,1,15.27
528,Efectivo,Bimestral,Pendiente,94.48,2024-11-02,1,10.75
529,Tarjeta,Mensual,Pagado,87.13,2024-07-05,1,6.7
530,Tarjeta,Mensual,Pendiente,138.2,2024-05-12,1,18.12
531,Efectivo,Bimestral,Pagado,96.41,2024-07-21,1,12.72
532,Efectivo,Bimestral,Pagado,105.07,2024-12-24,0,7.53
533,Tarjeta,Bimestral,Pagado,57.94,2024-05-17,1,8.37
534,Transferencia,Mensual,Pendiente,80.43,2024-11-21,1,6.44
535,Efectivo,Bimestral,Pagado,143.98,2024-09-05,0,9.3
536,Efectivo,Bimestral,Pendiente,112.26,2024-12-24,0,5.67
537,Tarjeta,Mensual,Pagado,21.02,2025-01-11,1,17.48
538,Transferencia,Bimestral,Pendiente,145.98,2024-09-03,0,19.21
539,Tarjeta,Mensual,Pagado,55.64,2025-03-17,1,18.52
540,Transferencia,Bimestral,Pendiente,113.01,2024-05-27,0,11.74
541,Transferencia,Bimestral,Pagado,68.31,2024-09-30,0,16.36
542,Efectivo,Bimestral,Pendiente,118.14,2024-05-13,1,17.06
543,Transferencia,Bimestral,Pagado,138.56,2024-04-15,0,8.84
544,Efectivo,Bimestral,Pendiente,147.09,2024-07-23,1,0.12
545,Efectivo,Bimestral,Pendiente,102.79,2025-02-11,0,18.0
546,Transferencia,Mensual,Pagado,100.58,2025-02-17,0,1.52
547,Efectivo,Mensual,Pendiente,107.26,2024-06-12,1,10.44
548,Transferencia,Mensual,Pendiente,64.53,2024-08-27,1,4.79
549,Efectivo,Mensual,Pagado,87.66,2024-10-20,0,13.69
550,Transferencia,Bimestral,Pagado,85.71,2024-07-10,0,3.58
551,Transferencia,Mensual,Pendiente,69.72,2024-07-01,1,11.38
552,Efectivo,Mensual,Pendiente,76.86,2024-08-01,1,2.05
553,Tarjeta,Bimestral,Pagado,53.38,2024-08-24,1,14.02
554,Efectivo,Bimestral,Pagado,148.21,2024-06-23,0,3.19
555,Efectivo,Mensual,Pagado,108.79,2025-02-06,1,14.06
556,Efectivo,Mensual,Pagado,142.61,2024-06-07,1,1.45
557,Tarjeta,Mensual,Pagado,133.92,2024-06-06,0,12.46
558,Efectivo,Bimestral,Pagado,130.36,2024-12-19,1,7.84
559,Tarjeta,Mensual,Pagado,27.77,2024-10-20,1,14.75
560,Tarjeta,Mensual,Pagado,141.97,2024-07-01,0,9.73
561,Tarjeta,Mensual,Pagado,66.09,2024-10-18,1,2.43
562,Efectivo,Bimestral,Pagado,86.33,2025-03-25,1,15.77
563,Tarjeta,Bimestral,Pagado,84.82,2024-06-20,1,3.5
564,Efectivo,Bimestral,Pendiente,40.51,2024-06-08,1,0.6
565,Efectivo,Bimestral,Pendiente,52.86,2024-08-14,0,12.9
566,Tarjeta,Mensual,Pagado,43.8,2024-07-25,0,3.92
567,Transferencia,Mensual,Pendiente,64.0,2025-01-01,1,14.93
568,Efectivo,Mensual,Pagado,69.96,2024-04-16,1,18.13
569,Efectivo,Mensual,Pagado,143.17,2024-06-09,0,18.43
570,Efectivo,Mensual,Pendiente,58.72,2024-07-20,1,7.69
571,Efectivo,Mensual,Pendiente,34.39,2025-02-21,0,5.73
572,Efectivo,Mensual,Pagado,109.91,2024-12-11,1,5.62
573,Efectivo,Bimestral,Pagado,71.94,2024-05-09,0,5.41
574,Tarjeta,Bimestral,Pendiente,111.58,2024-12-10,1,1.93
575,Transferencia,Mensual,Pendiente,60.01,2024-09-27,0,19.3
576,Transferencia,Bimestral,Pendiente,144.12,2024-10-24,1,1.42
577,Efectivo,Mensual,Pagado,137.24,2024-11-03,0,0.98
578,Transferencia,Bimestral,Pendiente,62.39,2024-07-12,0,2.67
579,Efectivo,Mensual,Pendiente,138.41,2024-09-21,0,10.54
580,Efectivo,Mensual,Pagado,34.01,2025-04-06,0,9.54
581,Tarjeta,Bimestral,Pagado,135.19,2025-01-24,0,9.18
582,Efectivo,Mensual,Pagado,143.02,2024-07-11,1,16.53
583,Transferencia,Mensual,Pagado,137.63,2024-09-30,1,18.36
584,Transferencia,Mensual,Pendiente,29.12,2024-12-15,0,7.94
585,Tarjeta,Bimestral,Pagado,72.33,2024-11-05,1,4.25
586,Tarjeta,Bimestral,Pendiente,65.8,2024-05-02,0,16.73
587,Transferencia,Bimestral,Pendiente,110.87,2024-12-31,0,12.41
588,Transferencia,Mensual,Pagado,43.21,2024-08-31,0,13.92
589,Transferencia,Bimestral,Pendiente,136.79,2024-05-21,1,8.97
590,Tarjeta,Bimestral,Pendiente,84.86,2024-09-22,1,1.88
591,Efectivo,Mensual,Pendiente,24.63,2024-07-26,1,16.05
592,Transferencia,Mensual,Pendiente,87.33,2024-11-16,0,12.17
593,Efectivo,Bimestral,Pendiente,66.95,2024-11-20,0,8.83
594,Tarjeta,Mensual,Pagado,94.79,2024-05-05,0,1.75
595,Transferencia,Mensual,Pendiente,43.89,2025-04-05,1,4.63
596,Transferencia,Mensual,Pagado,20.63,2024-12-15,1,19.74
597,Efectivo,Bimestral,Pendiente,63.95,2024-10-20,0,0.31
598,Tarjeta,Bimestral,Pagado,62.3,2024-08-23,1,16.31
599,Transferencia,Mensual,Pagado,86.62,2024-06-22,0,15.39
600,Transferencia,Mensual,Pendiente,103.48,2024-05-13,1,0.54
601,Tarjeta,Bimestral,Pendiente,48.21,2024-06-20,1,17.06
602,Tarjeta,Bimestral,Pendiente,37.19,2024-05-06,0,0.7
603,Efectivo,Bimestral,Pendiente,78.1,2024-04-22,1,18.15
604,Transferencia,Bimestral,Pagado,88.74,2024-09-25,0,18.9
605,Efectivo,Mensual,Pagado,99.39,2024-05-28,0,5.94
606,Efectivo,Bimestral,Pagado,85.97,2024-08-20,0,12.09
607,Tarjeta,Mensual,Pendiente,77.09,2024-11-26,1,1.41
608,Transferencia,Mensual,Pagado,117.77,2024-08-13,0,3.11
609,Efectivo,Mensual,Pagado,113.36,2024-05-24,1,14.14
610,Transferencia,Bimestral,Pendiente,130.27,2024-12-31,0,14.31
611,Tarjeta,Mensual,Pendiente,98.19,2024-06-10,1,11.22
612,Tarjeta,Mensual,Pendiente,74.11,2025-03-25,1,7.4
613,Tarjeta,Mensual,Pagado,80.85,2024-08-16,0,7.69
614,Tarjeta,Bimestral,Pendiente,83.5,2024-08-04,1,10.79
615,Tarjeta,Bimestral,Pagado,21.11,2024-11-02,1,14.03
616,Transferencia,Bimestral,Pendiente,91.84,2025-03-22,0,18.56
617,Transferencia,Bimestral,Pendiente,79.29,2025-04-10,1,17.84
618,Tarjeta,Mensual,Pagado,110.73,2024-05-23,0,8.09
619,Efectivo,Mensual,Pagado,42.87,2025-03-01,0,11.07
620,Tarjeta,Mensual,Pagado,74.0,2024-11-07,0,13.19
621,Transferencia,Bimestral,Pendiente,148.05,2024-06-01,0,17.91
622,Tarjeta,Bimestral,Pagado,29.92,2024-08-21,0,0.43
623,Tarjeta,Bimestral,Pagado,144.21,2024-09-17,1,13.85
624,Transferencia,Mensual,Pagado,131.93,2024-12-09,1,4.83
625,Tarjeta,Bimestral,Pagado,102.11,2024-06-21,0,11.8
626,Tarjeta,Bimestral,Pendiente,48.08,2025-03-19,0,19.94
627,Tarjeta,Bimestral,Pagado,53.32,2025-01-04,1,18.67
628,Tarjeta,Bimestral,Pagado,140.25,2024-06-05,0,7.73
629,Tarjeta,Mensual,Pendiente,55.07,2024-04-26,0,16.16
630,Efectivo,Mensual,Pagado,31.51,2024-08-19,0,13.82
631,Tarjeta,Bimestral,Pagado,99.19,2024-08-06,1,2.83
632,Tarjeta,Bimestral,Pendiente,56.54,2025-02-03,1,0.99
633,Tarjeta,Mensual,Pagado,105.52,2024-06-26,0,4.1
634,Efectivo,Mensual,Pagado,85.96,2024-07-15,1,5.56
635,Transferencia,Bimestral,Pagado,109.92,2025-03-26,0,19.01
636,Efectivo,Bimestral,Pendiente,136.76,2024-07-30,0,17.98
637,Efectivo,Mensual,Pendiente,129.84,2024-09-27,0,14.19
638,Efectivo,Bimestral,Pendiente,88.98,2024-04-11,0,12.65
639,Transferencia,Bimestral,Pendiente,34.18,2024-10-28,0,15.23
640,Tarjeta,Bimestral,Pendiente,35.01,2024-07-17,0,8.88
641,Tarjeta,Mensual,Pendiente,149.39,2024-11-02,1,9.04
642,Transferencia,Bimestral,Pagado,25.09,2025-02-07,1,11.0
643,Efectivo,Mensual,Pagado,85.42,2024-05-27,1,17.01
644,Tarjeta,Mensual,Pagado,42.42,2024-12-07,1,0.53
645,Transferencia,Bimestral,Pendiente,89.35,2025-04-10,1,7.4
646,Efectivo,Bimestral,Pendiente,131.7,2024-12-14,1,7.77
647,Transferencia,Bimestral,Pagado,37.42,2024-04-15,0,18.73
648,Efectivo,Mensual,Pendiente,136.43,2024-06-29,1,9.9
649,Efectivo,Mensual,Pendiente,124.37,2024-06-20,1,17.07
650,Transferencia,Bimestral,Pendiente,62.95,2025-01-08,1,5.32
651,Tarjeta,Bimestral,Pendiente,42.47,2024-11-17,0,7.42
652,Tarjeta,Bimestral,Pendiente,117.86,2024-09-15,0,7.04
653,Tarjeta,Bimestral,Pendiente,35.71,2024-04-19,1,7.2
654,Efectivo,Mensual,Pendiente,38.65,2024-05-30,1,8.65
655,Efectivo,Bimestral,Pagado,48.71,2024-10-02,0,7.15
656,Transferencia,Bimestral,Pagado,51.0,2025-01-26,0,16.46
657,Tarjeta,Mensual,Pendiente,34.07,2024-09-14,0,14.99
658,Tarjeta,Mensual,Pagado,72.25,2024-09-28,1,8.56
659,Efectivo,Mensual,Pendiente,67.06,2024-10-24,0,4.99
660,Efectivo,Bimestral,Pendiente,71.26,2024-10-05,0,9.55
661,Transferencia,Bimestral,Pendiente,107.74,2025-02-10,1,15.34
662,Transferencia,Mensual,Pendiente,96.37,2024-08-11,1,10.77
663,Efectivo,Mensual,Pagado,109.7,2025-01-17,1,15.7
664,Efectivo,Bimestral,Pagado,90.68,2025-01-31,0,1.3
665,Transferencia,Mensual,Pagado,73.84,2024-10-29,0,1.95
666,Efectivo,Bimestral,Pendiente,131.63,2024-12-26,0,16.36
667,Transferencia,Bimestral,Pagado,100.5,2025-01-18,1,4.72
668,Efectivo,Bimestral,Pagado,148.43,2024-12-29,1,17.88
669,Transferencia,Bimestral,Pendiente,100.5,2024-09-27,0,4.44
670,Tarjeta,Bimestral,Pendiente,68.71,2024-10-14,0,10.33
671,Efectivo,Mensual,Pendiente,117.13,2024-05-14,1,11.48
672,Tarjeta,Bimestral,Pagado,63.04,2024-07-24,0,8.62
673,Tarjeta,Mensual,Pagado,126.34,2024-05-05,0,11.56
674,Efectivo,Mensual,Pagado,97.01,2024-09-23,0,12.06
675,Tarjeta,Mensual,Pendiente,90.22,2024-12-14,0,12.17
676,Efectivo,Bimestral,Pagado,36.4,2024-06-25,1,7.82
677,Tarjeta,Mensual,Pendiente,116.65,2025-02-06,0,1.99
678,Efectivo,Bimestral,Pagado,73.14,2025-01-14,1,13.86
679,Efectivo,Bimestral,Pendiente,144.72,2024-12-17,0,5.45
680,Efectivo,Mensual,Pendiente,64.43,2024-05-10,0,17.53
681,Efectivo,Mensual,Pagado,76.28,2024-05-12,1,11.95
682,Transferencia,Bimestral,Pendiente,124.24,2024-08-23,0,13.26
683,Efectivo,Mensual,Pendiente,147.73,2025-03-14,1,4.07
684,Tarjeta,Mensual,Pagado,62.27,2024-05-12,1,11.33
685,Efectivo,Mensual,Pendiente,71.9,2024-09-06,0,19.64
686,Tarjeta,Bimestral,Pagado,71.43,2025-01-04,0,7.58
687,Tarjeta,Mensual,Pagado,115.64,2024-09-09,0,3.58
688,Transferencia,Bimestral,Pagado,77.36,2025-03-11,0,3.46
689,Tarjeta,Bimestral,Pagado,45.29,2025-01-12,0,17.08
690,Transferencia,Bimestral,Pendiente,47.18,2024-09-18,0,9.63
691,Efectivo,Mensual,Pendiente,62.88,2024-06-22,1,4.99
692,Efectivo,Mensual,Pendiente,114.23,2024-08-21,1,7.3
693,Efectivo,Bimestral,Pagado,21.05,2025-02-15,1,2.61
694,Efectivo,Bimestral,Pagado,44.87,2024-10-18,0,4.26
695,Transferencia,Mensual,Pagado,73.56,2024-04-26,1,9.25
696,Transferencia,Mensual,Pagado,62.2,2024-08-10,0,17.76
697,Tarjeta,Bimestral,Pendiente,28.55,2024-10-22,1,15.1
698,Transferencia,Bimestral,Pendiente,149.05,2024-05-31,0,2.12
699,Transferencia,Bimestral,Pendiente,134.16,2024-08-06,1,2.49
700,Tarjeta,Bimestral,Pendiente,71.14,2024-08-02,0,5.12
701,Efectivo,Bimestral,Pagado,127.95,2024-11-18,0,16.73
702,Tarjeta,Bimestral,Pendiente,136.13,2025-01-16,1,18.73
703,Efectivo,Bimestral,Pagado,136.56,2025-01-04,1,17.11
704,Tarjeta,Bimestral,Pendiente,116.18,2024-04-13,0,3.43
705,Efectivo,Bimestral,Pendiente,41.53,2024-05-30,1,16.15
706,Efectivo,Bimestral,Pagado,54.24,2024-05-01,0,3.72
707,Transferencia,Bimestral,Pagado,141.4,2025-03-06,1,4.49
708,Tarjeta,Bimestral,Pendiente,100.47,2024-06-14,0,11.27
709,Transferencia,Bimestral,Pendiente,61.94,2024-11-10,0,11.39
710,Tarjeta,Bimestral,Pendiente,134.96,2024-07-25,0,8.55
711,Tarjeta,Bimestral,Pagado,120.04,2024-08-13,1,17.5
712,Tarjeta,Mensual,Pagado,57.94,2024-09-13,1,3.46
713,Transferencia,Mensual,Pendiente,119.86,2024-11-30,1,3.13
714,Efectivo,Bimestral,Pagado,99.05,2024-07-16,0,16.67
715,Transferencia,Bimestral,Pendiente,98.73,2024-09-13,0,0.24
716,Efectivo,Mensual,Pagado,39.16,2025-01-13,0,8.16
717,Tarjeta,Mensual,Pagado,98.15,2024-07-07,1,8.2
718,Efectivo,Bimestral,Pagado,128.3,2024-06-25,1,17.51
719,Efectivo,Mensual,Pagado,133.67,2024-08-16,0,10.49
720,Transferencia,Mensual,Pagado,131.75,2024-10-14,0,13.67
721,Tarjeta,Mensual,Pendiente,112.07,2025-02-16,1,15.77
722,Tarjeta,Bimestral,Pagado,62.17,2024-12-12,1,9.15
723,Tarjeta,Mensual,Pendiente,111.0,2025-03-08,1,2.33
724,Efectivo,Bimestral,Pagado,123.86,2024-08-13,1,2.16
725,Tarjeta,Mensual,Pendiente,97.11,2024-06-17,0,1.84
726,Transferencia,Mensual,Pagado,143.51,2024-04-21,1,2.52
727,Efectivo,Bimestral,Pagado,57.62,2025-03-13,1,8.48
728,Efectivo,Bimestral,Pendiente,68.94,2025-01-28,0,1.66
729,Tarjeta,Mensual,Pendiente,83.89,2024-07-24,1,10.28
730,Tarjeta,Bimestral,Pendiente,24.05,2024-06-06,1,18.25
731,Efectivo,Mensual,Pagado,86.51,2025-01-28,1,12.48
732,Transferencia,Mensual,Pendiente,131.34,2024-07-25,0,6.48
733,Tarjeta,Mensual,Pagado,68.44,2024-07-05,0,15.78
734,Efectivo,Bimestral,Pendiente,81.73,2025-03-24,1,2.89
735,Efectivo,Bimestral,Pendiente,96.92,2025-02-07,1,4.54
736,Transferencia,Mensual,Pagado,129.15,2025-01-17,1,11.83
737,Tarjeta,Bimestral,Pendiente,26.98,2025-02-08,0,14.29
738,Transferencia,Mensual,Pagado,94.98,2024-10-26,0,13.27
739,Efectivo,Mensual,Pagado,44.58,2025-02-06,0,3.65
740,Transferencia,Mensual,Pendiente,20.72,2024-11-23,0,18.53
741,Efectivo,Bimestral,Pagado,37.7,2024-12-22,0,14.78
742,Efectivo,Mensual,Pagado,24.82,2025-02-10,1,16.9
743,Tarjeta,Bimestral,Pendiente,145.7,2024-09-14,1,0.8
744,Transferencia,Mensual,Pendiente,94.53,2025-03-30,0,3.49
745,Efectivo,Mensual,Pagado,84.52,2024-12-26,1,10.86
746,Transferencia,Mensual,Pagado,131.06,2025-03-04,0,15.33
747,Transferencia,Bimestral,Pendiente,51.66,2024-05-27,1,9.81
748,Tarjeta,Mensual,Pendiente,143.13,2024-09-20,0,19.01
749,Transferencia,Bimestral,Pagado,65.21,2025-02-28,1,15.07
750,Tarjeta,Bimestral,Pagado,92.95,2024-10-05,1,1.52
751,Transferencia,Mensual,Pagado,148.35,2024-09-28,0,13.72
752,Transferencia,Bimestral,Pendiente,109.54,2024-09-15,1,12.39
753,Efectivo,Mensual,Pendiente,21.95,2024-12-24,1,16.54
754,Tarjeta,Bimestral,Pendiente,87.64,2024-09-17,1,16.2
755,Transferencia,Bimestral,Pagado,26.29,2024-05-14,1,1.99
756,Efectivo,Bimestral,Pendiente,91.53,2025-03-01,0,18.34
757,Transferencia,Mensual,Pendiente,143.69,2024-04-13,0,12.06
758,Transferencia,Mensual,Pendiente,47.44,2024-06-30,0,5.13
759,Efectivo,Mensual,Pagado,56.8,2024-08-07,1,17.37
760,Tarjeta,Bimestral,Pagado,138.21,2024-04-12,1,0.08
761,Tarjeta,Bimestral,Pagado,87.15,2024-07-08,0,1.0
762,Transferencia,Bimestral,Pendiente,145.94,2024-11-22,0,17.52
763,Tarjeta,Bimestral,Pendiente,23.23,2025-03-02,0,10.39
764,Transferencia,Bimestral,Pagado,70.82,2025-01-01,0,16.37
765,Tarjeta,Bimestral,Pendiente,90.42,2024-12-11,0,3.01
766,Transferencia,Mensual,Pendiente,148.67,2024-12-30,1,19.16
767,Tarjeta,Bimestral,Pendiente,67.88,2025-02-25,0,13.26
768,Efectivo,Bimestral,Pendiente,39.66,2025-02-04,1,11.92
769,Efectivo,Bimestral,Pagado,21.0,2024-05-31,0,5.53
770,Efectivo,Bimestral,Pendiente,117.31,2024-06-19,0,3.1
771,Tarjeta,Mensual,Pagado,115.87,2025-03-22,1,16.8
772,Transferencia,Bimestral,Pendiente,129.78,2024-09-03,0,14.63
773,Efectivo,Mensual,Pagado,117.08,2024-06-15,0,0.21
774,Tarjeta,Mensual,Pendiente,27.11,2024-06-27,1,11.87
775,Tarjeta,Mensual,Pendiente,148.17,2024-09-21,1,13.85
776,Tarjeta,Bimestral,Pendiente,129.48,2025-03-21,0,4.54
777,Transferencia,Bimestral,Pendiente,50.09,2025-01-16,1,2.13
778,Transferencia,Bimestral,Pendiente,140.41,2024-12-07,0,10.38
779,Efectivo,Bimestral,Pagado,98.33,2025-03-04,0,7.22
780,Transferencia,Bimestral,Pagado,105.25,2024-11-01,1,18.5
781,Transferencia,Bimestral,Pagado,29.63,2024-04-25,0,16.68
782,Transferencia,Mensual,Pendiente,118.98,2025-03-29,1,17.6
783,Transferencia,Bimestral,Pagado,73.89,2024-06-18,1,0.82
784,Efectivo,Mensual,Pagado,148.92,2024-04-16,0,19.56
785,Transferencia,Mensual,Pendiente,72.56,2025-03-23,1,6.69
786,Tarjeta,Mensual,Pagado,93.79,2024-04-22,0,20.0
787,Efectivo,Bimestral,Pagado,49.38,2024-11-30,0,0.46
788,Transferencia,Mensual,Pendiente,86.35,2025-01-07,1,10.39
789,Efectivo,Mensual,Pagado,116.29,2024-05-31,1,1.35
790,Transferencia,Bimestral,Pendiente,59.56,2024-07-26,1,16.86
791,Transferencia,Bimestral,Pagado,84.6,2024-07-27,0,3.13
792,Transferencia,Bimestral,Pendiente,117.27,2024-07-23,1,14.98
793,Efectivo,Mensual,Pendiente,97.28,2025-02-02,0,5.33
794,Efectivo,Bimestral,Pendiente,84.89,2024-11-28,1,4.03
795,Transferencia,Bimestral,Pagado,60.33,2024-09-15,0,10.23
796,Transferencia,Bimestral,Pagado,85.57,2024-06-26,1,0.25
797,Tarjeta,Mensual,Pagado,119.99,2024-05-09,1,8.98
798,Efectivo,Mensual,Pagado,44.1,2024-05-12,0,5.58
799,Tarjeta,Mensual,Pendiente,104.68,2024-04-18,1,4.03
800,Tarjeta,Mensual,Pendiente,119.97,2024-08-04,1,10.3
801,Tarjeta,Mensual,Pendiente,54.86,2024-07-03,0,8.33
802,Transferencia,Bimestral,Pagado,95.36,2024-11-04,0,10.86
803,Tarjeta,Bimestral,Pendiente,79.78,2024-10-31,1,3.56
804,Efectivo,Bimestral,Pendiente,55.84,2024-12-25,1,18.66
805,Efectivo,Mensual,Pendiente,129.43,2024-04-16,0,7.17
806,Efectivo,Mensual,Pendiente,136.38,2024-12-25,1,10.04
807,Transferencia,Bimestral,Pagado,81.5,2024-08-14,1,3.72
808,Efectivo,Mensual,Pendiente,82.46,2025-01-07,1,13.47
809,Transferencia,Mensual,Pendiente,21.66,2024-11-01,1,9.94
810,Transferencia,Mensual,Pendiente,102.19,2024-05-04,1,16.04
811,Transferencia,Mensual,Pagado,69.6,2025-04-01,1,19.83
812,Efectivo,Mensual,Pendiente,67.42,2024-11-02,1,5.82
813,Tarjeta,Mensual,Pendiente,141.81,2024-08-13,0,4.83
814,Efectivo,Mensual,Pendiente,113.68,2024-07-07,1,8.5
815,Tarjeta,Bimestral,Pendiente,129.52,2024-12-03,0,2.9
816,Transferencia,Bimestral,Pagado,114.24,2024-11-05,1,13.33
817,Efectivo,Bimestral,Pendiente,21.9,2024-05-07,0,15.19
818,Transferencia,Mensual,Pendiente,31.19,2024-09-30,0,16.56
819,Tarjeta,Bimestral,Pendiente,147.22,2024-10-15,1,12.98
820,Tarjeta,Mensual,Pagado,68.14,2024-10-13,0,14.83
821,Tarjeta,Mensual,Pagado,41.37,2024-11-11,0,18.24
822,Efectivo,Mensual,Pendiente,128.68,2025-03-18,1,2.09
823,Transferencia,Mensual,Pendiente,41.05,2025-04-07,0,19.53
824,Tarjeta,Bimestral,Pagado,75.11,2024-11-18,1,10.57
825,Transferencia,Bimestral,Pendiente,32.02,2025-01-11,0,16.41
826,Tarjeta,Mensual,Pendiente,23.74,2024-12-10,0,19.63
827,Transferencia,Mensual,Pendiente,104.11,2024-11-15,1,4.76
828,Transferencia,Bimestral,Pendiente,25.07,2024-09-27,1,4.48
829,Transferencia,Bimestral,Pendiente,29.63,2024-11-15,0,7.36
830,Tarjeta,Mensual,Pagado,103.81,2024-11-20,0,1.03
831,Transferencia,Bimestral,Pagado,78.38,2024-10-06,1,16.71
832,Transferencia,Bimestral,Pagado,74.65,2024-07-11,0,11.69
833,Tarjeta,Mensual,Pendiente,26.48,2025-02-06,1,12.08
834,Transferencia,Bimestral,Pagado,129.52,2025-02-06,0,10.45
835,Efectivo,Bimestral,Pagado,97.15,2024-11-21,0,13.37
836,Tarjeta,Mensual,Pagado,146.71,2025-02-17,0,6.2
837,Transferencia,Mensual,Pagado,26.95,2024-05-21,0,13.62
838,Efectivo,Bimestral,Pendiente,112.21,2024-11-07,0,15.16
839,Transferencia,Bimestral,Pendiente,85.67,2024-11-08,1,12.94
840,Transferencia,Bimestral,Pendiente,31.73,2024-04-28,1,4.1
841,Tarjeta,Bimestral,Pendiente,120.12,2024-11-26,0,19.91
842,Efectivo,Mensual,Pendiente,56.39,2024-12-17,1,3.71
843,Efectivo,Bimestral,Pagado,106.85,2025-02-26,0,13.6
844,Tarjeta,Mensual,Pendiente,27.18,2024-04-24,1,18.81
845,Transferencia,Mensual,Pagado,31.75,2024-05-01,1,6.7
846,Efectivo,Mensual,Pagado,103.87,2024-09-22,0,13.93
847,Tarjeta,Bimestral,Pagado,145.87,2024-11-30,1,9.08
848,Transferencia,Mensual,Pagado,74.24,2025-03-31,1,0.36
849,Efectivo,Mensual,Pendiente,124.0,2024-09-15,1,3.41
850,Transferencia,Bimestral,Pagado,51.94,2025-04-06,1,15.31
851,Efectivo,Bimestral,Pendiente,120.79,2025-03-27,1,6.97
852,Transferencia,Mensual,Pendiente,93.63,2024-10-13,0,15.3
853,Tarjeta,Bimestral,Pagado,56.83,2024-06-29,1,3.86
854,Efectivo,Bimestral,Pagado,138.56,2024-04-19,0,9.81
855,Transferencia,Bimestral,Pendiente,104.91,2024-08-13,0,19.66
856,Transferencia,Bimestral,Pagado,116.75,2024-04-11,1,15.14
857,Efectivo,Bimestral,Pendiente,67.8,2024-09-26,1,17.96
858,Efectivo,Bimestral,Pagado,126.03,2024-12-31,0,2.07
859,Tarjeta,Mensual,Pagado,117.54,2024-11-25,1,6.11
860,Efectivo,Bimestral,Pendiente,116.99,2024-06-29,0,3.09
861,Efectivo,Mensual,Pendiente,127.61,2025-02-08,1,9.65
862,Tarjeta,Bimestral,Pagado,100.42,2024-10-19,0,10.46
863,Efectivo,Mensual,Pendiente,71.14,2024-11-23,1,8.78
864,Transferencia,Mensual,Pagado,27.32,2025-02-23,1,0.24
865,Efectivo,Bimestral,Pagado,140.63,2024-05-15,1,11.9
866,Efectivo,Bimestral,Pagado,139.83,2024-11-17,1,15.81
867,Tarjeta,Mensual,Pagado,79.37,2024-05-20,0,12.53
868,Transferencia,Bimestral,Pagado,67.49,2024-07-26,1,11.17
869,Efectivo,Bimestral,Pagado,46.19,2025-03-15,1,16.62
870,Transferencia,Mensual,Pendiente,93.61,2024-12-06,1,14.16
871,Tarjeta,Mensual,Pendiente,58.32,2024-09-15,0,16.66
872,Tarjeta,Mensual,Pendiente,100.69,2024-05-30,1,18.19
873,Transferencia,Mensual,Pendiente,116.14,2025-01-09,1,13.91
874,Tarjeta,Mensual,Pendiente,76.43,2024-07-29,1,10.5
875,Tarjeta,Bimestral,Pagado,84.96,2024-06-23,1,19.59
876,Efectivo,Mensual,Pendiente,86.34,2025-01-03,1,8.28
877,Transferencia,Mensual,Pendiente,126.86,2024-04-21,0,3.9
878,Efectivo,Mensual,Pendiente,29.56,2025-01-26,1,11.37
879,Tarjeta,Mensual,Pagado,137.59,2025-01-22,1,14.32
880,Tarjeta,Mensual,Pendiente,42.19,2024-06-19,0,7.4
881,Efectivo,Mensual,Pendiente,57.4,2024-09-25,0,0.88
882,Tarjeta,Bimestral,Pendiente,128.57,2024-11-09,1,12.97
883,Transferencia,Bimestral,Pendiente,94.89,2024-07-04,1,12.65
884,Transferencia,Bimestral,Pagado,121.76,2025-01-05,1,4.82
885,Efectivo,Mensual,Pendiente,77.54,2024-09-02,0,12.05
886,Transferencia,Mensual,Pagado,20.69,2024-12-28,1,0.33
887,Tarjeta,Bimestral,Pendiente,81.08,2024-05-01,0,12.59
888,Transferencia,Mensual,Pagado,149.68,2024-12-25,0,18.26
889,Tarjeta,Mensual,Pendiente,108.87,2024-06-04,1,14.66
890,Transferencia,Bimestral,Pendiente,100.32,2024-09-11,1,1.45
891,Transferencia,Mensual,Pagado,37.92,2025-04-07,1,10.13
892,Efectivo,Bimestral,Pagado,118.23,2024-10-04,1,19.63
893,Efectivo,Mensual,Pendiente,56.39,2024-09-10,0,6.48
894,Transferencia,Bimestral,Pendiente,79.51,2024-05-19,0,2.96
895,Efectivo,Mensual,Pendiente,32.74,2024-09-05,1,2.72
896,Efectivo,Mensual,Pendiente,51.32,2025-02-14,0,2.06
897,Tarjeta,Mensual,Pendiente,75.49,2024-08-04,1,10.98
898,Transferencia,Mensual,Pendiente,128.41,2024-05-03,0,16.5
899,Efectivo,Mensual,Pendiente,101.27,2024-07-24,1,14.24
900,Tarjeta,Mensual,Pagado,147.28,2024-07-08,1,11.11
901,Tarjeta,Mensual,Pendiente,114.72,2024-06-03,1,19.15
902,Transferencia,Bimestral,Pagado,26.53,2024-09-04,1,12.46
903,Tarjeta,Mensual,Pagado,61.68,2024-11-20,0,15.47
904,Efectivo,Mensual,Pendiente,62.31,2025-04-01,1,2.55
905,Efectivo,Mensual,Pagado,147.11,2024-12-23,1,1.65
906,Efectivo,Bimestral,Pagado,48.18,2024-06-16,1,7.92
907,Tarjeta,Bimestral,Pagado,79.89,2024-08-13,1,14.1
908,Efectivo,Mensual,Pendiente,100.6,2025-02-01,1,13.39
909,Transferencia,Bimestral,Pendiente,93.77,2024-07-04,1,18.2
910,Efectivo,Mensual,Pendiente,55.05,2024-10-24,0,15.67
911,Efectivo,Mensual,Pagado,96.57,2024-05-03,0,2.76
912,Transferencia,Bimestral,Pagado,148.93,2024-08-29,0,4.28
913,Efectivo,Bimestral,Pendiente,24.6,2024-09-12,1,5.21
914,Tarjeta,Mensual,Pagado,103.17,2025-04-10,1,3.01
915,Efectivo,Bimestral,Pendiente,82.31,2024-09-17,1,16.1
916,Tarjeta,Mensual,Pendiente,94.62,2024-04-20,1,12.22
917,Transferencia,Mensual,Pendiente,136.84,2024-07-11,0,13.45
918,Transferencia,Mensual,Pagado,58.14,2024-05-08,0,1.07
919,Efectivo,Bimestral,Pagado,77.15,2024-09-01,0,12.97
920,Transferencia,Bimestral,Pagado,145.94,2024-12-22,1,15.32
921,Efectivo,Bimestral,Pagado,127.42,2024-06-11,1,16.48
922,Tarjeta,Mensual,Pendiente,82.18,2024-10-16,1,4.21
923,Tarjeta,Mensual,Pendiente,126.8,2025-02-28,0,12.92
924,Efectivo,Bimestral,Pendiente,101.17,2025-01-22,1,12.25
925,Efectivo,Bimestral,Pagado,74.51,2024-11-06,0,12.07
926,Transferencia,Mensual,Pendiente,131.17,2024-05-18,0,11.54
927,Tarjeta,Mensual,Pagado,47.58,2025-01-11,1,5.12
928,Transferencia,Mensual,Pagado,73.51,2024-11-07,1,1.78
929,Efectivo,Mensual,Pendiente,131.4,2025-02-05,0,15.2
930,Transferencia,Bimestral,Pagado,144.76,2024-05-18,1,3.82
931,Tarjeta,Bimestral,Pagado,38.49,2025-03-24,0,6.69
932,Efectivo,Bimestral,Pendiente,81.92,2024-10-13,0,3.35
933,Transferencia,Mensual,Pagado,88.65,2024-10-29,1,16.98
934,Tarjeta,Mensual,Pagado,112.16,2024-08-28,0,3.09
935,Transferencia,Bimestral,Pagado,34.26,2024-10-09,1,1.5
936,Efectivo,Mensual,Pendiente,146.3,2024-12-19,0,8.37
937,Efectivo,Mensual,Pendiente,54.19,2024-04-17,0,17.59
938,Efectivo,Bimestral,Pendiente,132.21,2024-06-11,1,5.4
939,Tarjeta,Bimestral,Pendiente,103.03,2025-03-07,0,9.97
940,Tarjeta,Bimestral,Pagado,47.9,2024-10-31,1,2.66
941,Transferencia,Bimestral,Pagado,82.16,2024-06-18,1,9.67
942,Transferencia,Bimestral,Pendiente,39.52,2025-03-30,1,2.26
943,Tarjeta,Bimestral,Pendiente,25.89,2024-09-26,1,17.56
944,Efectivo,Bimestral,Pagado,112.39,2024-06-29,0,1.93
945,Transferencia,Bimestral,Pagado,82.62,2025-01-06,1,1.05
946,Transferencia,Mensual,Pendiente,65.27,2024-10-20,0,12.18
947,Tarjeta,Mensual,Pendiente,135.1,2024-05-31,1,6.71
948,Efectivo,Mensual,Pendiente,74.76,2024-09-22,0,12.24
949,Tarjeta,Bimestral,Pendiente,46.14,2024-08-03,1,17.85
950,Transferencia,Mensual,Pagado,106.22,2025-03-24,1,2.57
951,Transferencia,Bimestral,Pagado,34.41,2024-10-23,1,0.12
952,Efectivo,Bimestral,Pagado,61.09,2024-05-03,1,10.49
953,Transferencia,Mensual,Pendiente,97.71,2025-02-17,0,7.87
954,Tarjeta,Bimestral,Pagado,27.73,2024-10-08,1,9.58
955,Transferencia,Bimestral,Pagado,148.92,2024-06-12,0,3.16
956,Tarjeta,Bimestral,Pagado,134.3,2024-06-22,1,15.91
957,Transferencia,Mensual,Pagado,135.45,2025-03-05,0,16.91
958,Tarjeta,Bimestral,Pendiente,28.11,2024-10-15,1,4.83
959,Efectivo,Bimestral,Pagado,125.28,2024-05-07,1,7.52
960,Transferencia,Mensual,Pendiente,87.67,2024-05-30,0,4.54
961,Efectivo,Mensual,Pagado,125.64,2024-09-06,1,3.77
962,Efectivo,Bimestral,Pendiente,69.48,2024-11-18,0,18.44
963,Efectivo,Mensual,Pagado,98.53,2025-03-27,0,11.34
964,Tarjeta,Bimestral,Pagado,41.19,2025-03-27,0,4.76
965,Tarjeta,Mensual,Pagado,103.75,2024-05-22,1,19.31
966,Efectivo,Mensual,Pendiente,142.97,2024-07-05,1,16.74
967,Transferencia,Bimestral,Pagado,111.23,2025-03-14,0,14.31
968,Efectivo,Bimestral,Pagado,53.75,2024-09-15,1,7.58
969,Transferencia,Bimestral,Pendiente,141.74,2025-01-31,0,18.14
970,Tarjeta,Bimestral,Pendiente,31.06,2024-10-18,0,19.53
971,Tarjeta,Bimestral,Pagado,86.64,2024-08-04,1,7.42
972,Transferencia,Bimestral,Pendiente,139.33,2024-12-18,0,13.68
973,Transferencia,Bimestral,Pendiente,28.97,2024-08-05,1,16.07
974,Efectivo,Bimestral,Pendiente,102.96,2024-10-31,0,11.8
975,Tarjeta,Bimestral,Pagado,65.78,2024-05-27,1,13.13
976,Tarjeta,Mensual,Pagado,47.22,2024-05-07,0,9.94
977,Tarjeta,Mensual,Pagado,92.12,2025-01-14,0,4.1
978,Efectivo,Mensual,Pendiente,85.58,2024-09-27,1,18.92
979,Efectivo,Mensual,Pendiente,113.73,2024-09-21,1,19.73
980,Efectivo,Bimestral,Pendiente,50.87,2025-01-04,0,1.08
981,Transferencia,Mensual,Pagado,58.97,2025-01-24,0,8.23
982,Tarjeta,Mensual,Pagado,52.81,2025-02-20,0,8.83
983,Efectivo,Mensual,Pagado,55.91,2024-09-04,0,18.5
984,Efectivo,Bimestral,Pagado,100.42,2024-06-22,1,8.63
985,Tarjeta,Bimestral,Pagado,42.37,2024-06-03,0,6.89
986,Tarjeta,Bimestral,Pagado,101.74,2024-08-24,1,13.84
987,Transferencia,Mensual,Pendiente,99.66,2025-04-05,0,5.86
988,Efectivo,Bimestral,Pagado,134.63,2024-05-09,1,6.33
989,Tarjeta,Mensual,Pendiente,92.57,2025-03-27,1,17.63
990,Transferencia,Bimestral,Pagado,42.29,2024-04-17,0,8.05
991,Tarjeta,Bimestral,Pendiente,96.14,2024-07-20,0,9.16
992,Tarjeta,Mensual,Pagado,72.33,2025-01-02,0,16.06
993,Tarjeta,Bimestral,Pagado,118.97,2025-01-04,1,4.01
994,Efectivo,Mensual,Pendiente,44.1,2024-07-07,1,14.44
995,Efectivo,Mensual,Pendiente,96.43,2024-08-10,0,14.01
996,Transferencia,Bimestral,Pagado,107.12,2024-05-12,0,3.55
997,Efectivo,Mensual,Pendiente,27.26,2025-02-17,1,14.95
998,Tarjeta,Mensual,Pagado,102.46,2024-06-05,0,14.31
999,Efectivo,Mensual,Pagado,57.72,2025-04-07,1,13.37
1000,Tarjeta,Mensual,Pagado,70.4,2024-12-25,0,0.44
