id_servicio,tipo_servicio,descripcion,proveedor,tecnologia,limite_uso,tarifa_base,region_disponible
1,TV,Type minute seek make require.,Bitel,4G,Ilimitado,33.19,Virginia
2,TV,Politics it however.,Claro,Fibra,Ilimitado,49.81,Alabama
3,Internet,Power Congress should head wind.,Entel,4G,100GB,90.08,Georgia
4,TV,In politics allow.,Entel,5G,Ilimitado,116.13,Oregon
5,TV,Purpose inside arrive yes store.,Entel,4G,Ilimitado,54.84,Vermont
6,Telefonía,That somebody section quality.,Movistar,Fibra,Ilimitado,81.72,Nevada
7,Telefonía,Cultural time president life field.,Bitel,5G,Ilimitado,83.06,Montana
8,TV,Field police put.,Entel,Fibra,50GB,94.3,Ohio
9,Internet,Democrat low morning.,Movistar,4G,Ilimitado,53.79,Texas
10,Telefonía,Animal century professional debate.,Claro,4G,100GB,114.69,Louisiana
11,TV,Unit thousand manage wall.,Bitel,4G,50GB,102.11,Washington
12,Telefonía,Training onto pressure factor.,Entel,4G,100GB,112.33,Tennessee
13,Telefonía,Center red education class.,Entel,Fibra,50GB,87.44,Rhode Island
14,Internet,Statement officer knowledge.,Movistar,Fibra,Ilimitado,105.67,Colorado
15,Telefonía,People provide garden minute measure.,Entel,Fibra,50GB,75.97,Virginia
16,Telefonía,Night entire skill professor.,Claro,Fibra,Ilimitado,104.63,Minnesota
17,TV,Wall then support.,Movistar,4G,50GB,31.54,Rhode Island
18,Internet,Head focus.,Entel,4G,100GB,83.66,New Jersey
19,Internet,Member material citizen.,Entel,5G,Ilimitado,76.01,Colorado
20,TV,Agreement ahead something.,Bitel,Fibra,Ilimitado,57.19,New Mexico
21,Telefonía,Water fear.,Claro,5G,Ilimitado,111.57,Delaware
22,Telefonía,Whole your.,Movistar,Fibra,Ilimitado,63.64,Wyoming
23,Telefonía,Relate film western.,Movistar,4G,50GB,75.28,Vermont
24,Telefonía,For treat.,Entel,Fibra,50GB,44.12,Idaho
25,Internet,Yard race.,Movistar,Fibra,100GB,76.75,Arizona
26,Telefonía,Million then.,Entel,4G,50GB,112.95,Pennsylvania
27,Telefonía,Medical read to.,Entel,Fibra,Ilimitado,67.06,Michigan
28,Telefonía,Get tell bit account across.,Claro,4G,50GB,30.39,Hawaii
29,Internet,Use PM seat moment.,Entel,5G,Ilimitado,98.26,Pennsylvania
30,TV,Land more particularly medical.,Entel,4G,100GB,78.91,Wyoming
31,Telefonía,Response read explain within.,Claro,5G,Ilimitado,37.58,Washington
32,Telefonía,Rule affect toward measure.,Movistar,Fibra,50GB,92.6,Oklahoma
33,Internet,To movement attack edge.,Claro,Fibra,50GB,57.54,Florida
34,Internet,Baby western team place.,Entel,4G,50GB,48.57,Texas
35,TV,Spring money compare.,Entel,Fibra,50GB,114.99,Alaska
36,Internet,Happen play.,Entel,Fibra,100GB,109.68,Utah
37,TV,Price medical reality together suddenly.,Entel,4G,Ilimitado,105.06,Arkansas
38,TV,Effort treatment win senior modern.,Claro,Fibra,Ilimitado,69.29,Oklahoma
39,TV,Common mouth teacher.,Movistar,4G,100GB,85.94,Washington
40,TV,Really team group.,Entel,4G,100GB,113.8,Delaware
41,Internet,Common sell building century determine.,Movistar,4G,50GB,83.51,Kansas
42,Telefonía,Something most history.,Bitel,Fibra,Ilimitado,57.05,Illinois
43,TV,Seat case individual score.,Bitel,4G,50GB,75.33,Nevada
44,Telefonía,Yet animal role country.,Movistar,5G,50GB,62.8,Indiana
45,TV,Hear section.,Bitel,4G,50GB,98.68,New Hampshire
46,Telefonía,Toward lawyer administration available.,Movistar,4G,50GB,44.66,Nevada
47,TV,Moment current traditional end.,Bitel,5G,50GB,32.87,Alabama
48,Telefonía,Work foot human how save.,Claro,4G,Ilimitado,65.46,Connecticut
49,Internet,One maintain amount young.,Movistar,Fibra,Ilimitado,97.63,Indiana
50,TV,Quite type.,Bitel,4G,Ilimitado,104.52,Tennessee
51,Telefonía,Foot assume yeah there hotel.,Bitel,5G,50GB,53.71,Texas
52,Internet,Throw to science close.,Bitel,4G,100GB,38.37,Washington
53,Internet,Per visit from.,Bitel,Fibra,50GB,101.1,Delaware
54,TV,This show factor should.,Entel,5G,100GB,100.22,Arkansas
55,Telefonía,Small either remember young decision.,Bitel,Fibra,100GB,64.31,Connecticut
56,TV,Food record sometimes.,Claro,Fibra,100GB,102.11,Oregon
57,Telefonía,Perform raise interest son customer.,Movistar,5G,Ilimitado,112.91,Arkansas
58,TV,Memory task.,Bitel,4G,100GB,58.36,Missouri
59,Internet,Home human individual grow.,Movistar,Fibra,Ilimitado,94.19,Texas
60,Internet,Month respond factor chair hour.,Claro,4G,Ilimitado,70.12,Nebraska
61,Telefonía,Represent particularly director role approach.,Claro,4G,Ilimitado,107.72,West Virginia
62,Internet,Night would read.,Bitel,Fibra,100GB,59.0,North Dakota
63,TV,Or fish.,Bitel,4G,Ilimitado,32.13,Alabama
64,Internet,Under dream nation toward design.,Bitel,Fibra,50GB,115.16,Illinois
65,Telefonía,Why agent.,Movistar,4G,Ilimitado,44.11,Wyoming
66,Internet,Bill rate rise discover.,Claro,Fibra,50GB,44.11,Maryland
67,Telefonía,Account security scene.,Movistar,Fibra,50GB,97.12,Ohio
68,Internet,Section area worry.,Claro,Fibra,50GB,42.47,New Mexico
69,Telefonía,Discuss unit owner.,Bitel,4G,100GB,68.0,Colorado
70,TV,Available seven increase yard.,Movistar,Fibra,Ilimitado,54.25,Missouri
71,Telefonía,Sport especially summer degree.,Bitel,5G,50GB,107.8,Massachusetts
72,Telefonía,Direction time those.,Bitel,Fibra,Ilimitado,68.4,Idaho
73,TV,Professor rest believe final.,Entel,4G,Ilimitado,109.43,Tennessee
74,Internet,Shoulder environmental often least.,Bitel,5G,Ilimitado,104.35,Nebraska
75,Internet,Parent activity break.,Movistar,Fibra,50GB,61.55,North Dakota
76,Internet,Lose actually place high.,Movistar,5G,50GB,45.6,New York
77,Telefonía,Trial act how teach.,Movistar,4G,100GB,98.05,Indiana
78,Telefonía,Address beat.,Claro,4G,Ilimitado,114.24,Oklahoma
79,Internet,That position stop order.,Claro,Fibra,50GB,100.43,Kansas
80,Internet,Begin agreement.,Entel,Fibra,Ilimitado,71.93,Oklahoma
81,TV,Contain professional.,Claro,4G,100GB,107.56,Rhode Island
82,Internet,Last inside.,Movistar,5G,50GB,103.19,Alabama
83,Internet,Nothing size.,Entel,5G,Ilimitado,53.78,Idaho
84,TV,Apply remember measure.,Entel,Fibra,100GB,82.06,California
85,Telefonía,Movie improve.,Claro,Fibra,50GB,76.2,Maine
86,Telefonía,Property area bed population.,Claro,Fibra,Ilimitado,85.24,Mississippi
87,Telefonía,Individual son early simple not.,Movistar,Fibra,Ilimitado,104.57,Louisiana
88,Internet,Culture prevent would.,Bitel,4G,50GB,62.66,West Virginia
89,TV,Happy spring seek second still.,Bitel,5G,100GB,73.68,Virginia
90,Telefonía,Agent laugh deep religious catch.,Bitel,4G,Ilimitado,30.23,Georgia
91,TV,Half cut not far per.,Bitel,Fibra,Ilimitado,107.19,Nebraska
92,TV,Fund no half bit.,Movistar,5G,Ilimitado,117.96,Montana
93,Telefonía,Toward color explain strong office.,Bitel,5G,Ilimitado,46.08,Washington
94,Telefonía,Every learn begin coach.,Entel,4G,Ilimitado,70.07,Washington
95,Internet,Manager heart opportunity seem type.,Movistar,4G,100GB,34.46,Idaho
96,TV,Commercial just serve.,Claro,5G,Ilimitado,114.82,Louisiana
97,Internet,Without rock.,Movistar,Fibra,50GB,73.82,Louisiana
98,Internet,Hair ten.,Claro,5G,50GB,96.36,Arizona
99,Internet,Within describe.,Bitel,4G,50GB,43.91,Wyoming
100,Internet,Dream woman form key.,Claro,5G,Ilimitado,110.77,Tennessee
101,Telefonía,Yeah along policy look.,Movistar,4G,50GB,40.19,North Dakota
102,TV,Author anything though accept heart.,Entel,Fibra,50GB,67.78,Minnesota
103,Internet,Early American development already.,Movistar,Fibra,50GB,62.73,West Virginia
104,TV,Deep in tax.,Claro,4G,Ilimitado,71.99,Arkansas
105,Internet,Central live month.,Bitel,5G,100GB,34.45,North Carolina
106,Telefonía,Body will enjoy tell.,Entel,4G,100GB,84.63,South Dakota
107,TV,Democrat long change.,Bitel,4G,100GB,39.01,Connecticut
108,Telefonía,Unit response.,Entel,Fibra,Ilimitado,52.42,Washington
109,TV,Give those instead.,Bitel,4G,Ilimitado,60.99,Michigan
110,Internet,Customer break specific.,Entel,Fibra,Ilimitado,101.57,Iowa
111,TV,Our arrive yard these.,Claro,5G,Ilimitado,63.21,Alabama
112,Internet,Miss culture.,Claro,Fibra,50GB,70.1,Wyoming
113,TV,Herself page clear.,Entel,Fibra,50GB,92.99,South Dakota
114,TV,Reduce employee view be mention.,Movistar,4G,50GB,63.08,Delaware
115,Internet,Serve interest.,Movistar,5G,100GB,90.29,Delaware
116,TV,Decide never mean return down.,Movistar,4G,50GB,110.78,South Dakota
117,TV,Left report to.,Entel,5G,100GB,63.98,Florida
118,Internet,Common pick.,Entel,Fibra,100GB,30.64,Wyoming
119,Telefonía,Beat help his dinner air.,Entel,5G,Ilimitado,52.04,Kansas
120,Telefonía,Seven control.,Movistar,5G,50GB,61.95,Maine
121,TV,Above other start law young.,Entel,Fibra,100GB,59.0,South Carolina
122,Internet,Method student official forward player.,Claro,4G,100GB,116.56,Pennsylvania
123,Internet,Physical near few tell between.,Entel,4G,100GB,114.48,Wyoming
124,Internet,From table.,Claro,4G,50GB,53.06,West Virginia
125,Internet,Listen hundred step.,Entel,Fibra,Ilimitado,88.99,South Carolina
126,Internet,Blood treatment hour.,Entel,5G,50GB,92.01,Maine
127,Telefonía,Theory suggest.,Movistar,Fibra,Ilimitado,46.06,Kentucky
128,Telefonía,Difficult stock.,Movistar,Fibra,Ilimitado,44.7,New Hampshire
129,Telefonía,Upon produce state moment.,Entel,5G,50GB,72.61,Michigan
130,Telefonía,Product blood federal both.,Bitel,4G,50GB,48.74,Mississippi
131,TV,By own.,Bitel,4G,50GB,72.33,Iowa
132,Internet,Human manager.,Entel,Fibra,100GB,104.82,Colorado
133,TV,Shake color once above.,Claro,4G,100GB,98.19,Utah
134,Internet,Yes career huge.,Entel,5G,100GB,54.58,Kentucky
135,Telefonía,Item remain.,Claro,Fibra,50GB,116.98,Wisconsin
136,TV,Friend fact.,Bitel,Fibra,Ilimitado,36.07,Texas
137,Internet,Reason mother training.,Entel,4G,Ilimitado,93.97,Massachusetts
138,TV,Ground bank.,Movistar,Fibra,Ilimitado,96.24,Maryland
139,Telefonía,Practice call.,Bitel,Fibra,100GB,54.79,Michigan
140,Internet,Few enough fast.,Bitel,4G,50GB,111.91,Alabama
141,Internet,Send learn big doctor.,Bitel,Fibra,50GB,52.26,Arkansas
142,Telefonía,Cost everything political assume.,Bitel,5G,100GB,41.64,Ohio
143,TV,Challenge apply.,Entel,Fibra,Ilimitado,34.89,Rhode Island
144,TV,Administration soldier.,Movistar,5G,100GB,94.16,Utah
145,Internet,Few give yard available.,Movistar,Fibra,50GB,66.5,Massachusetts
146,TV,Full big order down.,Entel,4G,Ilimitado,79.38,Iowa
147,TV,Ball unit by should health.,Claro,5G,100GB,85.93,New Jersey
148,Internet,Usually realize else.,Entel,5G,50GB,71.05,Utah
149,Internet,Hundred knowledge lay trouble involve.,Entel,4G,50GB,117.69,Washington
150,TV,Write laugh.,Movistar,4G,100GB,34.02,New Jersey
151,TV,Fall into.,Entel,5G,Ilimitado,90.17,Wisconsin
152,Telefonía,Various thank look police newspaper.,Bitel,5G,50GB,113.07,Washington
153,Telefonía,Run high high.,Bitel,Fibra,Ilimitado,104.02,Maine
154,Internet,Soon such owner down.,Bitel,Fibra,Ilimitado,88.71,Maine
155,Internet,Rest visit year doctor.,Bitel,Fibra,100GB,59.24,Connecticut
156,Telefonía,Against personal general exist.,Movistar,5G,Ilimitado,106.44,Massachusetts
157,Internet,Politics develop resource.,Bitel,Fibra,50GB,55.8,New Jersey
158,Telefonía,Air organization hot.,Claro,4G,Ilimitado,58.65,Arizona
159,TV,Join term expert market model.,Claro,4G,Ilimitado,50.37,Massachusetts
160,Telefonía,Long and current.,Claro,5G,50GB,34.14,West Virginia
161,TV,Near project serve difference.,Claro,5G,100GB,119.13,Indiana
162,Telefonía,Gun often by every people.,Bitel,Fibra,100GB,67.25,Tennessee
163,TV,College anyone shake several physical.,Entel,4G,100GB,46.63,Alaska
164,Internet,Everyone check check to.,Entel,5G,Ilimitado,35.97,Alabama
165,TV,Chair outside use.,Entel,Fibra,Ilimitado,45.95,Minnesota
166,Telefonía,Find want quite.,Movistar,Fibra,50GB,38.76,Minnesota
167,TV,Bit process.,Movistar,5G,100GB,94.51,Minnesota
168,Internet,Ok so part say.,Entel,Fibra,Ilimitado,45.77,Massachusetts
169,Internet,Entire arm Mr own responsibility.,Entel,4G,Ilimitado,61.64,Louisiana
170,Telefonía,Approach own military perhaps.,Claro,4G,50GB,104.4,Mississippi
171,Internet,More until.,Bitel,4G,100GB,98.52,Florida
172,TV,President edge democratic minute.,Claro,4G,Ilimitado,37.52,Wyoming
173,Internet,Inside on increase TV room.,Bitel,4G,100GB,69.05,Louisiana
174,Internet,Degree time brother everybody home.,Claro,4G,100GB,91.51,Rhode Island
175,Telefonía,Meeting lawyer resource.,Bitel,5G,Ilimitado,58.4,Georgia
176,Internet,Offer common.,Entel,4G,50GB,71.64,Hawaii
177,TV,Vote story actually later.,Movistar,4G,Ilimitado,31.19,Delaware
178,Telefonía,Return trial space near.,Movistar,4G,100GB,69.26,Virginia
179,Telefonía,Although boy involve.,Movistar,4G,50GB,64.38,Massachusetts
180,Internet,Third like clear.,Movistar,4G,50GB,36.22,Mississippi
181,Telefonía,Even begin land what.,Bitel,5G,Ilimitado,89.36,California
182,TV,Every family store central.,Movistar,Fibra,100GB,42.47,Montana
183,Telefonía,Network one.,Movistar,4G,100GB,48.22,Wisconsin
184,Telefonía,Treat ahead.,Bitel,Fibra,Ilimitado,108.49,Wisconsin
185,Telefonía,Wish force final.,Claro,4G,Ilimitado,30.95,North Carolina
186,Internet,Sign rather community pick between.,Bitel,Fibra,50GB,91.71,Tennessee
187,Internet,Old simply indicate.,Bitel,4G,100GB,66.95,Georgia
188,Internet,Course sea nothing.,Entel,Fibra,Ilimitado,73.33,New Hampshire
189,TV,Matter civil son.,Entel,4G,50GB,64.44,Maryland
190,Internet,Majority quality manage practice.,Entel,Fibra,100GB,110.7,Tennessee
191,TV,Reach agree simple such campaign.,Claro,4G,50GB,104.71,California
192,TV,Best me physical.,Movistar,4G,100GB,57.41,Idaho
193,TV,Unit player environmental possible.,Claro,5G,Ilimitado,70.07,Massachusetts
194,Internet,Agency finish put forget.,Movistar,4G,100GB,93.48,Michigan
195,Telefonía,Positive relationship power begin.,Entel,Fibra,Ilimitado,52.69,Wisconsin
196,TV,Prepare figure law and.,Bitel,5G,Ilimitado,104.0,Montana
197,Internet,Begin indicate sure page modern.,Movistar,5G,50GB,79.76,Kentucky
198,TV,Ten rather contain relate.,Movistar,Fibra,50GB,36.59,New Mexico
199,Telefonía,My deep service.,Claro,4G,50GB,76.81,Arizona
200,Telefonía,Could food soldier contain.,Movistar,4G,50GB,113.15,Utah
201,TV,Truth big.,Movistar,4G,Ilimitado,106.84,Delaware
202,Telefonía,Minute seven.,Claro,Fibra,50GB,95.29,Utah
203,Telefonía,Real decade join produce.,Claro,Fibra,50GB,97.24,Missouri
204,Internet,Important almost free wrong.,Entel,5G,100GB,87.4,Michigan
205,Telefonía,Notice must medical.,Entel,4G,50GB,113.69,New Hampshire
206,Internet,Medical son product body.,Bitel,4G,50GB,103.22,Florida
207,Telefonía,Good clear himself sense bit.,Movistar,5G,Ilimitado,54.47,New Hampshire
208,TV,Important lawyer third community wrong.,Bitel,Fibra,100GB,114.65,Kansas
209,Internet,Difficult beat happen to.,Claro,4G,50GB,72.7,Arkansas
210,Telefonía,Shake billion.,Bitel,5G,Ilimitado,105.91,Wisconsin
211,Internet,Travel today seven lose.,Entel,4G,Ilimitado,79.66,Nevada
212,TV,At campaign.,Entel,4G,Ilimitado,32.93,Louisiana
213,Telefonía,Article officer clearly practice.,Claro,4G,Ilimitado,53.59,Vermont
214,TV,Suffer unit present success.,Claro,Fibra,Ilimitado,93.3,Mississippi
215,Internet,See Democrat participant PM.,Claro,4G,50GB,108.61,Alabama
216,Internet,Issue appear evidence.,Entel,5G,50GB,60.1,Massachusetts
217,Internet,Thousand put eight.,Entel,5G,50GB,84.75,Louisiana
218,Internet,Base we see care.,Entel,4G,50GB,60.02,Virginia
219,Telefonía,To win move.,Entel,4G,50GB,113.15,Nevada
220,Internet,Expert shoulder few.,Bitel,4G,100GB,82.7,Tennessee
221,Internet,Pick send fish hotel forget.,Claro,4G,Ilimitado,104.53,Washington
222,Telefonía,Do worker she sense.,Bitel,Fibra,100GB,88.55,Missouri
223,Telefonía,Need machine now.,Bitel,5G,50GB,71.33,Michigan
224,Telefonía,Both student want spring stop.,Claro,5G,50GB,47.04,Georgia
225,TV,Sister whole.,Bitel,4G,50GB,101.03,Texas
226,Internet,Consider bag under whether.,Claro,Fibra,50GB,76.9,Nevada
227,Internet,Weight usually contain back.,Bitel,5G,50GB,110.32,Oklahoma
228,Internet,Ahead onto.,Claro,Fibra,Ilimitado,87.18,Ohio
229,Internet,Work analysis.,Movistar,5G,100GB,59.67,New York
230,Telefonía,Pressure local north discover apply.,Claro,Fibra,100GB,104.28,South Carolina
231,TV,Health difficult red.,Movistar,5G,50GB,105.77,Alaska
232,Telefonía,Add economic trade.,Bitel,5G,50GB,45.88,West Virginia
233,Internet,Son above field.,Claro,4G,100GB,63.45,Texas
234,TV,Society reality watch hear those.,Bitel,5G,50GB,43.45,Idaho
235,Telefonía,Finish exactly million pattern.,Bitel,Fibra,50GB,119.38,Missouri
236,Internet,History animal authority bag.,Bitel,5G,Ilimitado,54.3,Washington
237,Internet,Contain should section.,Movistar,5G,50GB,69.42,Virginia
238,Internet,House year.,Movistar,5G,50GB,41.6,Alabama
239,TV,Parent walk.,Bitel,4G,Ilimitado,71.58,New Mexico
240,TV,Factor open food for fear.,Movistar,Fibra,100GB,35.39,North Dakota
241,Internet,Else any.,Bitel,4G,50GB,112.94,Nevada
242,Internet,Event oil.,Movistar,4G,Ilimitado,34.44,South Carolina
243,Telefonía,Discussion various.,Claro,Fibra,Ilimitado,58.3,New Hampshire
244,Internet,With bar society.,Movistar,4G,Ilimitado,101.81,Iowa
245,TV,Four event idea knowledge.,Claro,5G,50GB,60.89,Indiana
246,TV,Information left.,Bitel,Fibra,Ilimitado,43.9,Virginia
247,TV,Occur remember.,Claro,Fibra,50GB,101.48,New Jersey
248,Telefonía,Affect try economy change.,Claro,Fibra,50GB,54.63,Nevada
249,Internet,Style exactly almost.,Movistar,4G,100GB,42.12,New Jersey
250,Telefonía,Even country inside unit.,Claro,4G,Ilimitado,78.02,Indiana
251,Internet,Member control support significant.,Entel,5G,50GB,89.6,Massachusetts
252,TV,Occur whether project.,Movistar,Fibra,Ilimitado,97.78,Massachusetts
253,Telefonía,Left small prepare.,Movistar,4G,50GB,97.15,Texas
254,Internet,History difficult product talk very.,Movistar,4G,100GB,87.76,Iowa
255,Telefonía,Society street listen person.,Movistar,4G,50GB,87.36,Wyoming
256,Telefonía,Throughout administration ok size.,Entel,5G,Ilimitado,40.91,Colorado
257,Internet,Grow your.,Entel,5G,50GB,96.85,Wisconsin
258,Telefonía,Performance wait believe.,Movistar,Fibra,50GB,83.67,Missouri
259,Internet,She environment final prepare recognize.,Entel,4G,50GB,54.97,Maine
260,Internet,Goal thank later.,Entel,Fibra,50GB,88.39,Texas
261,TV,All anyone between.,Movistar,Fibra,100GB,62.29,Kansas
262,Telefonía,Personal establish identify cut.,Movistar,4G,50GB,108.12,Georgia
263,TV,Artist leg treatment.,Entel,5G,50GB,46.1,Nebraska
264,Internet,Do kid contain.,Entel,5G,50GB,85.01,Indiana
265,TV,Land style.,Bitel,Fibra,50GB,66.87,Rhode Island
266,TV,Five learn wish bag.,Entel,4G,Ilimitado,92.41,Wisconsin
267,Telefonía,Sign box.,Entel,5G,Ilimitado,40.25,Hawaii
268,Telefonía,Whom director soon feel.,Movistar,5G,50GB,80.81,Mississippi
269,Internet,Success compare voice series.,Movistar,5G,50GB,110.42,Colorado
270,Telefonía,Threat pretty almost.,Claro,4G,Ilimitado,97.62,North Dakota
271,Internet,Say carry carry option fact.,Entel,5G,50GB,62.71,South Carolina
272,Internet,Grow mention growth product trial.,Bitel,5G,100GB,119.48,Arizona
273,Telefonía,Develop half certainly type.,Bitel,4G,100GB,80.29,Nevada
274,TV,Many conference travel cultural.,Entel,5G,100GB,108.29,Alabama
275,Internet,Manager national claim these force.,Entel,4G,100GB,31.59,Iowa
276,Telefonía,Stuff suffer.,Movistar,5G,Ilimitado,102.65,New Mexico
277,Internet,Story western necessary like big.,Entel,4G,Ilimitado,109.56,Montana
278,Internet,Around production by participant brother.,Bitel,Fibra,50GB,92.33,North Dakota
279,Telefonía,Break rather push.,Movistar,4G,100GB,94.67,Alaska
280,Telefonía,Green politics country.,Bitel,5G,100GB,75.37,Louisiana
281,Telefonía,Way blue bring society.,Bitel,Fibra,50GB,83.72,Indiana
282,Internet,Around research.,Claro,4G,100GB,84.04,Colorado
283,Internet,Result reflect rise religious.,Entel,5G,50GB,62.71,Massachusetts
284,Telefonía,Compare face indicate article.,Entel,5G,100GB,82.81,Hawaii
285,TV,Cold thought among likely.,Bitel,Fibra,Ilimitado,86.17,Nebraska
286,TV,Song growth.,Entel,5G,50GB,58.55,Arizona
287,TV,Us ahead page class.,Movistar,Fibra,100GB,90.31,Maryland
288,Telefonía,Hundred whole baby eye.,Claro,5G,50GB,59.61,Wyoming
289,TV,Option girl institution.,Movistar,Fibra,100GB,106.85,Florida
290,Telefonía,Along general sport green others.,Movistar,Fibra,100GB,65.9,Montana
291,TV,Hair itself.,Bitel,Fibra,Ilimitado,77.8,Idaho
292,Telefonía,Property toward ground character protect.,Claro,4G,100GB,93.8,Indiana
293,Telefonía,Without likely low.,Bitel,4G,100GB,115.39,Rhode Island
294,Internet,Fire possible one.,Bitel,4G,50GB,98.01,Maryland
295,Internet,Just fine hour last however.,Entel,4G,Ilimitado,49.96,Oklahoma
296,Internet,Away concern hour.,Claro,Fibra,100GB,91.28,South Dakota
297,TV,Product call skin.,Bitel,5G,Ilimitado,34.68,Kansas
298,TV,Threat science animal still commercial.,Bitel,5G,Ilimitado,106.97,Rhode Island
299,Internet,Among budget guess down stock.,Claro,5G,100GB,87.49,North Carolina
300,Telefonía,President can wall walk.,Bitel,Fibra,50GB,111.75,West Virginia
301,Telefonía,President page something anyone.,Bitel,Fibra,100GB,78.21,Ohio
302,Telefonía,Gun control campaign note service.,Movistar,5G,100GB,116.08,Missouri
303,Internet,Inside billion available house final.,Claro,4G,100GB,77.24,Delaware
304,TV,Feeling hot religious.,Entel,Fibra,Ilimitado,102.64,Nevada
305,TV,Try individual top heart.,Entel,Fibra,100GB,38.11,Washington
306,TV,Car although himself career traditional.,Bitel,4G,50GB,119.52,Maine
307,Telefonía,Open inside mission get.,Entel,5G,Ilimitado,115.34,North Carolina
308,Internet,Lawyer where grow friend.,Claro,Fibra,50GB,109.5,California
309,Telefonía,Important tonight event.,Movistar,Fibra,50GB,99.88,Idaho
310,Internet,Cold short campaign including data.,Bitel,4G,50GB,33.14,New Mexico
311,Telefonía,Whatever other for describe world.,Entel,5G,100GB,68.28,Ohio
312,Telefonía,They take mean realize course.,Bitel,5G,100GB,55.32,California
313,Internet,Although rest.,Entel,Fibra,Ilimitado,102.43,Alabama
314,TV,Piece enter choose.,Entel,4G,100GB,90.45,New Jersey
315,Telefonía,Customer go his may.,Movistar,5G,50GB,53.69,West Virginia
316,Internet,Difficult easy candidate take.,Bitel,5G,Ilimitado,92.75,Louisiana
317,TV,Necessary cultural full training.,Bitel,5G,100GB,34.87,Maryland
318,TV,Game outside former.,Movistar,Fibra,Ilimitado,103.97,Arkansas
319,Internet,His animal yes friend piece.,Bitel,5G,Ilimitado,41.57,South Dakota
320,TV,Instead new.,Claro,4G,50GB,61.77,Utah
321,Telefonía,Seek go that TV term.,Entel,4G,100GB,64.04,Wisconsin
322,TV,Other key past west station.,Movistar,4G,Ilimitado,41.25,Arkansas
323,Telefonía,Represent money line.,Bitel,Fibra,50GB,83.11,Oregon
324,TV,Hope music effect.,Bitel,5G,100GB,70.28,Maine
325,Internet,Sport TV nation blue.,Bitel,Fibra,Ilimitado,78.35,Alabama
326,Telefonía,Effort fact total.,Claro,4G,50GB,64.47,Louisiana
327,TV,Beyond here fly themselves.,Entel,5G,Ilimitado,99.48,Alaska
328,Telefonía,Less full cultural send across.,Entel,4G,Ilimitado,104.27,Montana
329,TV,However feel between work.,Entel,4G,100GB,72.27,Nebraska
330,Telefonía,End network scene.,Movistar,4G,100GB,100.68,Delaware
331,Telefonía,We situation morning.,Movistar,Fibra,100GB,72.99,Wisconsin
332,Telefonía,Crime contain happen most.,Claro,4G,50GB,91.77,Florida
333,TV,Business small agency.,Claro,Fibra,100GB,60.78,Wisconsin
334,Internet,Item address write south.,Bitel,5G,50GB,74.82,Illinois
335,TV,Dark while event land.,Claro,5G,Ilimitado,115.08,Louisiana
336,Telefonía,Majority expect.,Bitel,4G,50GB,44.17,New Mexico
337,Internet,Season fill detail.,Entel,5G,50GB,91.18,Delaware
338,Telefonía,Area indicate test.,Claro,Fibra,50GB,105.53,Pennsylvania
339,Internet,Security name also parent.,Movistar,Fibra,Ilimitado,73.27,Hawaii
340,TV,Nor for as full.,Bitel,4G,Ilimitado,46.7,Georgia
341,TV,Around similar room.,Bitel,Fibra,Ilimitado,88.87,New York
342,Telefonía,Family behavior successful several.,Movistar,4G,100GB,74.95,Delaware
343,Telefonía,Require drop on.,Movistar,5G,50GB,90.22,West Virginia
344,Telefonía,Worker almost.,Claro,4G,Ilimitado,58.3,New York
345,Internet,Every their.,Movistar,4G,100GB,66.86,West Virginia
346,TV,Always such success include million.,Entel,Fibra,Ilimitado,54.93,Virginia
347,TV,Low western family.,Bitel,Fibra,Ilimitado,66.55,Oregon
348,Internet,Daughter interesting level movie short.,Entel,5G,100GB,41.43,South Carolina
349,TV,Machine tough brother.,Movistar,4G,Ilimitado,46.51,Colorado
350,Telefonía,Hope owner house crime.,Bitel,4G,Ilimitado,82.13,Pennsylvania
351,TV,Economy respond.,Claro,Fibra,50GB,58.37,Minnesota
352,Internet,Why effect feeling page mind.,Claro,4G,100GB,40.78,Rhode Island
353,TV,Individual try not later respond.,Movistar,Fibra,50GB,31.66,Kansas
354,Internet,Purpose star its.,Claro,5G,100GB,42.15,Oregon
355,Internet,Lay expert wonder.,Claro,5G,50GB,98.71,Ohio
356,Internet,Run and our today.,Movistar,5G,Ilimitado,95.2,Florida
357,Internet,Attorney I across.,Movistar,Fibra,50GB,91.49,Minnesota
358,Internet,Nothing kind of concern.,Entel,Fibra,50GB,96.63,Ohio
359,TV,Realize enter.,Bitel,Fibra,50GB,61.87,Nevada
360,Telefonía,General strategy against.,Entel,Fibra,100GB,109.5,Minnesota
361,TV,Decision sense.,Bitel,4G,Ilimitado,90.55,Ohio
362,Internet,Voice to.,Movistar,4G,50GB,84.97,Louisiana
363,Internet,Effort age billion.,Bitel,5G,50GB,39.48,Nebraska
364,Internet,Respond military certainly.,Claro,5G,50GB,82.02,Wisconsin
365,Telefonía,Feel gas allow.,Bitel,5G,100GB,40.42,Utah
366,Telefonía,Image front current century.,Bitel,5G,Ilimitado,83.74,Washington
367,TV,Six college suggest information.,Claro,5G,Ilimitado,70.1,Indiana
368,Telefonía,Clear step record.,Entel,4G,100GB,117.76,Missouri
369,Internet,Court lay food answer.,Entel,5G,100GB,57.89,Minnesota
370,Telefonía,Energy near remember.,Movistar,Fibra,100GB,83.2,Massachusetts
371,Telefonía,Manager situation.,Movistar,5G,Ilimitado,119.11,Georgia
372,Telefonía,And deep step.,Movistar,4G,Ilimitado,44.97,Mississippi
373,TV,For determine report.,Movistar,4G,100GB,66.38,New Hampshire
374,Telefonía,Long oil across onto.,Bitel,4G,Ilimitado,72.1,California
375,TV,General western.,Claro,4G,50GB,55.06,Massachusetts
376,Telefonía,Lead final table gun.,Claro,4G,100GB,79.68,Idaho
377,Internet,Next last.,Bitel,5G,Ilimitado,47.55,South Dakota
378,Telefonía,Whole clearly probably relate.,Entel,Fibra,50GB,90.96,Ohio
379,Telefonía,Want level from goal run.,Movistar,Fibra,50GB,96.36,Louisiana
380,Internet,Finish by treat.,Movistar,4G,Ilimitado,61.79,Alaska
381,Telefonía,Space college interest local part.,Entel,5G,100GB,118.33,Nevada
382,Telefonía,Second station organization.,Movistar,4G,50GB,48.6,Hawaii
383,Telefonía,Nothing middle ask TV.,Movistar,Fibra,100GB,92.62,Georgia
384,Internet,Ago computer southern plant we.,Claro,Fibra,50GB,69.33,Vermont
385,TV,Condition morning skill take.,Bitel,4G,100GB,60.46,Montana
386,Telefonía,Couple pass son rate employee.,Bitel,4G,50GB,97.81,Iowa
387,TV,Respond person anything kitchen.,Bitel,5G,Ilimitado,40.24,Washington
388,Internet,Pretty shake.,Entel,4G,Ilimitado,112.37,Colorado
389,Internet,Sort west.,Entel,4G,Ilimitado,83.79,New Jersey
390,TV,Stuff total leg.,Movistar,Fibra,100GB,58.05,Kansas
391,Telefonía,Early ready.,Entel,Fibra,100GB,109.68,Missouri
392,TV,Arrive play candidate pay.,Claro,5G,Ilimitado,62.13,Wisconsin
393,Internet,Student turn case official.,Entel,4G,100GB,100.96,North Dakota
394,Internet,Party last continue.,Bitel,4G,Ilimitado,93.72,Tennessee
395,Telefonía,Enjoy nor girl.,Movistar,Fibra,Ilimitado,50.1,Utah
396,TV,Remember claim day data sometimes.,Movistar,5G,50GB,40.17,New Jersey
397,Telefonía,Agree pay huge.,Entel,Fibra,Ilimitado,86.7,Michigan
398,Internet,Ball lead become.,Claro,Fibra,50GB,82.66,Arizona
399,Internet,Vote range support lot know.,Claro,5G,Ilimitado,63.28,Vermont
400,Telefonía,Until degree.,Entel,4G,100GB,90.01,New Hampshire
401,Internet,Ground protect strong several.,Bitel,4G,Ilimitado,34.49,West Virginia
402,Internet,Strong team seven.,Claro,5G,Ilimitado,112.44,South Carolina
403,Telefonía,Three result bed.,Entel,Fibra,50GB,46.1,Iowa
404,Internet,Compare power wrong hour.,Bitel,5G,50GB,71.42,Missouri
405,Internet,Husband situation maybe.,Movistar,5G,100GB,50.22,South Carolina
406,Telefonía,Describe oil modern ago fill.,Bitel,Fibra,Ilimitado,30.91,Kansas
407,Telefonía,Base sit quite.,Bitel,4G,100GB,92.32,Kentucky
408,Internet,Reduce health.,Entel,Fibra,Ilimitado,81.43,Nevada
409,TV,Treatment Mrs.,Claro,Fibra,100GB,111.52,Minnesota
410,Telefonía,Fund charge respond threat soldier.,Claro,5G,Ilimitado,64.53,South Dakota
411,Internet,Important live pattern.,Movistar,5G,50GB,65.82,Kentucky
412,Telefonía,Charge arm.,Bitel,4G,100GB,105.87,West Virginia
413,TV,Alone challenge media.,Entel,5G,50GB,89.78,North Carolina
414,Internet,Sister sign development.,Entel,5G,50GB,76.56,Alabama
415,TV,Move what alone.,Bitel,5G,50GB,112.79,New Hampshire
416,Internet,Left serve social.,Entel,5G,100GB,49.23,Vermont
417,TV,Carry senior.,Claro,4G,Ilimitado,54.41,Hawaii
418,TV,Thing clearly court their necessary.,Movistar,Fibra,Ilimitado,39.66,Wyoming
419,TV,Building seat during.,Entel,4G,100GB,77.26,Oregon
420,TV,Large head top.,Claro,5G,50GB,81.77,Kansas
421,Internet,Entire increase arrive character.,Bitel,5G,100GB,78.07,South Carolina
422,TV,Tell business rest southern.,Bitel,Fibra,50GB,87.58,Wyoming
423,Internet,Late teacher response stand.,Entel,5G,50GB,118.44,Maine
424,TV,Give method year.,Bitel,4G,50GB,63.08,Delaware
425,Internet,Will against say main.,Bitel,Fibra,Ilimitado,47.38,Oregon
426,TV,Base information test step.,Bitel,5G,Ilimitado,79.15,Indiana
427,Internet,Drop statement computer.,Claro,5G,50GB,36.76,Minnesota
428,TV,Property record loss step.,Bitel,5G,100GB,109.54,Ohio
429,Telefonía,Ready couple color.,Bitel,4G,50GB,45.97,Maryland
430,Internet,Glass speak.,Entel,Fibra,Ilimitado,91.96,Delaware
431,TV,Pay because second.,Movistar,5G,100GB,68.71,South Carolina
432,TV,Current value everyone environment.,Claro,5G,50GB,110.56,Nevada
433,Telefonía,Serve happy.,Bitel,4G,50GB,111.93,Vermont
434,Telefonía,Kitchen expect poor style.,Claro,4G,Ilimitado,74.6,Alabama
435,Telefonía,Argue it seat whose under.,Movistar,Fibra,50GB,90.58,Texas
436,Telefonía,Western also.,Movistar,4G,100GB,102.78,Missouri
437,TV,Physical pass.,Claro,4G,Ilimitado,38.71,Idaho
438,Internet,Campaign rate.,Entel,4G,Ilimitado,75.9,West Virginia
439,Telefonía,Everybody simple heavy listen discussion.,Bitel,Fibra,50GB,100.54,Delaware
440,TV,Nothing prepare paper share actually.,Claro,4G,50GB,74.58,Michigan
441,TV,But church capital list relate.,Movistar,4G,100GB,59.93,Oregon
442,Telefonía,Down how.,Claro,5G,Ilimitado,33.77,Arkansas
443,Internet,Together good.,Bitel,Fibra,50GB,38.88,Ohio
444,Telefonía,Week throw federal computer.,Claro,5G,50GB,60.8,Maryland
445,Internet,Industry wrong.,Movistar,Fibra,100GB,118.33,Missouri
446,Telefonía,Artist clearly production risk media.,Bitel,4G,100GB,105.66,Pennsylvania
447,Internet,Development understand trade.,Bitel,4G,Ilimitado,35.17,New Hampshire
448,Internet,One first gas build share.,Movistar,Fibra,50GB,96.66,Michigan
449,Telefonía,Performance understand.,Entel,4G,100GB,72.12,Alaska
450,Telefonía,System interview give behavior week.,Claro,Fibra,50GB,44.57,Nebraska
451,Internet,Issue apply.,Movistar,5G,Ilimitado,107.42,Delaware
452,Telefonía,Win western civil dinner.,Claro,Fibra,Ilimitado,43.89,South Dakota
453,Telefonía,Camera star relationship.,Entel,4G,Ilimitado,32.47,Pennsylvania
454,Internet,Indicate person prove yourself would.,Bitel,Fibra,Ilimitado,39.24,Delaware
455,Internet,Plant quickly its big.,Claro,Fibra,Ilimitado,77.31,Maine
456,Internet,Hotel foreign huge gun.,Bitel,5G,Ilimitado,58.07,Missouri
457,Internet,Each share teacher.,Movistar,5G,50GB,94.27,Iowa
458,Internet,Suddenly institution.,Claro,4G,100GB,92.17,South Carolina
459,Telefonía,Popular fine wait force between.,Movistar,Fibra,100GB,98.61,Maryland
460,Internet,Really early financial bit.,Movistar,Fibra,100GB,81.77,Nevada
461,TV,Low doctor war success.,Entel,Fibra,50GB,33.66,Maryland
462,Internet,Will ask but.,Entel,4G,100GB,51.04,Hawaii
463,Internet,Above early example able me.,Claro,4G,100GB,51.54,Maryland
464,Internet,Mind interest inside leave.,Movistar,5G,50GB,69.07,West Virginia
465,TV,Worry book rest step society.,Movistar,4G,Ilimitado,64.28,Wisconsin
466,Telefonía,Amount man.,Claro,Fibra,50GB,76.55,Washington
467,Internet,Laugh federal.,Claro,5G,100GB,112.09,New York
468,Telefonía,Experience number positive final against.,Bitel,4G,Ilimitado,66.72,Virginia
469,Internet,Teacher start site.,Entel,4G,Ilimitado,46.06,New York
470,Telefonía,Green doctor front science.,Bitel,4G,100GB,69.49,New York
471,TV,Market policy tree.,Movistar,Fibra,50GB,55.04,Montana
472,Telefonía,Chair walk stuff break.,Claro,5G,100GB,111.7,Oklahoma
473,Internet,Friend town player heavy.,Bitel,4G,50GB,102.86,Georgia
474,TV,Final must position second.,Claro,5G,50GB,89.03,Arkansas
475,Internet,Whether unit.,Bitel,4G,100GB,48.01,Massachusetts
476,Internet,Million effect tonight management something.,Claro,Fibra,50GB,31.87,South Dakota
477,Telefonía,Away miss dream range condition.,Movistar,4G,Ilimitado,38.25,Massachusetts
478,Internet,See necessary very only it.,Bitel,4G,50GB,78.38,Wisconsin
479,TV,Performance hot scene main building.,Claro,4G,100GB,45.2,Nevada
480,TV,Person radio building.,Bitel,Fibra,Ilimitado,88.8,New York
481,TV,Second trade TV.,Bitel,5G,Ilimitado,33.04,Arizona
482,Internet,Nice fill born million.,Claro,Fibra,50GB,80.6,South Dakota
483,Telefonía,Audience any.,Claro,4G,50GB,101.66,Oklahoma
484,TV,Heart together near.,Entel,4G,100GB,110.87,Ohio
485,TV,Step truth however defense.,Entel,5G,100GB,114.08,Pennsylvania
486,Telefonía,Per recent.,Movistar,4G,Ilimitado,77.26,Michigan
487,Internet,Newspaper down measure power.,Bitel,5G,100GB,42.74,Michigan
488,Telefonía,Beautiful discuss would administration staff.,Bitel,4G,Ilimitado,59.89,Ohio
489,Internet,Agree table along trade war.,Bitel,4G,100GB,97.36,Alabama
490,Telefonía,Tonight good across.,Bitel,4G,50GB,44.74,Virginia
491,Telefonía,Religious resource night.,Claro,Fibra,Ilimitado,76.86,Connecticut
492,Internet,Every down city economic.,Movistar,5G,Ilimitado,67.6,South Dakota
493,Internet,Identify network process time.,Movistar,Fibra,100GB,49.67,Kentucky
494,TV,Reveal mind.,Movistar,4G,Ilimitado,67.77,Georgia
495,Telefonía,Operation you value hit space.,Movistar,4G,100GB,49.4,Colorado
496,Telefonía,Center any daughter.,Movistar,5G,100GB,97.96,Montana
497,Telefonía,Stand bag material.,Bitel,5G,50GB,74.53,Louisiana
498,Telefonía,Plan seven know later nearly.,Claro,4G,50GB,90.32,Texas
499,TV,Ago have home.,Claro,Fibra,100GB,88.63,Idaho
500,TV,Manager table entire.,Entel,Fibra,100GB,111.99,Washington
501,Internet,Science challenge less want.,Entel,5G,Ilimitado,104.0,Nevada
502,Internet,Statement see into.,Entel,5G,100GB,67.5,Louisiana
503,Telefonía,Rule suddenly member.,Movistar,Fibra,100GB,64.54,Nevada
504,Internet,Assume best stand door.,Entel,5G,Ilimitado,81.09,Wisconsin
505,TV,Develop might off issue official.,Movistar,4G,Ilimitado,52.06,New Jersey
506,TV,Long edge standard around they.,Claro,Fibra,50GB,42.69,Kansas
507,Telefonía,Then our production data.,Movistar,Fibra,50GB,92.42,Indiana
508,Internet,Why per tell thus thing.,Claro,5G,50GB,53.24,Idaho
509,Internet,Loss economic half.,Movistar,Fibra,Ilimitado,56.52,West Virginia
510,Telefonía,Focus parent account.,Bitel,5G,100GB,45.37,Alaska
511,Internet,Senior black buy eight student.,Entel,5G,Ilimitado,118.78,Connecticut
512,Telefonía,Talk commercial.,Bitel,5G,100GB,119.67,Arkansas
513,Telefonía,Control difference nor.,Movistar,4G,100GB,49.86,Rhode Island
514,Internet,Because political develop listen church.,Entel,5G,Ilimitado,42.59,New Mexico
515,TV,Far job.,Claro,Fibra,Ilimitado,111.81,Alabama
516,TV,Then modern raise.,Entel,4G,50GB,86.66,South Carolina
517,Telefonía,Leader break.,Claro,Fibra,50GB,98.3,Tennessee
518,Internet,Near like.,Entel,Fibra,100GB,101.66,New York
519,TV,Interest bar method.,Claro,Fibra,100GB,109.03,Delaware
520,TV,Person food smile certain dinner.,Claro,Fibra,50GB,97.61,Maine
521,Internet,Seven pay family way seek.,Bitel,5G,100GB,97.11,California
522,Internet,Suddenly American company.,Entel,4G,100GB,85.35,Illinois
523,TV,Company energy cut develop conference.,Movistar,Fibra,100GB,47.35,South Dakota
524,Internet,Rather people step.,Claro,4G,100GB,93.5,Texas
525,Telefonía,Between true owner eight than.,Entel,5G,100GB,85.58,New Mexico
526,Internet,Method out.,Bitel,5G,100GB,83.65,Alabama
527,Telefonía,Mind standard character.,Bitel,5G,100GB,91.48,South Carolina
528,Telefonía,Other everybody choice.,Entel,5G,Ilimitado,63.91,Nevada
529,Telefonía,Budget age.,Movistar,Fibra,Ilimitado,111.44,Maine
530,Telefonía,Dinner blood million guess.,Bitel,4G,50GB,73.9,New York
531,Telefonía,Street they American within.,Claro,Fibra,Ilimitado,47.89,Kansas
532,Telefonía,Pressure fish technology contain.,Claro,4G,Ilimitado,42.17,Montana
533,Internet,Successful choose see entire cut.,Bitel,4G,Ilimitado,72.26,Washington
534,Internet,Major whose believe main big.,Movistar,4G,50GB,117.24,Florida
535,Telefonía,West fact bit physical.,Entel,4G,50GB,35.49,Ohio
536,TV,Maybe control pull.,Claro,4G,Ilimitado,49.33,Ohio
537,TV,Low color including probably.,Movistar,4G,Ilimitado,50.62,Illinois
538,Internet,Interesting certain.,Movistar,5G,100GB,88.09,New York
539,TV,Service stock power.,Claro,5G,50GB,75.44,Idaho
540,TV,Treatment bit.,Bitel,Fibra,Ilimitado,45.71,South Dakota
541,TV,More star wonder.,Claro,4G,100GB,105.95,Rhode Island
542,Internet,Society high foreign.,Bitel,4G,Ilimitado,33.88,Delaware
543,TV,Structure once page mission.,Claro,5G,Ilimitado,64.43,California
544,Telefonía,Financial race serve.,Entel,4G,50GB,34.93,Wyoming
545,Internet,Day yet control quite wait.,Entel,5G,100GB,49.72,Louisiana
546,Telefonía,Mrs sit wish country.,Bitel,4G,100GB,44.6,Maine
547,TV,She give.,Claro,5G,100GB,92.61,Indiana
548,Telefonía,Cover make work.,Claro,Fibra,Ilimitado,73.45,Maryland
549,TV,Billion figure choice lot mission.,Claro,4G,50GB,59.53,Alaska
550,Telefonía,Improve across usually system.,Claro,4G,100GB,104.54,Montana
551,Telefonía,Next story.,Claro,4G,Ilimitado,50.22,Oklahoma
552,Internet,Strategy travel receive.,Bitel,4G,100GB,67.67,Texas
553,Telefonía,Medical drop respond hotel suffer.,Entel,5G,100GB,71.4,Maryland
554,Internet,Such recognize common book.,Claro,Fibra,Ilimitado,37.55,Vermont
555,Internet,Own administration picture tree run.,Claro,4G,100GB,110.36,Tennessee
556,Internet,Step present.,Claro,4G,100GB,87.99,Maryland
557,TV,Food challenge career bill.,Movistar,Fibra,50GB,106.9,Nevada
558,Internet,Discover direction however south office.,Claro,4G,Ilimitado,36.07,Minnesota
559,TV,Fight interesting go.,Entel,Fibra,Ilimitado,95.54,Missouri
560,Telefonía,Travel situation catch degree employee.,Movistar,5G,100GB,114.46,Montana
561,TV,Modern create become.,Claro,5G,50GB,85.06,Hawaii
562,Internet,Apply possible.,Entel,5G,Ilimitado,49.61,New York
563,TV,Statement decision position.,Entel,4G,100GB,59.25,Kansas
564,Internet,American two region practice move.,Entel,5G,50GB,102.28,Montana
565,TV,Course free cold.,Entel,5G,100GB,35.02,Tennessee
566,Telefonía,Child avoid industry.,Movistar,4G,Ilimitado,117.13,Massachusetts
567,Internet,Establish material.,Claro,4G,100GB,33.52,Missouri
568,Telefonía,Memory soldier relationship.,Entel,5G,100GB,104.54,Wisconsin
569,Telefonía,Benefit appear participant friend.,Entel,5G,100GB,62.36,Florida
570,Internet,Fear best region whose green.,Movistar,Fibra,50GB,70.43,Delaware
571,Telefonía,Political know phone political.,Entel,4G,100GB,42.6,New Mexico
572,Internet,Company pass thing exist.,Bitel,4G,Ilimitado,33.29,Nevada
573,Internet,Draw whole student resource.,Claro,5G,100GB,70.31,Massachusetts
574,Internet,Great system southern huge.,Claro,5G,100GB,105.7,New Jersey
575,Telefonía,Sound operation prevent.,Entel,5G,50GB,33.99,Colorado
576,Internet,So over ball election.,Entel,Fibra,Ilimitado,84.94,Washington
577,TV,Central best its class.,Movistar,Fibra,Ilimitado,51.95,Vermont
578,TV,Realize fall first think.,Movistar,4G,100GB,60.28,New Jersey
579,Telefonía,Member event old because.,Claro,5G,50GB,36.81,Alaska
580,Telefonía,Concern section resource property against.,Movistar,Fibra,Ilimitado,37.67,Nevada
581,TV,People feeling.,Movistar,4G,50GB,91.52,New Jersey
582,Telefonía,Major film human plan.,Bitel,4G,50GB,65.69,Massachusetts
583,TV,Those fear free avoid.,Entel,Fibra,50GB,110.43,Oregon
584,Internet,Chair measure weight.,Movistar,5G,Ilimitado,70.68,North Carolina
585,Internet,Raise language.,Movistar,Fibra,100GB,51.46,Oklahoma
586,Telefonía,Use future land.,Claro,4G,50GB,60.86,Tennessee
587,Telefonía,Some compare.,Movistar,4G,Ilimitado,65.93,Arkansas
588,Telefonía,Else but discussion wonder kitchen.,Bitel,4G,50GB,80.51,Virginia
589,TV,Crime play southern.,Claro,5G,Ilimitado,113.27,Pennsylvania
590,Telefonía,Physical already necessary.,Movistar,4G,100GB,83.0,Colorado
591,Telefonía,Film clearly appear.,Claro,Fibra,100GB,55.96,Delaware
592,TV,Yourself room night.,Claro,4G,100GB,64.86,South Carolina
593,Telefonía,Eye full evidence spend.,Claro,5G,Ilimitado,56.6,Wisconsin
594,Telefonía,Force behind cold.,Entel,5G,100GB,99.89,Alabama
595,Telefonía,Thought affect kind really.,Claro,Fibra,50GB,55.87,New York
596,Telefonía,Time ok that positive.,Movistar,5G,50GB,87.82,Massachusetts
597,Internet,Perhaps particularly simple well.,Entel,4G,50GB,48.98,Florida
598,Internet,Family for same pay political.,Claro,4G,100GB,92.7,Illinois
599,Internet,We billion common tax half.,Bitel,Fibra,Ilimitado,109.86,Georgia
600,TV,Hand difference ask.,Claro,Fibra,50GB,55.43,Tennessee
601,TV,Improve fight kid.,Claro,Fibra,100GB,113.48,New Mexico
602,TV,Various example from consumer.,Bitel,4G,50GB,58.63,Tennessee
603,Telefonía,Probably event yet.,Movistar,4G,100GB,91.62,South Carolina
604,TV,On security visit movie.,Entel,5G,100GB,39.0,Kentucky
605,TV,Suggest forget budget.,Movistar,Fibra,100GB,116.76,Virginia
606,TV,Might rich degree public provide.,Movistar,4G,Ilimitado,82.92,South Dakota
607,Telefonía,Experience house could.,Claro,4G,Ilimitado,76.24,Louisiana
608,Internet,Ago who study.,Bitel,5G,50GB,46.67,Alaska
609,Internet,Chair change explain entire move.,Movistar,5G,100GB,114.99,Colorado
610,Internet,Garden class general.,Bitel,Fibra,100GB,110.98,New Jersey
611,TV,One area.,Entel,4G,50GB,80.88,Nebraska
612,TV,Plan share quality.,Movistar,4G,Ilimitado,102.51,Virginia
613,Telefonía,Provide better thousand north letter.,Entel,4G,Ilimitado,75.18,Florida
614,Telefonía,Marriage put require.,Claro,Fibra,100GB,45.21,Virginia
615,Internet,Because apply hit.,Claro,4G,100GB,60.47,New Mexico
616,TV,Mother firm rule American.,Movistar,5G,Ilimitado,111.89,Arkansas
617,TV,Order argue toward.,Claro,5G,Ilimitado,58.44,Colorado
618,TV,Fall trouble rich determine person.,Claro,Fibra,Ilimitado,85.18,Delaware
619,Telefonía,Life seat artist guy lay.,Claro,5G,Ilimitado,113.77,Colorado
620,Telefonía,Blue western.,Entel,5G,100GB,95.61,Alaska
621,TV,Example probably human.,Claro,4G,Ilimitado,65.24,North Dakota
622,Internet,My decision fine.,Entel,4G,50GB,50.04,Nevada
623,TV,Let first bad.,Claro,4G,Ilimitado,34.22,Massachusetts
624,Telefonía,Crime common church activity hotel.,Bitel,Fibra,50GB,39.4,Colorado
625,TV,These purpose thousand.,Claro,5G,100GB,87.48,Alabama
626,TV,Buy specific be couple.,Entel,5G,Ilimitado,104.37,Indiana
627,Internet,Threat receive task collection.,Claro,5G,Ilimitado,36.24,Washington
628,Internet,Doctor daughter senior record identify.,Bitel,5G,Ilimitado,107.98,Delaware
629,TV,Hit letter study.,Entel,Fibra,50GB,81.21,Connecticut
630,Internet,Marriage throw right perhaps.,Bitel,4G,50GB,113.55,Nevada
631,TV,Something accept avoid sense.,Movistar,Fibra,50GB,118.12,Maine
632,TV,Person people especially wind must.,Entel,Fibra,Ilimitado,83.59,Rhode Island
633,TV,She father believe because.,Entel,4G,100GB,46.39,Kentucky
634,TV,Although deep energy society.,Claro,5G,50GB,51.65,Hawaii
635,Telefonía,Although about begin.,Bitel,Fibra,Ilimitado,77.7,New Mexico
636,TV,Big among mission.,Bitel,Fibra,Ilimitado,64.1,Hawaii
637,TV,Arrive energy green yet.,Claro,4G,50GB,58.82,Nevada
638,Telefonía,Ahead wife continue.,Entel,Fibra,100GB,56.31,North Dakota
639,Internet,Actually eye of.,Claro,4G,50GB,106.78,Mississippi
640,Telefonía,Believe put leader debate.,Claro,Fibra,50GB,114.8,Kansas
641,TV,Case know.,Movistar,5G,50GB,73.44,Utah
642,Internet,Particularly attention you state.,Bitel,4G,100GB,35.48,Illinois
643,Internet,Someone woman.,Movistar,5G,Ilimitado,32.37,Nevada
644,Telefonía,But throughout war.,Movistar,4G,100GB,105.68,Colorado
645,TV,Treat score difficult.,Claro,4G,100GB,117.62,California
646,TV,Organization operation.,Claro,5G,Ilimitado,55.34,Idaho
647,Telefonía,Letter main herself subject.,Claro,5G,Ilimitado,93.88,Rhode Island
648,Telefonía,Resource ahead skill item.,Movistar,Fibra,100GB,103.92,Washington
649,Internet,Treat fast hair event skin.,Movistar,5G,Ilimitado,31.74,Maryland
650,Telefonía,Clearly despite board western.,Entel,4G,100GB,119.99,Delaware
651,Internet,Him ten.,Claro,Fibra,Ilimitado,114.75,Montana
652,TV,College possible both between.,Claro,Fibra,100GB,49.83,Kentucky
653,Internet,His always very.,Bitel,Fibra,100GB,110.67,Idaho
654,Telefonía,Test question style price.,Bitel,Fibra,Ilimitado,35.32,Iowa
655,Internet,Take ground career receive.,Claro,4G,Ilimitado,68.16,New Hampshire
656,TV,Nothing heavy former choice level.,Bitel,4G,100GB,110.88,Georgia
657,Internet,Police Republican goal recent.,Bitel,5G,100GB,48.81,Utah
658,Telefonía,Southern cultural.,Bitel,4G,100GB,50.37,Oklahoma
659,Internet,Ability impact be travel apply.,Bitel,5G,50GB,58.95,Connecticut
660,Telefonía,Run place.,Movistar,4G,Ilimitado,97.47,Alabama
661,TV,Particularly century know prepare on.,Movistar,5G,100GB,49.14,Nebraska
662,Internet,Maintain buy hair.,Movistar,5G,50GB,97.13,Arizona
663,TV,Three we.,Movistar,5G,Ilimitado,75.53,Washington
664,Internet,Eat hundred tend fill half.,Movistar,Fibra,Ilimitado,119.74,Wisconsin
665,Internet,Throughout must least.,Entel,Fibra,50GB,103.63,Alabama
666,TV,Career meet mention apply else.,Movistar,5G,Ilimitado,106.88,Minnesota
667,Internet,Degree capital against.,Entel,4G,50GB,32.8,South Dakota
668,Internet,Decision short.,Entel,5G,50GB,53.44,Oregon
669,TV,After degree loss choice.,Entel,Fibra,100GB,43.53,Mississippi
670,TV,Share exist partner series.,Entel,5G,50GB,106.07,Kansas
671,Telefonía,Cost draw.,Entel,4G,Ilimitado,90.89,Kansas
672,TV,Want bar interview section success.,Entel,4G,Ilimitado,83.3,Minnesota
673,Internet,Cause cultural performance.,Entel,4G,50GB,63.92,New Mexico
674,Telefonía,Safe especially.,Movistar,Fibra,50GB,74.06,Rhode Island
675,TV,Perhaps lead.,Claro,Fibra,100GB,69.31,Georgia
676,Telefonía,Rest today huge.,Entel,4G,Ilimitado,32.03,Georgia
677,TV,Project culture.,Bitel,5G,Ilimitado,63.08,Louisiana
678,TV,Clearly course.,Entel,Fibra,Ilimitado,60.45,Maine
679,TV,Animal cut way.,Movistar,Fibra,100GB,107.3,Kentucky
680,Telefonía,Ok minute could relate.,Entel,Fibra,50GB,68.29,Maine
681,Telefonía,Act bring.,Bitel,4G,Ilimitado,91.94,Indiana
682,TV,Thank beyond into course really.,Claro,Fibra,Ilimitado,86.28,Montana
683,Telefonía,Challenge news expect.,Bitel,4G,Ilimitado,92.3,Florida
684,TV,Or tend word sell list.,Movistar,5G,Ilimitado,76.84,Hawaii
685,Internet,Run yeah win.,Bitel,Fibra,Ilimitado,73.47,South Carolina
686,TV,Model goal first.,Bitel,4G,Ilimitado,53.57,Minnesota
687,TV,Study particularly close approach born.,Bitel,5G,Ilimitado,105.83,South Carolina
688,Internet,Toward realize soldier senior.,Entel,Fibra,100GB,37.12,Arkansas
689,Internet,Easy bring.,Movistar,Fibra,100GB,37.6,Colorado
690,Internet,Whom base off this.,Bitel,4G,Ilimitado,61.89,Kentucky
691,Telefonía,Because call.,Entel,4G,50GB,69.95,Minnesota
692,Telefonía,Follow model final.,Claro,4G,50GB,36.07,Virginia
693,Internet,Mouth what follow.,Claro,5G,100GB,88.15,North Dakota
694,TV,Focus study series.,Movistar,4G,100GB,56.33,Illinois
695,TV,Production special tough.,Entel,Fibra,100GB,62.29,New Jersey
696,TV,Walk evening positive wrong risk.,Claro,Fibra,100GB,67.72,Ohio
697,Telefonía,Admit consumer trade nation future.,Bitel,4G,Ilimitado,64.05,Oklahoma
698,TV,Force theory training.,Claro,4G,Ilimitado,103.68,Maine
699,Telefonía,Serious national plant Mr.,Movistar,4G,100GB,115.54,Colorado
700,Internet,Marriage scene than customer.,Bitel,4G,50GB,33.08,Montana
701,Telefonía,Seem eight weight mean avoid.,Claro,4G,Ilimitado,106.18,Utah
702,TV,Less toward scene how.,Movistar,5G,100GB,50.84,Florida
703,Internet,Energy as some.,Claro,4G,Ilimitado,57.55,Wisconsin
704,Internet,Mission administration clearly.,Entel,Fibra,Ilimitado,107.18,Michigan
705,Telefonía,Skin campaign line sure across.,Claro,5G,100GB,46.65,Nebraska
706,TV,Other sort leader once.,Bitel,4G,Ilimitado,109.96,Pennsylvania
707,Internet,Degree center range leg walk.,Bitel,5G,50GB,72.32,Utah
708,TV,Inside play base step.,Movistar,4G,Ilimitado,116.56,Kansas
709,Internet,Both door alone away fund.,Entel,Fibra,100GB,38.62,North Carolina
710,Telefonía,Either word.,Entel,Fibra,Ilimitado,40.71,Minnesota
711,Telefonía,Tree hit thing.,Movistar,4G,100GB,61.9,Missouri
712,TV,Staff father.,Bitel,Fibra,Ilimitado,80.98,Utah
713,TV,Pressure would reason.,Claro,5G,Ilimitado,79.24,California
714,Telefonía,Network cultural top.,Claro,4G,Ilimitado,57.08,Virginia
715,Telefonía,Prevent themselves up dog our.,Movistar,5G,Ilimitado,102.43,Oregon
716,Internet,Meet us service.,Claro,5G,100GB,95.74,Alabama
717,TV,With country.,Claro,Fibra,Ilimitado,44.97,Connecticut
718,Internet,Side really family.,Movistar,5G,100GB,102.64,Utah
719,Telefonía,American southern situation.,Movistar,5G,100GB,100.86,Pennsylvania
720,TV,Even group interesting thus.,Entel,5G,Ilimitado,49.4,Nevada
721,Internet,Water away weight it.,Entel,4G,Ilimitado,36.49,Virginia
722,Telefonía,Table everybody class could.,Claro,5G,50GB,68.98,North Dakota
723,Telefonía,None employee.,Movistar,4G,50GB,116.17,Florida
724,Internet,Wall night run.,Entel,Fibra,100GB,39.58,New Mexico
725,Internet,Part quite.,Entel,4G,50GB,56.43,Kentucky
726,Telefonía,Still kitchen employee.,Movistar,4G,50GB,64.59,Montana
727,Telefonía,Bed employee assume site teach.,Bitel,Fibra,100GB,82.9,New Jersey
728,TV,Interview large person admit adult.,Bitel,5G,Ilimitado,84.85,Hawaii
729,TV,Interesting in instead.,Bitel,5G,100GB,57.47,Kansas
730,TV,Threat speak.,Entel,4G,100GB,76.61,Massachusetts
731,Telefonía,Name son option way.,Bitel,Fibra,Ilimitado,46.42,Vermont
732,TV,Report ever bed true on.,Entel,4G,100GB,41.03,Virginia
733,TV,Age response fact.,Entel,4G,Ilimitado,112.24,Vermont
734,Internet,Leader people very give ten.,Entel,5G,100GB,67.03,Massachusetts
735,Telefonía,Pm very important.,Bitel,5G,100GB,116.45,Florida
736,Telefonía,Serious parent exactly hard goal.,Bitel,Fibra,Ilimitado,114.78,Minnesota
737,TV,Create decide record other effect.,Claro,4G,Ilimitado,92.36,Colorado
738,Internet,Option those treat.,Bitel,5G,Ilimitado,107.24,New Mexico
739,Telefonía,Too allow.,Claro,4G,Ilimitado,51.57,Arkansas
740,Internet,Decision ahead there manager.,Entel,5G,Ilimitado,50.94,New York
741,TV,Politics bed exactly.,Claro,5G,100GB,79.91,North Carolina
742,Internet,Bring one western data cover.,Movistar,4G,50GB,73.95,North Carolina
743,TV,Piece foot two without anything.,Entel,4G,50GB,67.99,Pennsylvania
744,Internet,Us heavy resource scene.,Claro,Fibra,50GB,86.56,Virginia
745,Telefonía,Model determine.,Claro,Fibra,50GB,93.23,West Virginia
746,Telefonía,Floor then very everyone.,Bitel,5G,100GB,40.43,Florida
747,TV,Kid door cup little less.,Claro,5G,100GB,78.99,South Carolina
748,TV,Line place.,Entel,5G,Ilimitado,74.34,Maryland
749,TV,Coach walk kitchen.,Movistar,4G,Ilimitado,117.32,Hawaii
750,TV,Simply avoid fly name.,Movistar,4G,100GB,94.57,Idaho
751,TV,Imagine budget build.,Movistar,Fibra,100GB,47.34,New York
752,Telefonía,Draw their trip that.,Bitel,4G,100GB,114.12,Idaho
753,Internet,Left debate many.,Bitel,5G,50GB,34.44,Nebraska
754,Internet,Job senior.,Claro,4G,100GB,117.37,Wyoming
755,Telefonía,Culture cut opportunity force.,Entel,4G,Ilimitado,109.23,Kentucky
756,TV,Measure go tax.,Claro,Fibra,100GB,36.43,Iowa
757,Internet,Situation figure understand per care.,Movistar,5G,100GB,92.94,Montana
758,Telefonía,True admit none down.,Claro,5G,Ilimitado,119.8,Delaware
759,Internet,Worry old focus.,Bitel,4G,100GB,75.94,Mississippi
760,Telefonía,Those identify.,Bitel,Fibra,100GB,55.4,Kentucky
761,Telefonía,Thing reveal at write.,Movistar,5G,Ilimitado,63.34,New Mexico
762,Telefonía,A total.,Bitel,Fibra,100GB,47.2,South Dakota
763,Telefonía,Argue commercial hot approach.,Claro,4G,100GB,39.22,Wisconsin
764,TV,Matter speech weight human.,Bitel,Fibra,50GB,72.1,Maine
765,Internet,Government color trip set.,Claro,5G,Ilimitado,43.36,New Jersey
766,Telefonía,Traditional soldier station.,Claro,Fibra,50GB,82.27,Delaware
767,TV,Arrive adult.,Entel,5G,100GB,62.57,Washington
768,Telefonía,Dinner employee arm major job.,Claro,4G,50GB,82.57,California
769,Telefonía,Arrive kitchen.,Movistar,4G,50GB,44.69,Montana
770,Telefonía,Protect rock different free guess.,Claro,5G,100GB,59.96,Oregon
771,Internet,Weight certain heart including.,Bitel,4G,Ilimitado,92.97,Indiana
772,TV,Offer benefit.,Movistar,4G,Ilimitado,33.3,Kentucky
773,TV,Conference past.,Entel,5G,100GB,36.41,New Hampshire
774,Internet,Good physical treatment increase.,Movistar,Fibra,Ilimitado,35.57,North Dakota
775,TV,He agency.,Entel,4G,Ilimitado,91.67,New Jersey
776,Telefonía,Agree question just real.,Movistar,5G,Ilimitado,46.79,Pennsylvania
777,Internet,Investment authority plan purpose.,Entel,5G,100GB,49.95,Louisiana
778,Telefonía,Music cold learn.,Entel,4G,100GB,51.73,Missouri
779,Internet,Recognize college huge.,Bitel,5G,100GB,47.03,California
780,Telefonía,Test candidate fire activity.,Entel,5G,50GB,95.33,Illinois
781,Internet,Develop team.,Bitel,4G,Ilimitado,40.44,Vermont
782,Telefonía,Dog skill box.,Claro,4G,Ilimitado,105.25,Maryland
783,Internet,Dream degree find simply owner.,Claro,Fibra,50GB,51.9,Nebraska
784,Internet,Reason hundred natural.,Bitel,5G,Ilimitado,45.88,Vermont
785,Internet,List action amount present.,Claro,4G,50GB,54.21,Arkansas
786,TV,Life address its citizen perform.,Bitel,4G,Ilimitado,85.58,Tennessee
787,Telefonía,Energy car.,Claro,5G,50GB,55.93,Washington
788,TV,Call form next.,Claro,Fibra,50GB,86.14,Montana
789,Internet,Security attorney material wrong.,Claro,Fibra,100GB,57.37,Utah
790,Internet,Worry someone later American much.,Claro,4G,50GB,38.87,Idaho
791,TV,Red least these pick.,Entel,Fibra,Ilimitado,95.75,Indiana
792,Telefonía,Ago sport listen more Democrat.,Entel,Fibra,Ilimitado,55.58,Connecticut
793,Internet,Minute operation need.,Bitel,4G,50GB,95.18,Montana
794,TV,Brother beat song she.,Entel,4G,Ilimitado,33.21,Louisiana
795,Telefonía,Commercial PM success character.,Movistar,4G,Ilimitado,47.42,West Virginia
796,Internet,Tend song professor produce.,Claro,5G,Ilimitado,85.9,Wyoming
797,Internet,Thus forward last citizen gas.,Bitel,Fibra,100GB,61.4,Alaska
798,TV,Go seven.,Entel,Fibra,100GB,94.93,Washington
799,Internet,Participant run only small state.,Movistar,5G,100GB,78.09,California
800,Telefonía,Card second as.,Movistar,Fibra,100GB,53.0,Arizona
801,Telefonía,Factor within trouble.,Entel,Fibra,Ilimitado,53.83,Utah
802,TV,Memory message family total.,Movistar,5G,50GB,39.81,Maryland
803,Telefonía,Wish tree high store pattern.,Movistar,5G,50GB,44.82,Rhode Island
804,Telefonía,Give high soon your probably.,Claro,Fibra,100GB,118.73,North Carolina
805,Internet,Air page buy stuff.,Movistar,Fibra,50GB,52.33,Kentucky
806,Telefonía,Guy trade.,Claro,5G,Ilimitado,44.18,Montana
807,Internet,Major practice make.,Claro,5G,100GB,76.22,New Jersey
808,Telefonía,Space glass now.,Claro,5G,100GB,55.34,Minnesota
809,Internet,Thing never different.,Movistar,4G,50GB,37.46,Massachusetts
810,Internet,Lot likely.,Claro,4G,Ilimitado,31.05,Alabama
811,TV,Risk firm seem leader.,Entel,4G,50GB,55.57,New Hampshire
812,TV,Relationship thing total lot.,Claro,5G,Ilimitado,72.65,Illinois
813,Telefonía,Remain owner.,Bitel,5G,100GB,109.49,Kansas
814,Telefonía,Bad commercial back exactly.,Movistar,5G,50GB,90.04,Connecticut
815,Internet,Mr anyone imagine myself.,Bitel,5G,50GB,108.83,Utah
816,Telefonía,Final right place serve hear.,Entel,4G,Ilimitado,111.29,South Carolina
817,Internet,Fly owner skin.,Claro,4G,50GB,100.99,West Virginia
818,Telefonía,Back fine point.,Movistar,4G,100GB,44.46,Washington
819,Telefonía,Head once yourself account.,Movistar,4G,50GB,97.9,Idaho
820,Telefonía,Happy evening manage.,Claro,Fibra,100GB,118.77,California
821,Internet,Stand soon.,Bitel,4G,Ilimitado,72.4,Arizona
822,Telefonía,Glass media meet student kitchen.,Entel,5G,50GB,83.91,Georgia
823,Telefonía,Any site.,Movistar,Fibra,Ilimitado,50.38,Pennsylvania
824,Internet,Point goal such school painting.,Entel,4G,50GB,43.52,Indiana
825,Telefonía,Late organization.,Claro,5G,Ilimitado,66.64,Rhode Island
826,TV,Support improve ability reduce.,Claro,4G,50GB,91.61,Connecticut
827,TV,Pull look chance note.,Bitel,5G,100GB,50.89,Oregon
828,TV,These relationship.,Claro,Fibra,100GB,73.03,Utah
829,Telefonía,Population yard throughout much.,Bitel,4G,Ilimitado,70.62,Connecticut
830,TV,Appear view respond.,Claro,4G,50GB,62.98,South Carolina
831,TV,Star energy.,Claro,4G,Ilimitado,37.07,Maine
832,TV,Whom read last painting.,Movistar,5G,50GB,88.97,Kansas
833,TV,Laugh step your Mr.,Movistar,Fibra,50GB,40.01,New Jersey
834,Internet,Discussion among event whom class.,Claro,5G,Ilimitado,46.81,South Dakota
835,Telefonía,Really share.,Claro,4G,Ilimitado,93.01,Washington
836,Telefonía,Imagine ten discover.,Entel,5G,100GB,92.46,New Hampshire
837,Telefonía,Democrat change.,Claro,5G,100GB,98.79,Oklahoma
838,Internet,Administration fall image move he.,Claro,5G,100GB,71.65,South Carolina
839,Telefonía,Surface could bar.,Movistar,5G,Ilimitado,119.31,Oregon
840,Internet,Focus light scene issue.,Bitel,Fibra,50GB,63.65,Mississippi
841,Telefonía,Look view rich.,Claro,4G,100GB,98.23,Louisiana
842,TV,The industry a young.,Entel,Fibra,100GB,76.44,Louisiana
843,Telefonía,Friend face include.,Claro,5G,Ilimitado,71.49,Minnesota
844,Internet,Better which air.,Claro,Fibra,50GB,68.1,Mississippi
845,TV,Feel those marriage more.,Movistar,Fibra,Ilimitado,35.67,South Carolina
846,Telefonía,Audience lose fine author.,Bitel,5G,50GB,76.59,Alaska
847,TV,Hold about majority memory ground.,Claro,5G,100GB,52.73,Nebraska
848,TV,Member bring son account.,Claro,4G,100GB,69.26,Texas
849,Telefonía,Gas attention movement.,Bitel,4G,100GB,58.86,West Virginia
850,TV,Idea argue.,Claro,Fibra,50GB,55.36,Washington
851,Internet,Property why might value.,Movistar,5G,50GB,65.57,Minnesota
852,Internet,Policy month.,Movistar,5G,50GB,93.88,West Virginia
853,Telefonía,Upon describe.,Entel,5G,50GB,95.51,Massachusetts
854,TV,Safe actually way data house.,Bitel,4G,Ilimitado,51.05,Alabama
855,TV,Foreign because they consumer analysis.,Bitel,4G,Ilimitado,75.45,Oklahoma
856,TV,Themselves wide American participant.,Entel,5G,50GB,68.62,Alaska
857,Telefonía,Product deal study detail.,Entel,4G,100GB,70.57,Rhode Island
858,TV,Director structure.,Movistar,Fibra,50GB,107.89,Hawaii
859,Internet,Effort sing by modern fire.,Entel,5G,100GB,50.75,Connecticut
860,Telefonía,Three stay employee.,Claro,5G,100GB,113.08,Maryland
861,TV,Mrs enough somebody.,Movistar,Fibra,Ilimitado,59.92,Louisiana
862,Internet,Notice star cold.,Bitel,5G,Ilimitado,70.83,Wisconsin
863,Telefonía,Detail deep technology.,Claro,5G,50GB,73.47,Wyoming
864,TV,Scientist economy pretty.,Bitel,Fibra,Ilimitado,48.17,Indiana
865,Telefonía,Traditional education company.,Claro,5G,Ilimitado,77.77,Washington
866,TV,Writer here door.,Entel,5G,100GB,30.39,South Carolina
867,TV,Month company film organization try.,Claro,4G,Ilimitado,78.22,Virginia
868,Telefonía,Last allow life into officer.,Bitel,5G,50GB,109.95,Maryland
869,Internet,Item seven generation always.,Bitel,5G,100GB,39.41,Illinois
870,Internet,Full accept call not special.,Claro,4G,Ilimitado,36.79,Pennsylvania
871,Internet,Nothing attorney guess world under.,Claro,4G,100GB,75.01,Wyoming
872,Telefonía,Thing next allow.,Entel,5G,Ilimitado,97.83,Kansas
873,Internet,Large job.,Claro,Fibra,50GB,91.3,West Virginia
874,TV,Dream raise old.,Claro,Fibra,Ilimitado,75.89,Arkansas
875,Telefonía,Speak figure behind face.,Bitel,4G,Ilimitado,91.87,Georgia
876,TV,Artist account it.,Bitel,4G,50GB,113.44,South Carolina
877,Telefonía,Analysis rather easy sing condition.,Entel,4G,Ilimitado,113.64,Georgia
878,TV,Front cold church base.,Bitel,5G,50GB,62.84,Nebraska
879,TV,Place people citizen true.,Bitel,Fibra,100GB,82.23,Delaware
880,TV,Team develop office.,Bitel,4G,Ilimitado,57.97,Idaho
881,Internet,Officer just character idea.,Claro,4G,50GB,42.08,New Jersey
882,Telefonía,Interesting election.,Claro,Fibra,50GB,51.18,Minnesota
883,Internet,Section ability.,Bitel,5G,50GB,52.01,Kentucky
884,TV,Including how.,Claro,Fibra,Ilimitado,91.08,Missouri
885,Internet,How result hospital want.,Movistar,4G,Ilimitado,74.13,Virginia
886,Telefonía,Job step section.,Movistar,Fibra,100GB,50.95,Michigan
887,Telefonía,Drive mouth wish spend.,Bitel,4G,Ilimitado,60.04,Maryland
888,Telefonía,Professional choice.,Entel,4G,50GB,44.23,Rhode Island
889,Telefonía,Church cup cut.,Claro,Fibra,Ilimitado,50.49,North Dakota
890,Telefonía,Leg approach expert.,Bitel,4G,50GB,79.83,Wyoming
891,TV,Participant vote still exactly.,Claro,5G,Ilimitado,65.58,Indiana
892,Telefonía,Popular big identify.,Entel,Fibra,50GB,32.88,Minnesota
893,TV,Area big since prevent traditional.,Entel,4G,Ilimitado,50.32,West Virginia
894,Telefonía,Level police coach art.,Entel,4G,50GB,35.58,Texas
895,Telefonía,Window relate moment.,Entel,4G,Ilimitado,118.29,Ohio
896,Telefonía,Among point owner free poor.,Movistar,5G,Ilimitado,65.1,Montana
897,Telefonía,Task argue.,Bitel,5G,100GB,61.36,Kansas
898,Telefonía,Board goal wind.,Claro,5G,50GB,32.66,Iowa
899,Internet,True according policy popular reality.,Movistar,4G,50GB,45.0,New Jersey
900,TV,Color according seek attack.,Movistar,Fibra,50GB,38.37,California
901,Internet,Political serve surface eight.,Movistar,5G,100GB,90.09,Ohio
902,Telefonía,Paper help create.,Movistar,5G,Ilimitado,80.02,Pennsylvania
903,Internet,Case alone speech.,Claro,5G,100GB,92.84,Florida
904,Internet,Add end dog.,Bitel,5G,50GB,37.92,California
905,Internet,Since item anything.,Bitel,Fibra,100GB,90.05,Oregon
906,Telefonía,Order business leg.,Movistar,Fibra,50GB,35.9,New York
907,Telefonía,Similar my story upon fall.,Movistar,4G,50GB,37.03,Kansas
908,Telefonía,Up try morning.,Entel,4G,50GB,81.58,North Dakota
909,Internet,It paper wind fund dog.,Claro,4G,Ilimitado,91.14,Alabama
910,TV,Television over allow.,Bitel,Fibra,Ilimitado,32.2,Oregon
911,TV,Whole performance.,Entel,5G,50GB,38.63,Florida
912,TV,Future serious grow.,Claro,5G,Ilimitado,116.65,Virginia
913,Telefonía,Choose specific face.,Bitel,Fibra,50GB,97.97,Kentucky
914,TV,Avoid eye foreign approach.,Movistar,4G,50GB,48.97,Washington
915,TV,View television plant mention.,Bitel,Fibra,100GB,83.03,Alabama
916,Telefonía,Care guess possible free.,Bitel,5G,Ilimitado,43.98,Ohio
917,TV,Break defense community.,Entel,Fibra,50GB,93.5,Minnesota
918,TV,Memory better two.,Entel,Fibra,100GB,62.76,Alaska
919,Internet,Bank however sense accept.,Bitel,Fibra,100GB,66.83,Colorado
920,Telefonía,Away window shoulder contain.,Entel,4G,50GB,108.61,Oklahoma
921,Telefonía,Left across subject role.,Movistar,Fibra,100GB,42.82,Connecticut
922,Telefonía,Hard learn hotel line.,Movistar,4G,Ilimitado,111.55,Alaska
923,Internet,Those she difference occur east.,Entel,4G,Ilimitado,34.31,Georgia
924,TV,Explain at off save.,Movistar,5G,100GB,78.39,New York
925,TV,Test authority fine.,Claro,Fibra,Ilimitado,61.81,Massachusetts
926,TV,Church street possible TV series.,Claro,5G,100GB,49.27,Rhode Island
927,Telefonía,Under something.,Claro,5G,50GB,62.26,Missouri
928,Internet,Late cold add.,Bitel,Fibra,50GB,101.07,Illinois
929,TV,Enter book hear source.,Movistar,4G,100GB,71.94,Pennsylvania
930,Internet,Act himself chair stand budget.,Bitel,Fibra,50GB,91.18,Mississippi
931,Internet,Central activity.,Bitel,Fibra,50GB,91.56,Nevada
932,TV,Upon heart successful.,Bitel,5G,Ilimitado,98.08,Louisiana
933,Telefonía,Later popular high education voice.,Movistar,4G,100GB,87.15,Arizona
934,Internet,Order impact get.,Movistar,4G,Ilimitado,103.33,New York
935,Telefonía,Whose someone thousand.,Movistar,4G,Ilimitado,35.96,Michigan
936,Internet,Turn have few how significant.,Entel,Fibra,50GB,70.52,Michigan
937,Internet,Try cause think them.,Bitel,4G,100GB,66.24,New Jersey
938,TV,Score Mrs doctor idea.,Claro,4G,100GB,61.11,New Mexico
939,TV,Rich down.,Entel,5G,100GB,39.16,Massachusetts
940,Telefonía,Floor save fact.,Movistar,5G,50GB,41.14,Arizona
941,Telefonía,Future program politics same.,Bitel,4G,100GB,113.87,Washington
942,Internet,Teach grow produce.,Entel,4G,50GB,41.92,Maryland
943,TV,Film federal current manager.,Movistar,4G,Ilimitado,107.84,Wisconsin
944,Internet,Letter contain.,Bitel,4G,100GB,54.37,Montana
945,Telefonía,Perform ever claim.,Claro,5G,100GB,88.76,West Virginia
946,Internet,Idea forget tough friend.,Claro,Fibra,100GB,117.17,New Jersey
947,Telefonía,Meeting report.,Movistar,5G,100GB,83.76,Massachusetts
948,TV,Already space fine strong environmental.,Entel,Fibra,100GB,32.26,Kentucky
949,TV,Shake pick economy.,Entel,4G,Ilimitado,93.52,Massachusetts
950,Internet,Admit along already fall.,Claro,5G,50GB,97.62,Kentucky
951,TV,Them term put.,Entel,5G,100GB,41.64,Oklahoma
952,TV,Study under economy.,Bitel,5G,50GB,118.76,South Dakota
953,TV,Measure word herself discuss.,Bitel,4G,100GB,72.36,Connecticut
954,Telefonía,Nature later trip stand begin.,Bitel,Fibra,50GB,48.3,Vermont
955,TV,Foreign ok customer yourself.,Claro,5G,Ilimitado,63.07,Idaho
956,TV,Garden wide hair.,Entel,5G,50GB,72.47,Missouri
957,Internet,We senior if.,Movistar,Fibra,100GB,63.12,South Carolina
958,TV,Three money say.,Claro,4G,50GB,95.75,Nebraska
959,TV,You imagine deal along.,Entel,5G,100GB,90.07,Nevada
960,Telefonía,Here between staff someone.,Movistar,4G,100GB,50.24,Virginia
961,Telefonía,History bad teacher.,Movistar,4G,50GB,59.14,North Dakota
962,Telefonía,Start leader difficult themselves.,Movistar,Fibra,100GB,97.75,West Virginia
963,TV,Because natural.,Movistar,Fibra,100GB,78.53,Iowa
964,Internet,Capital all wonder.,Movistar,5G,Ilimitado,56.65,South Carolina
965,Telefonía,Officer official necessary.,Claro,4G,100GB,77.66,Indiana
966,Internet,Major foreign experience.,Bitel,4G,50GB,60.96,Minnesota
967,Telefonía,Good trip fly foreign.,Movistar,Fibra,Ilimitado,37.27,Rhode Island
968,Internet,View paper song election.,Movistar,4G,50GB,41.12,Ohio
969,Telefonía,Computer color maintain sure.,Movistar,4G,50GB,79.5,Kansas
970,Internet,Camera article.,Entel,Fibra,50GB,103.69,Illinois
971,TV,Sure cut phone capital.,Claro,4G,100GB,51.9,Nebraska
972,Telefonía,South TV.,Claro,Fibra,50GB,78.98,Alaska
973,Telefonía,Expect where nature.,Movistar,Fibra,Ilimitado,75.09,Illinois
974,Telefonía,Discover message his wonder.,Claro,Fibra,100GB,92.63,Maine
975,TV,Tax seat author western.,Claro,Fibra,Ilimitado,103.66,New York
976,Internet,National mean tonight often prepare.,Entel,4G,100GB,66.52,Indiana
977,Telefonía,Case phone discussion.,Claro,Fibra,Ilimitado,104.69,Utah
978,TV,Finally sister know inside.,Claro,Fibra,50GB,115.14,North Dakota
979,TV,Threat south blood.,Bitel,5G,100GB,97.09,North Carolina
980,TV,Answer section range structure.,Claro,Fibra,50GB,90.6,Illinois
981,Internet,Song under despite source.,Entel,Fibra,Ilimitado,58.3,Michigan
982,Telefonía,Kind finish chair.,Bitel,Fibra,100GB,71.26,Michigan
983,TV,Nature response.,Claro,5G,50GB,31.09,Nebraska
984,Telefonía,Too building.,Movistar,4G,50GB,93.09,Texas
985,TV,Agent other although game catch.,Bitel,Fibra,50GB,111.41,Alabama
986,Telefonía,After skill.,Claro,Fibra,Ilimitado,35.34,Alabama
987,Telefonía,Marriage teach.,Claro,4G,100GB,57.56,Tennessee
988,TV,Hour success television of.,Bitel,4G,100GB,80.21,Tennessee
989,Internet,Wife together ten set.,Movistar,4G,100GB,32.48,New Mexico
990,Telefonía,Do soldier of recently company.,Bitel,5G,50GB,33.04,Washington
991,Telefonía,Manage might try rise.,Movistar,Fibra,50GB,110.54,Mississippi
992,Internet,Follow game prevent smile.,Claro,5G,50GB,112.62,Pennsylvania
993,TV,From best for.,Claro,5G,Ilimitado,93.18,Delaware
994,Telefonía,There expert treat save offer.,Claro,5G,100GB,68.26,Nebraska
995,Internet,Throughout test finish woman choose.,Entel,4G,50GB,54.46,Montana
996,Internet,Rise example cut.,Claro,Fibra,50GB,107.51,Michigan
997,Telefonía,Chance garden.,Bitel,Fibra,Ilimitado,103.07,Rhode Island
998,Internet,Lawyer guess involve career.,Bitel,5G,Ilimitado,41.6,Vermont
999,TV,Common but not.,Movistar,4G,50GB,56.12,New Mexico
1000,Internet,I kitchen read.,Entel,5G,100GB,82.38,Alabama
